book,sport,event_id,event_start_time,home_team,away_team,market_type,outcome,opening_price,current_price,price_movement,opening_line,current_line,line_movement,last_updated
betonlineag,MMA,0068bfd36cef60b3e373c762b5b6338a,2026-05-17T00:00:00+00:00,Nate Diaz,Mike Perry,moneyline,away,-200,-200,0,,,,2026-05-09T19:10:15.700893+00:00
betonlineag,MMA,0068bfd36cef60b3e373c762b5b6338a,2026-05-17T00:00:00+00:00,Nate Diaz,Mike Perry,moneyline,home,170,170,0,,,,2026-05-09T19:10:15.700893+00:00
betonlineag,MMA,012b59200f05722787e034d649f2f846,2026-05-17T00:00:00+00:00,Malcolm Wellmaker,Juan Diaz,moneyline,away,180,185,5,,,,2026-05-09T19:10:15.700893+00:00
betonlineag,MMA,012b59200f05722787e034d649f2f846,2026-05-17T00:00:00+00:00,Malcolm Wellmaker,Juan Diaz,moneyline,home,-210,-220,-10,,,,2026-05-09T19:10:15.700893+00:00
betonlineag,MMA,05b3dc3515568962c8e7351c06ff69c0,2026-06-28T02:00:00+00:00,Merab Dvalishvili,Petr Yan,moneyline,away,-175,-175,0,,,,2026-05-09T19:10:15.700893+00:00
betonlineag,MMA,05b3dc3515568962c8e7351c06ff69c0,2026-06-28T02:00:00+00:00,Merab Dvalishvili,Petr Yan,moneyline,home,150,150,0,,,,2026-05-09T19:10:15.700893+00:00
betonlineag,MMA,11f1f6ad671bf2a26f4a7406aaa47c5e,2026-05-17T00:00:00+00:00,Nikolay Veretennikov,Khaos Williams,moneyline,away,-125,-125,0,,,,2026-05-09T19:10:15.700893+00:00
draftkings,MMA,11f1f6ad671bf2a26f4a7406aaa47c5e,2026-05-17T00:00:00+00:00,Nikolay Veretennikov,Khaos Williams,moneyline,away,-125,-125,0,,,,2026-05-09T19:10:15.700893+00:00
betmgm,MMA,11f1f6ad671bf2a26f4a7406aaa47c5e,2026-05-17T00:00:00+00:00,Nikolay Veretennikov,Khaos Williams,moneyline,away,-125,-125,0,,,,2026-05-09T19:10:15.700893+00:00
betonlineag,MMA,11f1f6ad671bf2a26f4a7406aaa47c5e,2026-05-17T00:00:00+00:00,Nikolay Veretennikov,Khaos Williams,moneyline,home,105,105,0,,,,2026-05-09T19:10:15.700893+00:00
draftkings,MMA,11f1f6ad671bf2a26f4a7406aaa47c5e,2026-05-17T00:00:00+00:00,Nikolay Veretennikov,Khaos Williams,moneyline,home,105,105,0,,,,2026-05-09T19:10:15.700893+00:00
betmgm,MMA,11f1f6ad671bf2a26f4a7406aaa47c5e,2026-05-17T00:00:00+00:00,Nikolay Veretennikov,Khaos Williams,moneyline,home,100,100,0,,,,2026-05-09T19:10:15.700893+00:00
draftkings,MMA,1976a9195475f1efe57d2c1a3a85c019,2026-05-10T02:45:00+00:00,Tatsuro Taira,Joshua Van,moneyline,away,160,130,-30,,,,2026-05-09T19:10:15.700893+00:00
betonlineag,MMA,1976a9195475f1efe57d2c1a3a85c019,2026-05-10T02:45:00+00:00,Tatsuro Taira,Joshua Van,moneyline,away,150,142,-8,,,,2026-05-09T19:10:15.700893+00:00
fanduel,MMA,1976a9195475f1efe57d2c1a3a85c019,2026-05-10T02:45:00+00:00,Tatsuro Taira,Joshua Van,moneyline,away,164,136,-28,,,,2026-05-09T19:10:15.700893+00:00
betmgm,MMA,1976a9195475f1efe57d2c1a3a85c019,2026-05-10T02:45:00+00:00,Tatsuro Taira,Joshua Van,moneyline,away,165,130,-35,,,,2026-05-09T19:10:15.700893+00:00
draftkings,MMA,1976a9195475f1efe57d2c1a3a85c019,2026-05-10T02:45:00+00:00,Tatsuro Taira,Joshua Van,moneyline,home,-192,-155,37,,,,2026-05-09T19:10:15.700893+00:00
betonlineag,MMA,1976a9195475f1efe57d2c1a3a85c019,2026-05-10T02:45:00+00:00,Tatsuro Taira,Joshua Van,moneyline,home,-175,-162,13,,,,2026-05-09T19:10:15.700893+00:00
fanduel,MMA,1976a9195475f1efe57d2c1a3a85c019,2026-05-10T02:45:00+00:00,Tatsuro Taira,Joshua Van,moneyline,home,-215,-162,53,,,,2026-05-09T19:10:15.700893+00:00
betmgm,MMA,1976a9195475f1efe57d2c1a3a85c019,2026-05-10T02:45:00+00:00,Tatsuro Taira,Joshua Van,moneyline,home,-200,-155,45,,,,2026-05-09T19:10:15.700893+00:00
draftkings,MMA,1976a9195475f1efe57d2c1a3a85c019,2026-05-10T02:45:00+00:00,Tatsuro Taira,Joshua Van,spread,away,-120,-130,-10,5.5,5.5,0.0,2026-05-09T19:10:15.700893+00:00
draftkings,MMA,1976a9195475f1efe57d2c1a3a85c019,2026-05-10T02:45:00+00:00,Tatsuro Taira,Joshua Van,spread,home,-110,-105,5,-5.5,-5.5,0.0,2026-05-09T19:10:15.700893+00:00
betonlineag,MMA,1976a9195475f1efe57d2c1a3a85c019,2026-05-10T02:45:00+00:00,Tatsuro Taira,Joshua Van,total,over,-120,-125,-5,3.5,3.5,0.0,2026-05-09T19:10:15.700893+00:00
draftkings,MMA,1976a9195475f1efe57d2c1a3a85c019,2026-05-10T02:45:00+00:00,Tatsuro Taira,Joshua Van,total,over,-125,-140,-15,3.5,3.5,0.0,2026-05-09T19:10:15.700893+00:00
betonlineag,MMA,1976a9195475f1efe57d2c1a3a85c019,2026-05-10T02:45:00+00:00,Tatsuro Taira,Joshua Van,total,under,100,105,5,3.5,3.5,0.0,2026-05-09T19:10:15.700893+00:00
draftkings,MMA,1976a9195475f1efe57d2c1a3a85c019,2026-05-10T02:45:00+00:00,Tatsuro Taira,Joshua Van,total,under,-105,110,215,3.5,3.5,0.0,2026-05-09T19:10:15.700893+00:00
betonlineag,MMA,1b275b79bdfb54ec649b1c4a1cd01b60,2026-05-17T00:00:00+00:00,Francis Ngannou,Philipe Lins,moneyline,away,850,850,0,,,,2026-05-09T19:10:15.700893+00:00
betonlineag,MMA,1b275b79bdfb54ec649b1c4a1cd01b60,2026-05-17T00:00:00+00:00,Francis Ngannou,Philipe Lins,moneyline,home,-1500,-1500,0,,,,2026-05-09T19:10:15.700893+00:00
betonlineag,MMA,1ca0b61248b7eb5feef12a04661003e0,2026-06-28T02:00:00+00:00,Tom Aspinall,Ciryl Gane,moneyline,away,175,175,0,,,,2026-05-09T19:10:15.700893+00:00
betonlineag,MMA,1ca0b61248b7eb5feef12a04661003e0,2026-06-28T02:00:00+00:00,Tom Aspinall,Ciryl Gane,moneyline,home,-205,-205,0,,,,2026-05-09T19:10:15.700893+00:00
draftkings,MMA,1e972b73d422aa4cadb9185ca87c3c93,2026-06-14T07:00:00+00:00,Ciryl Gane,Alex Pereira,moneyline,away,-115,-115,0,,,,2026-05-09T19:10:15.700893+00:00
betonlineag,MMA,1e972b73d422aa4cadb9185ca87c3c93,2026-06-14T07:00:00+00:00,Ciryl Gane,Alex Pereira,moneyline,away,-105,-105,0,,,,2026-05-09T19:10:15.700893+00:00
fanduel,MMA,1e972b73d422aa4cadb9185ca87c3c93,2026-06-14T07:00:00+00:00,Ciryl Gane,Alex Pereira,moneyline,away,-108,-108,0,,,,2026-05-09T19:10:15.700893+00:00
betmgm,MMA,1e972b73d422aa4cadb9185ca87c3c93,2026-06-14T07:00:00+00:00,Ciryl Gane,Alex Pereira,moneyline,away,-120,-120,0,,,,2026-05-09T19:10:15.700893+00:00
draftkings,MMA,1e972b73d422aa4cadb9185ca87c3c93,2026-06-14T07:00:00+00:00,Ciryl Gane,Alex Pereira,moneyline,home,-105,-105,0,,,,2026-05-09T19:10:15.700893+00:00
betonlineag,MMA,1e972b73d422aa4cadb9185ca87c3c93,2026-06-14T07:00:00+00:00,Ciryl Gane,Alex Pereira,moneyline,home,-115,-115,0,,,,2026-05-09T19:10:15.700893+00:00
fanduel,MMA,1e972b73d422aa4cadb9185ca87c3c93,2026-06-14T07:00:00+00:00,Ciryl Gane,Alex Pereira,moneyline,home,-118,-118,0,,,,2026-05-09T19:10:15.700893+00:00
betmgm,MMA,1e972b73d422aa4cadb9185ca87c3c93,2026-06-14T07:00:00+00:00,Ciryl Gane,Alex Pereira,moneyline,home,-110,-110,0,,,,2026-05-09T19:10:15.700893+00:00
draftkings,MMA,20d0d02349fe04d63631b1e3f1879fa3,2026-06-14T07:00:00+00:00,Aiemann Zahabi,Sean O'Malley,moneyline,away,-380,-375,5,,,,2026-05-09T19:10:15.700893+00:00
betonlineag,MMA,20d0d02349fe04d63631b1e3f1879fa3,2026-06-14T07:00:00+00:00,Aiemann Zahabi,Sean O'Malley,moneyline,away,-400,-400,0,,,,2026-05-09T19:10:15.700893+00:00
fanduel,MMA,20d0d02349fe04d63631b1e3f1879fa3,2026-06-14T07:00:00+00:00,Aiemann Zahabi,Sean O'Malley,moneyline,away,-430,-430,0,,,,2026-05-09T19:10:15.700893+00:00
betmgm,MMA,20d0d02349fe04d63631b1e3f1879fa3,2026-06-14T07:00:00+00:00,Aiemann Zahabi,Sean O'Malley,moneyline,away,-500,-500,0,,,,2026-05-09T19:10:15.700893+00:00
draftkings,MMA,20d0d02349fe04d63631b1e3f1879fa3,2026-06-14T07:00:00+00:00,Aiemann Zahabi,Sean O'Malley,moneyline,home,300,295,-5,,,,2026-05-09T19:10:15.700893+00:00
betonlineag,MMA,20d0d02349fe04d63631b1e3f1879fa3,2026-06-14T07:00:00+00:00,Aiemann Zahabi,Sean O'Malley,moneyline,home,330,330,0,,,,2026-05-09T19:10:15.700893+00:00
fanduel,MMA,20d0d02349fe04d63631b1e3f1879fa3,2026-06-14T07:00:00+00:00,Aiemann Zahabi,Sean O'Malley,moneyline,home,300,300,0,,,,2026-05-09T19:10:15.700893+00:00
betmgm,MMA,20d0d02349fe04d63631b1e3f1879fa3,2026-06-14T07:00:00+00:00,Aiemann Zahabi,Sean O'Malley,moneyline,home,325,325,0,,,,2026-05-09T19:10:15.700893+00:00
draftkings,MMA,2f1aabeeefbe5b02db96846ac879a6ae,2026-06-14T22:50:00+00:00,Derrick Lewis,Josh Hokit,moneyline,away,-310,-310,0,,,,2026-05-09T19:10:15.700893+00:00
betonlineag,MMA,2f1aabeeefbe5b02db96846ac879a6ae,2026-06-14T22:50:00+00:00,Derrick Lewis,Josh Hokit,moneyline,away,-310,-310,0,,,,2026-05-09T19:10:15.700893+00:00
fanduel,MMA,2f1aabeeefbe5b02db96846ac879a6ae,2026-06-14T22:50:00+00:00,Derrick Lewis,Josh Hokit,moneyline,away,-330,-330,0,,,,2026-05-09T19:10:15.700893+00:00
betmgm,MMA,2f1aabeeefbe5b02db96846ac879a6ae,2026-06-14T22:50:00+00:00,Derrick Lewis,Josh Hokit,moneyline,away,-325,-325,0,,,,2026-05-09T19:10:15.700893+00:00
draftkings,MMA,2f1aabeeefbe5b02db96846ac879a6ae,2026-06-14T22:50:00+00:00,Derrick Lewis,Josh Hokit,moneyline,home,250,250,0,,,,2026-05-09T19:10:15.700893+00:00
betonlineag,MMA,2f1aabeeefbe5b02db96846ac879a6ae,2026-06-14T22:50:00+00:00,Derrick Lewis,Josh Hokit,moneyline,home,260,260,0,,,,2026-05-09T19:10:15.700893+00:00
fanduel,MMA,2f1aabeeefbe5b02db96846ac879a6ae,2026-06-14T22:50:00+00:00,Derrick Lewis,Josh Hokit,moneyline,home,240,240,0,,,,2026-05-09T19:10:15.700893+00:00
betmgm,MMA,2f1aabeeefbe5b02db96846ac879a6ae,2026-06-14T22:50:00+00:00,Derrick Lewis,Josh Hokit,moneyline,home,240,240,0,,,,2026-05-09T19:10:15.700893+00:00
betonlineag,MMA,32240017b09409b2913d302be1c034dc,2026-12-27T03:00:00+00:00,Max Holloway,Conor McGregor,moneyline,away,270,270,0,,,,2026-05-09T19:10:15.700893+00:00
betonlineag,MMA,32240017b09409b2913d302be1c034dc,2026-12-27T03:00:00+00:00,Max Holloway,Conor McGregor,moneyline,home,-330,-330,0,,,,2026-05-09T19:10:15.700893+00:00
betonlineag,MMA,3fac0dd01eb2eed4c9f74430775f2e28,2026-05-17T00:00:00+00:00,Alice Ardelean,Polyana Viana,moneyline,away,170,170,0,,,,2026-05-09T19:10:15.700893+00:00
draftkings,MMA,3fac0dd01eb2eed4c9f74430775f2e28,2026-05-17T00:00:00+00:00,Alice Ardelean,Polyana Viana,moneyline,away,164,164,0,,,,2026-05-09T19:10:15.700893+00:00
betmgm,MMA,3fac0dd01eb2eed4c9f74430775f2e28,2026-05-17T00:00:00+00:00,Alice Ardelean,Polyana Viana,moneyline,away,160,160,0,,,,2026-05-09T19:10:15.700893+00:00
betonlineag,MMA,3fac0dd01eb2eed4c9f74430775f2e28,2026-05-17T00:00:00+00:00,Alice Ardelean,Polyana Viana,moneyline,home,-200,-200,0,,,,2026-05-09T19:10:15.700893+00:00
draftkings,MMA,3fac0dd01eb2eed4c9f74430775f2e28,2026-05-17T00:00:00+00:00,Alice Ardelean,Polyana Viana,moneyline,home,-198,-198,0,,,,2026-05-09T19:10:15.700893+00:00
betmgm,MMA,3fac0dd01eb2eed4c9f74430775f2e28,2026-05-17T00:00:00+00:00,Alice Ardelean,Polyana Viana,moneyline,home,-210,-210,0,,,,2026-05-09T19:10:15.700893+00:00
betonlineag,MMA,40441f037157edfee962060c208291db,2026-05-09T22:15:00+00:00,Pat Sabatini,William Gomis,moneyline,away,155,145,-10,,,,2026-05-09T19:10:15.700893+00:00
betmgm,MMA,40441f037157edfee962060c208291db,2026-05-09T22:15:00+00:00,Pat Sabatini,William Gomis,moneyline,away,165,140,-25,,,,2026-05-09T19:10:15.700893+00:00
draftkings,MMA,40441f037157edfee962060c208291db,2026-05-09T22:15:00+00:00,Pat Sabatini,William Gomis,moneyline,away,150,140,-10,,,,2026-05-09T19:10:15.700893+00:00
fanduel,MMA,40441f037157edfee962060c208291db,2026-05-09T22:15:00+00:00,Pat Sabatini,William Gomis,moneyline,away,146,148,2,,,,2026-05-09T19:10:15.700893+00:00
betonlineag,MMA,40441f037157edfee962060c208291db,2026-05-09T22:15:00+00:00,Pat Sabatini,William Gomis,moneyline,home,-180,-170,10,,,,2026-05-09T19:10:15.700893+00:00
betmgm,MMA,40441f037157edfee962060c208291db,2026-05-09T22:15:00+00:00,Pat Sabatini,William Gomis,moneyline,home,-200,-170,30,,,,2026-05-09T19:10:15.700893+00:00
draftkings,MMA,40441f037157edfee962060c208291db,2026-05-09T22:15:00+00:00,Pat Sabatini,William Gomis,moneyline,home,-180,-166,14,,,,2026-05-09T19:10:15.700893+00:00
fanduel,MMA,40441f037157edfee962060c208291db,2026-05-09T22:15:00+00:00,Pat Sabatini,William Gomis,moneyline,home,-188,-176,12,,,,2026-05-09T19:10:15.700893+00:00
draftkings,MMA,40441f037157edfee962060c208291db,2026-05-09T22:15:00+00:00,Pat Sabatini,William Gomis,spread,away,-120,-145,-25,3.5,3.5,0.0,2026-05-09T19:10:15.700893+00:00
draftkings,MMA,40441f037157edfee962060c208291db,2026-05-09T22:15:00+00:00,Pat Sabatini,William Gomis,spread,home,-110,110,220,-3.5,-3.5,0.0,2026-05-09T19:10:15.700893+00:00
betonlineag,MMA,40441f037157edfee962060c208291db,2026-05-09T22:15:00+00:00,Pat Sabatini,William Gomis,total,over,-135,-170,-35,2.5,2.5,0.0,2026-05-09T19:10:15.700893+00:00
draftkings,MMA,40441f037157edfee962060c208291db,2026-05-09T22:15:00+00:00,Pat Sabatini,William Gomis,total,over,-145,-180,-35,2.5,2.5,0.0,2026-05-09T19:10:15.700893+00:00
betonlineag,MMA,40441f037157edfee962060c208291db,2026-05-09T22:15:00+00:00,Pat Sabatini,William Gomis,total,under,115,149,34,2.5,2.5,0.0,2026-05-09T19:10:15.700893+00:00
draftkings,MMA,40441f037157edfee962060c208291db,2026-05-09T22:15:00+00:00,Pat Sabatini,William Gomis,total,under,114,140,26,2.5,2.5,0.0,2026-05-09T19:10:15.700893+00:00
betonlineag,MMA,40e6ab636ccc19dc43b6bac5059736e7,2026-05-17T00:00:00+00:00,Dooho Choi,Daniel Santos,moneyline,away,-145,-130,15,,,,2026-05-09T19:10:15.700893+00:00
draftkings,MMA,40e6ab636ccc19dc43b6bac5059736e7,2026-05-17T00:00:00+00:00,Dooho Choi,Daniel Santos,moneyline,away,-130,-130,0,,,,2026-05-09T19:10:15.700893+00:00
betonlineag,MMA,40e6ab636ccc19dc43b6bac5059736e7,2026-05-17T00:00:00+00:00,Dooho Choi,Daniel Santos,moneyline,home,125,110,-15,,,,2026-05-09T19:10:15.700893+00:00
draftkings,MMA,40e6ab636ccc19dc43b6bac5059736e7,2026-05-17T00:00:00+00:00,Dooho Choi,Daniel Santos,moneyline,home,110,110,0,,,,2026-05-09T19:10:15.700893+00:00
betonlineag,MMA,4411845e84c1602a6cc776db0eb6cef6,2026-05-17T00:00:00+00:00,Ketlen Vieira,Jacqueline Cavalcanti,moneyline,away,-155,-150,5,,,,2026-05-09T19:10:15.700893+00:00
draftkings,MMA,4411845e84c1602a6cc776db0eb6cef6,2026-05-17T00:00:00+00:00,Ketlen Vieira,Jacqueline Cavalcanti,moneyline,away,-148,-148,0,,,,2026-05-09T19:10:15.700893+00:00
betmgm,MMA,4411845e84c1602a6cc776db0eb6cef6,2026-05-17T00:00:00+00:00,Ketlen Vieira,Jacqueline Cavalcanti,moneyline,away,-160,-160,0,,,,2026-05-09T19:10:15.700893+00:00
betonlineag,MMA,4411845e84c1602a6cc776db0eb6cef6,2026-05-17T00:00:00+00:00,Ketlen Vieira,Jacqueline Cavalcanti,moneyline,home,135,130,-5,,,,2026-05-09T19:10:15.700893+00:00
draftkings,MMA,4411845e84c1602a6cc776db0eb6cef6,2026-05-17T00:00:00+00:00,Ketlen Vieira,Jacqueline Cavalcanti,moneyline,home,124,124,0,,,,2026-05-09T19:10:15.700893+00:00
betmgm,MMA,4411845e84c1602a6cc776db0eb6cef6,2026-05-17T00:00:00+00:00,Ketlen Vieira,Jacqueline Cavalcanti,moneyline,home,125,125,0,,,,2026-05-09T19:10:15.700893+00:00
draftkings,MMA,4b4920d2454497566b519a271f9e1e93,2026-06-15T00:30:00+00:00,Steve Garcia Jr.,Diego Lopes,moneyline,away,-185,-185,0,,,,2026-05-09T19:10:15.700893+00:00
betonlineag,MMA,4b4920d2454497566b519a271f9e1e93,2026-06-15T00:30:00+00:00,Steve Garcia Jr.,Diego Lopes,moneyline,away,-185,-185,0,,,,2026-05-09T19:10:15.700893+00:00
fanduel,MMA,4b4920d2454497566b519a271f9e1e93,2026-06-15T00:30:00+00:00,Steve Garcia Jr.,Diego Lopes,moneyline,away,-200,-200,0,,,,2026-05-09T19:10:15.700893+00:00
betmgm,MMA,4b4920d2454497566b519a271f9e1e93,2026-06-15T00:30:00+00:00,Steve Garcia Jr.,Diego Lopes,moneyline,away,-200,-200,0,,,,2026-05-09T19:10:15.700893+00:00
draftkings,MMA,4b4920d2454497566b519a271f9e1e93,2026-06-15T00:30:00+00:00,Steve Garcia Jr.,Diego Lopes,moneyline,home,154,154,0,,,,2026-05-09T19:10:15.700893+00:00
betonlineag,MMA,4b4920d2454497566b519a271f9e1e93,2026-06-15T00:30:00+00:00,Steve Garcia Jr.,Diego Lopes,moneyline,home,160,160,0,,,,2026-05-09T19:10:15.700893+00:00
fanduel,MMA,4b4920d2454497566b519a271f9e1e93,2026-06-15T00:30:00+00:00,Steve Garcia Jr.,Diego Lopes,moneyline,home,154,154,0,,,,2026-05-09T19:10:15.700893+00:00
betmgm,MMA,4b4920d2454497566b519a271f9e1e93,2026-06-15T00:30:00+00:00,Steve Garcia Jr.,Diego Lopes,moneyline,home,150,150,0,,,,2026-05-09T19:10:15.700893+00:00
betonlineag,MMA,54c51d010b6ae6cd31451b81ba64d0e4,2026-05-17T00:00:00+00:00,Modestas Bukauskas,Rodolfo Bellato,moneyline,away,110,110,0,,,,2026-05-09T19:10:15.700893+00:00
draftkings,MMA,54c51d010b6ae6cd31451b81ba64d0e4,2026-05-17T00:00:00+00:00,Modestas Bukauskas,Rodolfo Bellato,moneyline,away,110,110,0,,,,2026-05-09T19:10:15.700893+00:00
betmgm,MMA,54c51d010b6ae6cd31451b81ba64d0e4,2026-05-17T00:00:00+00:00,Modestas Bukauskas,Rodolfo Bellato,moneyline,away,105,105,0,,,,2026-05-09T19:10:15.700893+00:00
betonlineag,MMA,54c51d010b6ae6cd31451b81ba64d0e4,2026-05-17T00:00:00+00:00,Modestas Bukauskas,Rodolfo Bellato,moneyline,home,-130,-130,0,,,,2026-05-09T19:10:15.700893+00:00
draftkings,MMA,54c51d010b6ae6cd31451b81ba64d0e4,2026-05-17T00:00:00+00:00,Modestas Bukauskas,Rodolfo Bellato,moneyline,home,-130,-130,0,,,,2026-05-09T19:10:15.700893+00:00
betmgm,MMA,54c51d010b6ae6cd31451b81ba64d0e4,2026-05-17T00:00:00+00:00,Modestas Bukauskas,Rodolfo Bellato,moneyline,home,-135,-135,0,,,,2026-05-09T19:10:15.700893+00:00
draftkings,MMA,54eb45b661945af7aa7da285a12e835c,2026-06-14T07:30:00+00:00,Michael Chandler,Mauricio Ruffy,moneyline,away,-625,-625,0,,,,2026-05-09T19:10:15.700893+00:00
betonlineag,MMA,54eb45b661945af7aa7da285a12e835c,2026-06-14T07:30:00+00:00,Michael Chandler,Mauricio Ruffy,moneyline,away,-600,-600,0,,,,2026-05-09T19:10:15.700893+00:00
fanduel,MMA,54eb45b661945af7aa7da285a12e835c,2026-06-14T07:30:00+00:00,Michael Chandler,Mauricio Ruffy,moneyline,away,-480,-650,-170,,,,2026-05-09T19:10:15.700893+00:00
betmgm,MMA,54eb45b661945af7aa7da285a12e835c,2026-06-14T07:30:00+00:00,Michael Chandler,Mauricio Ruffy,moneyline,away,-650,-650,0,,,,2026-05-09T19:10:15.700893+00:00
draftkings,MMA,54eb45b661945af7aa7da285a12e835c,2026-06-14T07:30:00+00:00,Michael Chandler,Mauricio Ruffy,moneyline,home,455,455,0,,,,2026-05-09T19:10:15.700893+00:00
betonlineag,MMA,54eb45b661945af7aa7da285a12e835c,2026-06-14T07:30:00+00:00,Michael Chandler,Mauricio Ruffy,moneyline,home,450,450,0,,,,2026-05-09T19:10:15.700893+00:00
fanduel,MMA,54eb45b661945af7aa7da285a12e835c,2026-06-14T07:30:00+00:00,Michael Chandler,Mauricio Ruffy,moneyline,home,330,420,90,,,,2026-05-09T19:10:15.700893+00:00
betmgm,MMA,54eb45b661945af7aa7da285a12e835c,2026-06-14T07:30:00+00:00,Michael Chandler,Mauricio Ruffy,moneyline,home,400,400,0,,,,2026-05-09T19:10:15.700893+00:00
betonlineag,MMA,68b76293e37659dbfd7fe46b46a74fd3,2026-05-17T00:00:00+00:00,Cody Brundage,Andre Petroski,moneyline,away,-200,-200,0,,,,2026-05-09T19:10:15.700893+00:00
draftkings,MMA,68b76293e37659dbfd7fe46b46a74fd3,2026-05-17T00:00:00+00:00,Cody Brundage,Andre Petroski,moneyline,away,-218,-218,0,,,,2026-05-09T19:10:15.700893+00:00
betmgm,MMA,68b76293e37659dbfd7fe46b46a74fd3,2026-05-17T00:00:00+00:00,Cody Brundage,Andre Petroski,moneyline,away,-220,-220,0,,,,2026-05-09T19:10:15.700893+00:00
betonlineag,MMA,68b76293e37659dbfd7fe46b46a74fd3,2026-05-17T00:00:00+00:00,Cody Brundage,Andre Petroski,moneyline,home,170,170,0,,,,2026-05-09T19:10:15.700893+00:00
draftkings,MMA,68b76293e37659dbfd7fe46b46a74fd3,2026-05-17T00:00:00+00:00,Cody Brundage,Andre Petroski,moneyline,home,180,180,0,,,,2026-05-09T19:10:15.700893+00:00
betmgm,MMA,68b76293e37659dbfd7fe46b46a74fd3,2026-05-17T00:00:00+00:00,Cody Brundage,Andre Petroski,moneyline,home,170,170,0,,,,2026-05-09T19:10:15.700893+00:00
betonlineag,MMA,6c2dc5be72620b0dd2721814f77a0f2e,2026-05-17T00:00:00+00:00,Tuco Tokkos,Ivan Erslan,moneyline,away,-185,-170,15,,,,2026-05-09T19:10:15.700893+00:00
draftkings,MMA,6c2dc5be72620b0dd2721814f77a0f2e,2026-05-17T00:00:00+00:00,Tuco Tokkos,Ivan Erslan,moneyline,away,-192,-170,22,,,,2026-05-09T19:10:15.700893+00:00
betmgm,MMA,6c2dc5be72620b0dd2721814f77a0f2e,2026-05-17T00:00:00+00:00,Tuco Tokkos,Ivan Erslan,moneyline,away,-200,-200,0,,,,2026-05-09T19:10:15.700893+00:00
betonlineag,MMA,6c2dc5be72620b0dd2721814f77a0f2e,2026-05-17T00:00:00+00:00,Tuco Tokkos,Ivan Erslan,moneyline,home,160,145,-15,,,,2026-05-09T19:10:15.700893+00:00
draftkings,MMA,6c2dc5be72620b0dd2721814f77a0f2e,2026-05-17T00:00:00+00:00,Tuco Tokkos,Ivan Erslan,moneyline,home,160,142,-18,,,,2026-05-09T19:10:15.700893+00:00
betmgm,MMA,6c2dc5be72620b0dd2721814f77a0f2e,2026-05-17T00:00:00+00:00,Tuco Tokkos,Ivan Erslan,moneyline,home,155,155,0,,,,2026-05-09T19:10:15.700893+00:00
betonlineag,MMA,702055a9e35d07bddba5fd446eef719c,2026-06-28T02:00:00+00:00,Islam Makhachev,Michael Morales,moneyline,away,275,275,0,,,,2026-05-09T19:10:15.700893+00:00
betonlineag,MMA,702055a9e35d07bddba5fd446eef719c,2026-06-28T02:00:00+00:00,Islam Makhachev,Michael Morales,moneyline,home,-335,-335,0,,,,2026-05-09T19:10:15.700893+00:00
betonlineag,MMA,72532f14b11dbe0db67fbad8bf733939,2026-05-17T00:00:00+00:00,Timothy Cuamba,Benardo Sopaj,moneyline,away,-160,-150,10,,,,2026-05-09T19:10:15.700893+00:00
draftkings,MMA,72532f14b11dbe0db67fbad8bf733939,2026-05-17T00:00:00+00:00,Timothy Cuamba,Benardo Sopaj,moneyline,away,-162,-148,14,,,,2026-05-09T19:10:15.700893+00:00
betonlineag,MMA,72532f14b11dbe0db67fbad8bf733939,2026-05-17T00:00:00+00:00,Timothy Cuamba,Benardo Sopaj,moneyline,home,140,130,-10,,,,2026-05-09T19:10:15.700893+00:00
draftkings,MMA,72532f14b11dbe0db67fbad8bf733939,2026-05-17T00:00:00+00:00,Timothy Cuamba,Benardo Sopaj,moneyline,home,136,124,-12,,,,2026-05-09T19:10:15.700893+00:00
betonlineag,MMA,7c8d3c42bb7948ac655b45fb75d00ea9,2026-05-10T00:15:00+00:00,Yaroslav Amosov,Joel Alvarez,moneyline,away,144,160,16,,,,2026-05-09T19:10:15.700893+00:00
fanduel,MMA,7c8d3c42bb7948ac655b45fb75d00ea9,2026-05-10T00:15:00+00:00,Yaroslav Amosov,Joel Alvarez,moneyline,away,134,150,16,,,,2026-05-09T19:10:15.700893+00:00
draftkings,MMA,7c8d3c42bb7948ac655b45fb75d00ea9,2026-05-10T00:15:00+00:00,Yaroslav Amosov,Joel Alvarez,moneyline,away,136,154,18,,,,2026-05-09T19:10:15.700893+00:00
betmgm,MMA,7c8d3c42bb7948ac655b45fb75d00ea9,2026-05-10T00:15:00+00:00,Yaroslav Amosov,Joel Alvarez,moneyline,away,140,155,15,,,,2026-05-09T19:10:15.700893+00:00
betonlineag,MMA,7c8d3c42bb7948ac655b45fb75d00ea9,2026-05-10T00:15:00+00:00,Yaroslav Amosov,Joel Alvarez,moneyline,home,-164,-185,-21,,,,2026-05-09T19:10:15.700893+00:00
fanduel,MMA,7c8d3c42bb7948ac655b45fb75d00ea9,2026-05-10T00:15:00+00:00,Yaroslav Amosov,Joel Alvarez,moneyline,home,-172,-178,-6,,,,2026-05-09T19:10:15.700893+00:00
draftkings,MMA,7c8d3c42bb7948ac655b45fb75d00ea9,2026-05-10T00:15:00+00:00,Yaroslav Amosov,Joel Alvarez,moneyline,home,-162,-185,-23,,,,2026-05-09T19:10:15.700893+00:00
betmgm,MMA,7c8d3c42bb7948ac655b45fb75d00ea9,2026-05-10T00:15:00+00:00,Yaroslav Amosov,Joel Alvarez,moneyline,home,-170,-190,-20,,,,2026-05-09T19:10:15.700893+00:00
draftkings,MMA,7c8d3c42bb7948ac655b45fb75d00ea9,2026-05-10T00:15:00+00:00,Yaroslav Amosov,Joel Alvarez,spread,away,-135,-135,0,3.5,3.5,0.0,2026-05-09T19:10:15.700893+00:00
draftkings,MMA,7c8d3c42bb7948ac655b45fb75d00ea9,2026-05-10T00:15:00+00:00,Yaroslav Amosov,Joel Alvarez,spread,home,100,100,0,-3.5,-3.5,0.0,2026-05-09T19:10:15.700893+00:00
betonlineag,MMA,7c8d3c42bb7948ac655b45fb75d00ea9,2026-05-10T00:15:00+00:00,Yaroslav Amosov,Joel Alvarez,total,over,-235,-225,10,1.5,1.5,0.0,2026-05-09T19:10:15.700893+00:00
draftkings,MMA,7c8d3c42bb7948ac655b45fb75d00ea9,2026-05-10T00:15:00+00:00,Yaroslav Amosov,Joel Alvarez,total,over,-245,-238,7,1.5,1.5,0.0,2026-05-09T19:10:15.700893+00:00
betonlineag,MMA,7c8d3c42bb7948ac655b45fb75d00ea9,2026-05-10T00:15:00+00:00,Yaroslav Amosov,Joel Alvarez,total,under,195,189,-6,1.5,1.5,0.0,2026-05-09T19:10:15.700893+00:00
draftkings,MMA,7c8d3c42bb7948ac655b45fb75d00ea9,2026-05-10T00:15:00+00:00,Yaroslav Amosov,Joel Alvarez,total,under,185,180,-5,1.5,1.5,0.0,2026-05-09T19:10:15.700893+00:00
betonlineag,MMA,849ab6ade5b7bb130a263113649d5c71,2026-12-27T03:00:00+00:00,Benoit Saint-Denis,Paddy Pimblett,moneyline,away,165,165,0,,,,2026-05-09T19:10:15.700893+00:00
betonlineag,MMA,849ab6ade5b7bb130a263113649d5c71,2026-12-27T03:00:00+00:00,Benoit Saint-Denis,Paddy Pimblett,moneyline,home,-190,-190,0,,,,2026-05-09T19:10:15.700893+00:00
betonlineag,MMA,891965c02d665af81f9308428b8f33e7,2026-06-27T14:00:00+00:00,Valentina Shevchenko,Natalia Silva,moneyline,away,210,210,0,,,,2026-05-09T19:10:15.700893+00:00
betonlineag,MMA,891965c02d665af81f9308428b8f33e7,2026-06-27T14:00:00+00:00,Valentina Shevchenko,Natalia Silva,moneyline,home,-250,-250,0,,,,2026-05-09T19:10:15.700893+00:00
draftkings,MMA,8ea7b2765e5de9ce31d512d1a6c1a138,2026-07-12T03:00:00+00:00,Benoit Saint-Denis,Paddy Pimblett,moneyline,away,142,142,0,,,,2026-05-09T19:10:15.700893+00:00
draftkings,MMA,8ea7b2765e5de9ce31d512d1a6c1a138,2026-07-12T03:00:00+00:00,Benoit Saint-Denis,Paddy Pimblett,moneyline,home,-170,-170,0,,,,2026-05-09T19:10:15.700893+00:00
betonlineag,MMA,944dd8a4945ba0df2c4370de73387c5d,2026-12-31T17:00:00+00:00,Conor McGregor,Jorge Masvidal,moneyline,away,125,125,0,,,,2026-05-09T19:10:15.700893+00:00
betonlineag,MMA,944dd8a4945ba0df2c4370de73387c5d,2026-12-31T17:00:00+00:00,Conor McGregor,Jorge Masvidal,moneyline,home,-145,-145,0,,,,2026-05-09T19:10:15.700893+00:00
betonlineag,MMA,9572ebf9d60e9a4a050db937e02dcf03,2026-05-10T03:30:00+00:00,Khamzat Chimaev,Sean Strickland,moneyline,away,-500,375,875,,,,2026-05-09T19:10:15.700893+00:00
draftkings,MMA,9572ebf9d60e9a4a050db937e02dcf03,2026-05-10T03:30:00+00:00,Khamzat Chimaev,Sean Strickland,moneyline,away,-520,380,900,,,,2026-05-09T19:10:15.700893+00:00
fanduel,MMA,9572ebf9d60e9a4a050db937e02dcf03,2026-05-10T03:30:00+00:00,Khamzat Chimaev,Sean Strickland,moneyline,away,-500,380,880,,,,2026-05-09T19:10:15.700893+00:00
betmgm,MMA,9572ebf9d60e9a4a050db937e02dcf03,2026-05-10T03:30:00+00:00,Khamzat Chimaev,Sean Strickland,moneyline,away,-525,360,885,,,,2026-05-09T19:10:15.700893+00:00
betonlineag,MMA,9572ebf9d60e9a4a050db937e02dcf03,2026-05-10T03:30:00+00:00,Khamzat Chimaev,Sean Strickland,moneyline,home,375,-500,-875,,,,2026-05-09T19:10:15.700893+00:00
draftkings,MMA,9572ebf9d60e9a4a050db937e02dcf03,2026-05-10T03:30:00+00:00,Khamzat Chimaev,Sean Strickland,moneyline,home,390,-500,-890,,,,2026-05-09T19:10:15.700893+00:00
fanduel,MMA,9572ebf9d60e9a4a050db937e02dcf03,2026-05-10T03:30:00+00:00,Khamzat Chimaev,Sean Strickland,moneyline,home,340,-490,-830,,,,2026-05-09T19:10:15.700893+00:00
betmgm,MMA,9572ebf9d60e9a4a050db937e02dcf03,2026-05-10T03:30:00+00:00,Khamzat Chimaev,Sean Strickland,moneyline,home,340,-500,-840,,,,2026-05-09T19:10:15.700893+00:00
draftkings,MMA,9572ebf9d60e9a4a050db937e02dcf03,2026-05-10T03:30:00+00:00,Khamzat Chimaev,Sean Strickland,spread,away,-225,150,375,-13.5,13.5,27.0,2026-05-09T19:10:15.700893+00:00
draftkings,MMA,9572ebf9d60e9a4a050db937e02dcf03,2026-05-10T03:30:00+00:00,Khamzat Chimaev,Sean Strickland,spread,home,165,-205,-370,13.5,-13.5,-27.0,2026-05-09T19:10:15.700893+00:00
betonlineag,MMA,9572ebf9d60e9a4a050db937e02dcf03,2026-05-10T03:30:00+00:00,Khamzat Chimaev,Sean Strickland,total,over,-110,110,220,3.5,3.5,0.0,2026-05-09T19:10:15.700893+00:00
draftkings,MMA,9572ebf9d60e9a4a050db937e02dcf03,2026-05-10T03:30:00+00:00,Khamzat Chimaev,Sean Strickland,total,over,110,105,-5,3.5,3.5,0.0,2026-05-09T19:10:15.700893+00:00
betonlineag,MMA,9572ebf9d60e9a4a050db937e02dcf03,2026-05-10T03:30:00+00:00,Khamzat Chimaev,Sean Strickland,total,under,-110,-130,-20,3.5,3.5,0.0,2026-05-09T19:10:15.700893+00:00
draftkings,MMA,9572ebf9d60e9a4a050db937e02dcf03,2026-05-10T03:30:00+00:00,Khamzat Chimaev,Sean Strickland,total,under,-140,-135,5,3.5,3.5,0.0,2026-05-09T19:10:15.700893+00:00
draftkings,MMA,96b5f4dba85f6b98816b6660cf21241d,2026-12-31T19:00:00+00:00,Michael Chandler,Conor McGregor,moneyline,away,100,100,0,,,,2026-05-09T19:10:15.700893+00:00
draftkings,MMA,96b5f4dba85f6b98816b6660cf21241d,2026-12-31T19:00:00+00:00,Michael Chandler,Conor McGregor,moneyline,home,-120,-120,0,,,,2026-05-09T19:10:15.700893+00:00
betonlineag,MMA,9c2b6eafa8037af51c19ea2a7ea43adc,2026-05-09T21:45:00+00:00,Baysangur Susurkaev,Djorden Santos,moneyline,away,375,500,125,,,,2026-05-09T19:10:15.700893+00:00
fanduel,MMA,9c2b6eafa8037af51c19ea2a7ea43adc,2026-05-09T21:45:00+00:00,Baysangur Susurkaev,Djorden Santos,moneyline,away,350,560,210,,,,2026-05-09T19:10:15.700893+00:00
draftkings,MMA,9c2b6eafa8037af51c19ea2a7ea43adc,2026-05-09T21:45:00+00:00,Baysangur Susurkaev,Djorden Santos,moneyline,away,455,550,95,,,,2026-05-09T19:10:15.700893+00:00
betonlineag,MMA,9c2b6eafa8037af51c19ea2a7ea43adc,2026-05-09T21:45:00+00:00,Baysangur Susurkaev,Djorden Santos,moneyline,home,-500,-700,-200,,,,2026-05-09T19:10:15.700893+00:00
fanduel,MMA,9c2b6eafa8037af51c19ea2a7ea43adc,2026-05-09T21:45:00+00:00,Baysangur Susurkaev,Djorden Santos,moneyline,home,-520,-800,-280,,,,2026-05-09T19:10:15.700893+00:00
draftkings,MMA,9c2b6eafa8037af51c19ea2a7ea43adc,2026-05-09T21:45:00+00:00,Baysangur Susurkaev,Djorden Santos,moneyline,home,-625,-800,-175,,,,2026-05-09T19:10:15.700893+00:00
draftkings,MMA,9c2b6eafa8037af51c19ea2a7ea43adc,2026-05-09T21:45:00+00:00,Baysangur Susurkaev,Djorden Santos,spread,away,215,225,10,3.5,3.5,0.0,2026-05-09T19:10:15.700893+00:00
draftkings,MMA,9c2b6eafa8037af51c19ea2a7ea43adc,2026-05-09T21:45:00+00:00,Baysangur Susurkaev,Djorden Santos,spread,home,-310,-320,-10,-3.5,-3.5,0.0,2026-05-09T19:10:15.700893+00:00
betonlineag,MMA,9c2b6eafa8037af51c19ea2a7ea43adc,2026-05-09T21:45:00+00:00,Baysangur Susurkaev,Djorden Santos,total,over,-130,-190,-60,1.5,1.5,0.0,2026-05-09T19:10:15.700893+00:00
draftkings,MMA,9c2b6eafa8037af51c19ea2a7ea43adc,2026-05-09T21:45:00+00:00,Baysangur Susurkaev,Djorden Santos,total,over,-135,-180,-45,1.5,1.5,0.0,2026-05-09T19:10:15.700893+00:00
betonlineag,MMA,9c2b6eafa8037af51c19ea2a7ea43adc,2026-05-09T21:45:00+00:00,Baysangur Susurkaev,Djorden Santos,total,under,110,165,55,1.5,1.5,0.0,2026-05-09T19:10:15.700893+00:00
draftkings,MMA,9c2b6eafa8037af51c19ea2a7ea43adc,2026-05-09T21:45:00+00:00,Baysangur Susurkaev,Djorden Santos,total,under,105,140,35,1.5,1.5,0.0,2026-05-09T19:10:15.700893+00:00
draftkings,MMA,9cf76c6ecde4824965ca04da644dfefa,2026-06-14T23:00:00+00:00,Kyle Daukaus,Bo Nickal,moneyline,away,-310,-310,0,,,,2026-05-09T19:10:15.700893+00:00
betonlineag,MMA,9cf76c6ecde4824965ca04da644dfefa,2026-06-14T23:00:00+00:00,Kyle Daukaus,Bo Nickal,moneyline,away,-280,-280,0,,,,2026-05-09T19:10:15.700893+00:00
fanduel,MMA,9cf76c6ecde4824965ca04da644dfefa,2026-06-14T23:00:00+00:00,Kyle Daukaus,Bo Nickal,moneyline,away,-330,-330,0,,,,2026-05-09T19:10:15.700893+00:00
betmgm,MMA,9cf76c6ecde4824965ca04da644dfefa,2026-06-14T23:00:00+00:00,Kyle Daukaus,Bo Nickal,moneyline,away,-375,-375,0,,,,2026-05-09T19:10:15.700893+00:00
draftkings,MMA,9cf76c6ecde4824965ca04da644dfefa,2026-06-14T23:00:00+00:00,Kyle Daukaus,Bo Nickal,moneyline,home,250,250,0,,,,2026-05-09T19:10:15.700893+00:00
betonlineag,MMA,9cf76c6ecde4824965ca04da644dfefa,2026-06-14T23:00:00+00:00,Kyle Daukaus,Bo Nickal,moneyline,home,240,240,0,,,,2026-05-09T19:10:15.700893+00:00
fanduel,MMA,9cf76c6ecde4824965ca04da644dfefa,2026-06-14T23:00:00+00:00,Kyle Daukaus,Bo Nickal,moneyline,home,240,240,0,,,,2026-05-09T19:10:15.700893+00:00
betmgm,MMA,9cf76c6ecde4824965ca04da644dfefa,2026-06-14T23:00:00+00:00,Kyle Daukaus,Bo Nickal,moneyline,home,260,260,0,,,,2026-05-09T19:10:15.700893+00:00
betonlineag,MMA,a2b05838698a5f914b569f502d372985,2026-05-10T01:45:00+00:00,Joaquin Buckley,Sean Brady,moneyline,away,-185,190,375,,,,2026-05-09T19:10:15.700893+00:00
draftkings,MMA,a2b05838698a5f914b569f502d372985,2026-05-10T01:45:00+00:00,Joaquin Buckley,Sean Brady,moneyline,away,-198,180,378,,,,2026-05-09T19:10:15.700893+00:00
fanduel,MMA,a2b05838698a5f914b569f502d372985,2026-05-10T01:45:00+00:00,Joaquin Buckley,Sean Brady,moneyline,away,-200,190,390,,,,2026-05-09T19:10:15.700893+00:00
betmgm,MMA,a2b05838698a5f914b569f502d372985,2026-05-10T01:45:00+00:00,Joaquin Buckley,Sean Brady,moneyline,away,-190,-180,10,,,,2026-05-09T17:53:10.498267+00:00
betonlineag,MMA,a2b05838698a5f914b569f502d372985,2026-05-10T01:45:00+00:00,Joaquin Buckley,Sean Brady,moneyline,home,160,-225,-385,,,,2026-05-09T19:10:15.700893+00:00
draftkings,MMA,a2b05838698a5f914b569f502d372985,2026-05-10T01:45:00+00:00,Joaquin Buckley,Sean Brady,moneyline,home,164,-218,-382,,,,2026-05-09T19:10:15.700893+00:00
fanduel,MMA,a2b05838698a5f914b569f502d372985,2026-05-10T01:45:00+00:00,Joaquin Buckley,Sean Brady,moneyline,home,154,-230,-384,,,,2026-05-09T19:10:15.700893+00:00
betmgm,MMA,a2b05838698a5f914b569f502d372985,2026-05-10T01:45:00+00:00,Joaquin Buckley,Sean Brady,moneyline,home,160,145,-15,,,,2026-05-09T17:53:10.498267+00:00
draftkings,MMA,a2b05838698a5f914b569f502d372985,2026-05-10T01:45:00+00:00,Joaquin Buckley,Sean Brady,spread,away,105,100,-5,-3.5,-3.5,0.0,2026-05-09T17:53:10.498267+00:00
draftkings,MMA,a2b05838698a5f914b569f502d372985,2026-05-10T01:45:00+00:00,Joaquin Buckley,Sean Brady,spread,home,-140,-135,5,3.5,3.5,0.0,2026-05-09T17:53:10.498267+00:00
betonlineag,MMA,a2b05838698a5f914b569f502d372985,2026-05-10T01:45:00+00:00,Joaquin Buckley,Sean Brady,total,over,-135,-125,10,2.5,2.5,0.0,2026-05-09T17:53:10.498267+00:00
draftkings,MMA,a2b05838698a5f914b569f502d372985,2026-05-10T01:45:00+00:00,Joaquin Buckley,Sean Brady,total,over,-135,-135,0,2.5,2.5,0.0,2026-05-09T17:53:10.498267+00:00
betonlineag,MMA,a2b05838698a5f914b569f502d372985,2026-05-10T01:45:00+00:00,Joaquin Buckley,Sean Brady,total,under,115,105,-10,2.5,2.5,0.0,2026-05-09T17:53:10.498267+00:00
draftkings,MMA,a2b05838698a5f914b569f502d372985,2026-05-10T01:45:00+00:00,Joaquin Buckley,Sean Brady,total,under,105,105,0,2.5,2.5,0.0,2026-05-09T17:53:10.498267+00:00
betonlineag,MMA,a39fe54b3c38dbba822aaa3d29cca5dd,2026-05-17T00:00:00+00:00,Ronda Rousey,Gina Carano,moneyline,away,375,400,25,,,,2026-05-09T19:10:15.700893+00:00
betonlineag,MMA,a39fe54b3c38dbba822aaa3d29cca5dd,2026-05-17T00:00:00+00:00,Ronda Rousey,Gina Carano,moneyline,home,-500,-550,-50,,,,2026-05-09T19:10:15.700893+00:00
betonlineag,MMA,a3c203ddf1665927314db9cc73ede377,2026-06-14T02:00:00+00:00,Magomed Ankalaev,Carlos Ulberg,moneyline,away,210,210,0,,,,2026-05-09T19:10:15.700893+00:00
betonlineag,MMA,a3c203ddf1665927314db9cc73ede377,2026-06-14T02:00:00+00:00,Magomed Ankalaev,Carlos Ulberg,moneyline,home,-250,-250,0,,,,2026-05-09T19:10:15.700893+00:00
betonlineag,MMA,a6d96d17816e530846e244d0c7226cc0,2026-05-17T00:00:00+00:00,Daniel Barez,Luis Gurule,moneyline,away,-105,-105,0,,,,2026-05-09T19:10:15.700893+00:00
draftkings,MMA,a6d96d17816e530846e244d0c7226cc0,2026-05-17T00:00:00+00:00,Daniel Barez,Luis Gurule,moneyline,away,-105,-105,0,,,,2026-05-09T19:10:15.700893+00:00
betmgm,MMA,a6d96d17816e530846e244d0c7226cc0,2026-05-17T00:00:00+00:00,Daniel Barez,Luis Gurule,moneyline,away,-105,-105,0,,,,2026-05-09T19:10:15.700893+00:00
betonlineag,MMA,a6d96d17816e530846e244d0c7226cc0,2026-05-17T00:00:00+00:00,Daniel Barez,Luis Gurule,moneyline,home,-115,-115,0,,,,2026-05-09T19:10:15.700893+00:00
draftkings,MMA,a6d96d17816e530846e244d0c7226cc0,2026-05-17T00:00:00+00:00,Daniel Barez,Luis Gurule,moneyline,home,-115,-115,0,,,,2026-05-09T19:10:15.700893+00:00
betmgm,MMA,a6d96d17816e530846e244d0c7226cc0,2026-05-17T00:00:00+00:00,Daniel Barez,Luis Gurule,moneyline,home,-120,-120,0,,,,2026-05-09T19:10:15.700893+00:00
betonlineag,MMA,aaffbaf0057c43a6a2fb2577da294f42,2026-05-09T22:45:00+00:00,Marco Tulio Silva,Roman Kopylov,moneyline,away,140,155,15,,,,2026-05-09T19:10:15.700893+00:00
fanduel,MMA,aaffbaf0057c43a6a2fb2577da294f42,2026-05-09T22:45:00+00:00,Marco Tulio Silva,Roman Kopylov,moneyline,away,150,162,12,,,,2026-05-09T19:10:15.700893+00:00
draftkings,MMA,aaffbaf0057c43a6a2fb2577da294f42,2026-05-09T22:45:00+00:00,Marco Tulio Silva,Roman Kopylov,moneyline,away,142,154,12,,,,2026-05-09T19:10:15.700893+00:00
betmgm,MMA,aaffbaf0057c43a6a2fb2577da294f42,2026-05-09T22:45:00+00:00,Marco Tulio Silva,Roman Kopylov,moneyline,away,150,150,0,,,,2026-05-09T19:10:15.700893+00:00
betonlineag,MMA,aaffbaf0057c43a6a2fb2577da294f42,2026-05-09T22:45:00+00:00,Marco Tulio Silva,Roman Kopylov,moneyline,home,-160,-180,-20,,,,2026-05-09T19:10:15.700893+00:00
fanduel,MMA,aaffbaf0057c43a6a2fb2577da294f42,2026-05-09T22:45:00+00:00,Marco Tulio Silva,Roman Kopylov,moneyline,home,-194,-194,0,,,,2026-05-09T19:10:15.700893+00:00
draftkings,MMA,aaffbaf0057c43a6a2fb2577da294f42,2026-05-09T22:45:00+00:00,Marco Tulio Silva,Roman Kopylov,moneyline,home,-170,-185,-15,,,,2026-05-09T19:10:15.700893+00:00
betmgm,MMA,aaffbaf0057c43a6a2fb2577da294f42,2026-05-09T22:45:00+00:00,Marco Tulio Silva,Roman Kopylov,moneyline,home,-185,-185,0,,,,2026-05-09T19:10:15.700893+00:00
draftkings,MMA,aaffbaf0057c43a6a2fb2577da294f42,2026-05-09T22:45:00+00:00,Marco Tulio Silva,Roman Kopylov,spread,away,-110,-115,-5,3.5,3.5,0.0,2026-05-09T19:10:15.700893+00:00
draftkings,MMA,aaffbaf0057c43a6a2fb2577da294f42,2026-05-09T22:45:00+00:00,Marco Tulio Silva,Roman Kopylov,spread,home,-120,-115,5,-3.5,-3.5,0.0,2026-05-09T19:10:15.700893+00:00
betonlineag,MMA,aaffbaf0057c43a6a2fb2577da294f42,2026-05-09T22:45:00+00:00,Marco Tulio Silva,Roman Kopylov,total,over,120,-115,-235,2.5,2.5,0.0,2026-05-09T19:10:15.700893+00:00
draftkings,MMA,aaffbaf0057c43a6a2fb2577da294f42,2026-05-09T22:45:00+00:00,Marco Tulio Silva,Roman Kopylov,total,over,114,-115,-229,2.5,2.5,0.0,2026-05-09T19:10:15.700893+00:00
betonlineag,MMA,aaffbaf0057c43a6a2fb2577da294f42,2026-05-09T22:45:00+00:00,Marco Tulio Silva,Roman Kopylov,total,under,-140,-105,35,2.5,2.5,0.0,2026-05-09T19:10:15.700893+00:00
draftkings,MMA,aaffbaf0057c43a6a2fb2577da294f42,2026-05-09T22:45:00+00:00,Marco Tulio Silva,Roman Kopylov,total,under,-145,-115,30,2.5,2.5,0.0,2026-05-09T19:10:15.700893+00:00
betonlineag,MMA,afe4e26d4f1d30c3385ed1984f2eb684,2026-05-17T00:00:00+00:00,Trey Ogden,Thomas Gantt,moneyline,away,-240,-240,0,,,,2026-05-09T19:10:15.700893+00:00
betmgm,MMA,afe4e26d4f1d30c3385ed1984f2eb684,2026-05-17T00:00:00+00:00,Trey Ogden,Thomas Gantt,moneyline,away,-250,-250,0,,,,2026-05-09T19:10:15.700893+00:00
betonlineag,MMA,afe4e26d4f1d30c3385ed1984f2eb684,2026-05-17T00:00:00+00:00,Trey Ogden,Thomas Gantt,moneyline,home,205,205,0,,,,2026-05-09T19:10:15.700893+00:00
betmgm,MMA,afe4e26d4f1d30c3385ed1984f2eb684,2026-05-17T00:00:00+00:00,Trey Ogden,Thomas Gantt,moneyline,home,190,190,0,,,,2026-05-09T19:10:15.700893+00:00
betonlineag,MMA,b14ca50bcde757d3508c70099e4fdba5,2026-05-17T00:00:00+00:00,Salahdine Parnasse,Kenneth Cross,moneyline,away,750,800,50,,,,2026-05-09T19:10:15.700893+00:00
betonlineag,MMA,b14ca50bcde757d3508c70099e4fdba5,2026-05-17T00:00:00+00:00,Salahdine Parnasse,Kenneth Cross,moneyline,home,-1300,-1400,-100,,,,2026-05-09T19:10:15.700893+00:00
betonlineag,MMA,b1a902b892f239a0404c75781af22e87,2026-06-14T02:00:00+00:00,Alex Pereira,Jiri Prochazka,moneyline,away,250,250,0,,,,2026-05-09T19:10:15.700893+00:00
betonlineag,MMA,b1a902b892f239a0404c75781af22e87,2026-06-14T02:00:00+00:00,Alex Pereira,Jiri Prochazka,moneyline,home,-300,-300,0,,,,2026-05-09T19:10:15.700893+00:00
draftkings,MMA,b40b838fc3b12e959a10d678ed58321f,2026-12-31T19:25:00+00:00,Islam Makhachev,Kamaru Usman,moneyline,away,250,250,0,,,,2026-05-09T19:10:15.700893+00:00
draftkings,MMA,b40b838fc3b12e959a10d678ed58321f,2026-12-31T19:25:00+00:00,Islam Makhachev,Kamaru Usman,moneyline,home,-310,-310,0,,,,2026-05-09T19:10:15.700893+00:00
betonlineag,MMA,b444cdec29968852b6b5d79ff4c629b1,2026-05-09T21:15:00+00:00,Clayton Carpenter,Jose Ochoa,moneyline,away,-205,-170,35,,,,2026-05-09T19:10:15.700893+00:00
betmgm,MMA,b444cdec29968852b6b5d79ff4c629b1,2026-05-09T21:15:00+00:00,Clayton Carpenter,Jose Ochoa,moneyline,away,-185,-185,0,,,,2026-05-09T19:10:15.700893+00:00
draftkings,MMA,b444cdec29968852b6b5d79ff4c629b1,2026-05-09T21:15:00+00:00,Clayton Carpenter,Jose Ochoa,moneyline,away,-180,-180,0,,,,2026-05-09T19:10:15.700893+00:00
fanduel,MMA,b444cdec29968852b6b5d79ff4c629b1,2026-05-09T21:15:00+00:00,Clayton Carpenter,Jose Ochoa,moneyline,away,-205,-180,25,,,,2026-05-09T19:10:15.700893+00:00
betonlineag,MMA,b444cdec29968852b6b5d79ff4c629b1,2026-05-09T21:15:00+00:00,Clayton Carpenter,Jose Ochoa,moneyline,home,175,145,-30,,,,2026-05-09T19:10:15.700893+00:00
betmgm,MMA,b444cdec29968852b6b5d79ff4c629b1,2026-05-09T21:15:00+00:00,Clayton Carpenter,Jose Ochoa,moneyline,home,150,150,0,,,,2026-05-09T19:10:15.700893+00:00
draftkings,MMA,b444cdec29968852b6b5d79ff4c629b1,2026-05-09T21:15:00+00:00,Clayton Carpenter,Jose Ochoa,moneyline,home,150,150,0,,,,2026-05-09T19:10:15.700893+00:00
fanduel,MMA,b444cdec29968852b6b5d79ff4c629b1,2026-05-09T21:15:00+00:00,Clayton Carpenter,Jose Ochoa,moneyline,home,158,152,-6,,,,2026-05-09T19:10:15.700893+00:00
draftkings,MMA,b444cdec29968852b6b5d79ff4c629b1,2026-05-09T21:15:00+00:00,Clayton Carpenter,Jose Ochoa,spread,away,105,105,0,-3.5,-3.5,0.0,2026-05-09T19:10:15.700893+00:00
draftkings,MMA,b444cdec29968852b6b5d79ff4c629b1,2026-05-09T21:15:00+00:00,Clayton Carpenter,Jose Ochoa,spread,home,-140,-140,0,3.5,3.5,0.0,2026-05-09T19:10:15.700893+00:00
betonlineag,MMA,b444cdec29968852b6b5d79ff4c629b1,2026-05-09T21:15:00+00:00,Clayton Carpenter,Jose Ochoa,total,over,-200,-173,27,2.5,2.5,0.0,2026-05-09T19:10:15.700893+00:00
draftkings,MMA,b444cdec29968852b6b5d79ff4c629b1,2026-05-09T21:15:00+00:00,Clayton Carpenter,Jose Ochoa,total,over,-210,-195,15,2.5,2.5,0.0,2026-05-09T19:10:15.700893+00:00
betonlineag,MMA,b444cdec29968852b6b5d79ff4c629b1,2026-05-09T21:15:00+00:00,Clayton Carpenter,Jose Ochoa,total,under,174,152,-22,2.5,2.5,0.0,2026-05-09T19:10:15.700893+00:00
draftkings,MMA,b444cdec29968852b6b5d79ff4c629b1,2026-05-09T21:15:00+00:00,Clayton Carpenter,Jose Ochoa,total,under,160,150,-10,2.5,2.5,0.0,2026-05-09T19:10:15.700893+00:00
betonlineag,MMA,bca7261228cf53e0ef8c55e76cdf2138,2026-05-10T01:15:00+00:00,King Green,Jeremy Stephens,moneyline,away,-300,365,665,,,,2026-05-09T19:10:15.700893+00:00
draftkings,MMA,bca7261228cf53e0ef8c55e76cdf2138,2026-05-10T01:15:00+00:00,King Green,Jeremy Stephens,moneyline,away,-305,330,635,,,,2026-05-09T19:10:15.700893+00:00
fanduel,MMA,bca7261228cf53e0ef8c55e76cdf2138,2026-05-10T01:15:00+00:00,King Green,Jeremy Stephens,moneyline,away,-330,315,645,,,,2026-05-09T19:10:15.700893+00:00
betmgm,MMA,bca7261228cf53e0ef8c55e76cdf2138,2026-05-10T01:15:00+00:00,King Green,Jeremy Stephens,moneyline,away,-300,310,610,,,,2026-05-09T19:10:15.700893+00:00
betonlineag,MMA,bca7261228cf53e0ef8c55e76cdf2138,2026-05-10T01:15:00+00:00,King Green,Jeremy Stephens,moneyline,home,250,-435,-685,,,,2026-05-09T19:10:15.700893+00:00
draftkings,MMA,bca7261228cf53e0ef8c55e76cdf2138,2026-05-10T01:15:00+00:00,King Green,Jeremy Stephens,moneyline,home,245,-425,-670,,,,2026-05-09T19:10:15.700893+00:00
fanduel,MMA,bca7261228cf53e0ef8c55e76cdf2138,2026-05-10T01:15:00+00:00,King Green,Jeremy Stephens,moneyline,home,240,-400,-640,,,,2026-05-09T19:10:15.700893+00:00
betmgm,MMA,bca7261228cf53e0ef8c55e76cdf2138,2026-05-10T01:15:00+00:00,King Green,Jeremy Stephens,moneyline,home,240,-400,-640,,,,2026-05-09T19:10:15.700893+00:00
draftkings,MMA,bca7261228cf53e0ef8c55e76cdf2138,2026-05-10T01:15:00+00:00,King Green,Jeremy Stephens,spread,away,-115,-110,5,-5.5,5.5,11.0,2026-05-09T19:10:15.700893+00:00
draftkings,MMA,bca7261228cf53e0ef8c55e76cdf2138,2026-05-10T01:15:00+00:00,King Green,Jeremy Stephens,spread,home,-115,-120,-5,5.5,-5.5,-11.0,2026-05-09T19:10:15.700893+00:00
betonlineag,MMA,bca7261228cf53e0ef8c55e76cdf2138,2026-05-10T01:15:00+00:00,King Green,Jeremy Stephens,total,over,-155,-145,10,2.5,2.5,0.0,2026-05-09T19:10:15.700893+00:00
draftkings,MMA,bca7261228cf53e0ef8c55e76cdf2138,2026-05-10T01:15:00+00:00,King Green,Jeremy Stephens,total,over,-160,-160,0,2.5,2.5,0.0,2026-05-09T19:10:15.700893+00:00
betonlineag,MMA,bca7261228cf53e0ef8c55e76cdf2138,2026-05-10T01:15:00+00:00,King Green,Jeremy Stephens,total,under,135,125,-10,2.5,2.5,0.0,2026-05-09T19:10:15.700893+00:00
draftkings,MMA,bca7261228cf53e0ef8c55e76cdf2138,2026-05-10T01:15:00+00:00,King Green,Jeremy Stephens,total,under,124,124,0,2.5,2.5,0.0,2026-05-09T19:10:15.700893+00:00
betonlineag,MMA,c74a1465a2254bcafc56226ac277d87c,2026-05-17T00:00:00+00:00,Shauna Bannon,Nicolle Caliari,moneyline,away,-180,-180,0,,,,2026-05-09T19:10:15.700893+00:00
draftkings,MMA,c74a1465a2254bcafc56226ac277d87c,2026-05-17T00:00:00+00:00,Shauna Bannon,Nicolle Caliari,moneyline,away,-180,-180,0,,,,2026-05-09T19:10:15.700893+00:00
betmgm,MMA,c74a1465a2254bcafc56226ac277d87c,2026-05-17T00:00:00+00:00,Shauna Bannon,Nicolle Caliari,moneyline,away,-190,-190,0,,,,2026-05-09T19:10:15.700893+00:00
betonlineag,MMA,c74a1465a2254bcafc56226ac277d87c,2026-05-17T00:00:00+00:00,Shauna Bannon,Nicolle Caliari,moneyline,home,155,155,0,,,,2026-05-09T19:10:15.700893+00:00
draftkings,MMA,c74a1465a2254bcafc56226ac277d87c,2026-05-17T00:00:00+00:00,Shauna Bannon,Nicolle Caliari,moneyline,home,150,150,0,,,,2026-05-09T19:10:15.700893+00:00
betmgm,MMA,c74a1465a2254bcafc56226ac277d87c,2026-05-17T00:00:00+00:00,Shauna Bannon,Nicolle Caliari,moneyline,home,145,145,0,,,,2026-05-09T19:10:15.700893+00:00
betonlineag,MMA,c8dbccd9eda383d9c76dc15e4a3c96a7,2026-06-14T02:00:00+00:00,Alex Pereira,Carlos Ulberg,moneyline,away,150,150,0,,,,2026-05-09T19:10:15.700893+00:00
betonlineag,MMA,c8dbccd9eda383d9c76dc15e4a3c96a7,2026-06-14T02:00:00+00:00,Alex Pereira,Carlos Ulberg,moneyline,home,-175,-175,0,,,,2026-05-09T19:10:15.700893+00:00
betonlineag,MMA,ca777108e0085b6c5158365c22895c5a,2026-05-17T00:00:00+00:00,Arnold Allen,Melquizael Costa,moneyline,away,140,150,10,,,,2026-05-09T19:10:15.700893+00:00
draftkings,MMA,ca777108e0085b6c5158365c22895c5a,2026-05-17T00:00:00+00:00,Arnold Allen,Melquizael Costa,moneyline,away,140,154,14,,,,2026-05-09T19:10:15.700893+00:00
betmgm,MMA,ca777108e0085b6c5158365c22895c5a,2026-05-17T00:00:00+00:00,Arnold Allen,Melquizael Costa,moneyline,away,130,130,0,,,,2026-05-09T19:10:15.700893+00:00
betonlineag,MMA,ca777108e0085b6c5158365c22895c5a,2026-05-17T00:00:00+00:00,Arnold Allen,Melquizael Costa,moneyline,home,-160,-175,-15,,,,2026-05-09T19:10:15.700893+00:00
draftkings,MMA,ca777108e0085b6c5158365c22895c5a,2026-05-17T00:00:00+00:00,Arnold Allen,Melquizael Costa,moneyline,home,-166,-185,-19,,,,2026-05-09T19:10:15.700893+00:00
betmgm,MMA,ca777108e0085b6c5158365c22895c5a,2026-05-17T00:00:00+00:00,Arnold Allen,Melquizael Costa,moneyline,home,-170,-170,0,,,,2026-05-09T19:10:15.700893+00:00
betonlineag,MMA,ceef4e8aecdbe54bcef9583189370793,2026-05-09T23:45:00+00:00,Mateusz Rebecki,Grant Dawson,moneyline,away,-145,-144,1,,,,2026-05-09T19:10:15.700893+00:00
fanduel,MMA,ceef4e8aecdbe54bcef9583189370793,2026-05-09T23:45:00+00:00,Mateusz Rebecki,Grant Dawson,moneyline,away,-140,-146,-6,,,,2026-05-09T19:10:15.700893+00:00
draftkings,MMA,ceef4e8aecdbe54bcef9583189370793,2026-05-09T23:45:00+00:00,Mateusz Rebecki,Grant Dawson,moneyline,away,-148,-148,0,,,,2026-05-09T19:10:15.700893+00:00
betmgm,MMA,ceef4e8aecdbe54bcef9583189370793,2026-05-09T23:45:00+00:00,Mateusz Rebecki,Grant Dawson,moneyline,away,-145,-150,-5,,,,2026-05-09T19:10:15.700893+00:00
betonlineag,MMA,ceef4e8aecdbe54bcef9583189370793,2026-05-09T23:45:00+00:00,Mateusz Rebecki,Grant Dawson,moneyline,home,125,124,-1,,,,2026-05-09T19:10:15.700893+00:00
fanduel,MMA,ceef4e8aecdbe54bcef9583189370793,2026-05-09T23:45:00+00:00,Mateusz Rebecki,Grant Dawson,moneyline,home,110,124,14,,,,2026-05-09T19:10:15.700893+00:00
draftkings,MMA,ceef4e8aecdbe54bcef9583189370793,2026-05-09T23:45:00+00:00,Mateusz Rebecki,Grant Dawson,moneyline,home,124,124,0,,,,2026-05-09T19:10:15.700893+00:00
betmgm,MMA,ceef4e8aecdbe54bcef9583189370793,2026-05-09T23:45:00+00:00,Mateusz Rebecki,Grant Dawson,moneyline,home,120,125,5,,,,2026-05-09T19:10:15.700893+00:00
draftkings,MMA,ceef4e8aecdbe54bcef9583189370793,2026-05-09T23:45:00+00:00,Mateusz Rebecki,Grant Dawson,spread,away,120,130,10,-3.5,-3.5,0.0,2026-05-09T19:10:15.700893+00:00
draftkings,MMA,ceef4e8aecdbe54bcef9583189370793,2026-05-09T23:45:00+00:00,Mateusz Rebecki,Grant Dawson,spread,home,-160,-175,-15,3.5,3.5,0.0,2026-05-09T19:10:15.700893+00:00
betonlineag,MMA,ceef4e8aecdbe54bcef9583189370793,2026-05-09T23:45:00+00:00,Mateusz Rebecki,Grant Dawson,total,over,-145,-145,0,2.5,2.5,0.0,2026-05-09T19:10:15.700893+00:00
draftkings,MMA,ceef4e8aecdbe54bcef9583189370793,2026-05-09T23:45:00+00:00,Mateusz Rebecki,Grant Dawson,total,over,-154,-145,9,2.5,2.5,0.0,2026-05-09T19:10:15.700893+00:00
betonlineag,MMA,ceef4e8aecdbe54bcef9583189370793,2026-05-09T23:45:00+00:00,Mateusz Rebecki,Grant Dawson,total,under,125,125,0,2.5,2.5,0.0,2026-05-09T19:10:15.700893+00:00
draftkings,MMA,ceef4e8aecdbe54bcef9583189370793,2026-05-09T23:45:00+00:00,Mateusz Rebecki,Grant Dawson,total,under,120,114,-6,2.5,2.5,0.0,2026-05-09T19:10:15.700893+00:00
betonlineag,MMA,d1e8ff0d03f502811b1edc152b2e842f,2026-05-17T00:00:00+00:00,Junior dos Santos,Robelis Despaigne,moneyline,away,-400,-500,-100,,,,2026-05-09T19:10:15.700893+00:00
betonlineag,MMA,d1e8ff0d03f502811b1edc152b2e842f,2026-05-17T00:00:00+00:00,Junior dos Santos,Robelis Despaigne,moneyline,home,300,375,75,,,,2026-05-09T19:10:15.700893+00:00
betonlineag,MMA,d6383c3901d6bb96b5ed6be3c416563a,2026-05-10T00:45:00+00:00,Ateba Gautier,Ozzy Diaz,moneyline,away,700,775,75,,,,2026-05-09T19:10:15.700893+00:00
betmgm,MMA,d6383c3901d6bb96b5ed6be3c416563a,2026-05-10T00:45:00+00:00,Ateba Gautier,Ozzy Diaz,moneyline,away,650,775,125,,,,2026-05-09T19:10:15.700893+00:00
draftkings,MMA,d6383c3901d6bb96b5ed6be3c416563a,2026-05-10T00:45:00+00:00,Ateba Gautier,Ozzy Diaz,moneyline,away,700,675,-25,,,,2026-05-09T19:10:15.700893+00:00
fanduel,MMA,d6383c3901d6bb96b5ed6be3c416563a,2026-05-10T00:45:00+00:00,Ateba Gautier,Ozzy Diaz,moneyline,away,600,750,150,,,,2026-05-09T19:10:15.700893+00:00
betonlineag,MMA,d6383c3901d6bb96b5ed6be3c416563a,2026-05-10T00:45:00+00:00,Ateba Gautier,Ozzy Diaz,moneyline,home,-1100,-1200,-100,,,,2026-05-09T19:10:15.700893+00:00
betmgm,MMA,d6383c3901d6bb96b5ed6be3c416563a,2026-05-10T00:45:00+00:00,Ateba Gautier,Ozzy Diaz,moneyline,home,-1000,-1400,-400,,,,2026-05-09T19:10:15.700893+00:00
draftkings,MMA,d6383c3901d6bb96b5ed6be3c416563a,2026-05-10T00:45:00+00:00,Ateba Gautier,Ozzy Diaz,moneyline,home,-1100,-1050,50,,,,2026-05-09T19:10:15.700893+00:00
fanduel,MMA,d6383c3901d6bb96b5ed6be3c416563a,2026-05-10T00:45:00+00:00,Ateba Gautier,Ozzy Diaz,moneyline,home,-1100,-1200,-100,,,,2026-05-09T19:10:15.700893+00:00
draftkings,MMA,d6383c3901d6bb96b5ed6be3c416563a,2026-05-10T00:45:00+00:00,Ateba Gautier,Ozzy Diaz,spread,away,475,450,-25,7.5,7.5,0.0,2026-05-09T19:10:15.700893+00:00
draftkings,MMA,d6383c3901d6bb96b5ed6be3c416563a,2026-05-10T00:45:00+00:00,Ateba Gautier,Ozzy Diaz,spread,home,-900,-800,100,-7.5,-7.5,0.0,2026-05-09T19:10:15.700893+00:00
betonlineag,MMA,d6383c3901d6bb96b5ed6be3c416563a,2026-05-10T00:45:00+00:00,Ateba Gautier,Ozzy Diaz,total,over,245,195,-50,1.5,1.5,0.0,2026-05-09T19:10:15.700893+00:00
draftkings,MMA,d6383c3901d6bb96b5ed6be3c416563a,2026-05-10T00:45:00+00:00,Ateba Gautier,Ozzy Diaz,total,over,230,185,-45,1.5,1.5,0.0,2026-05-09T19:10:15.700893+00:00
betonlineag,MMA,d6383c3901d6bb96b5ed6be3c416563a,2026-05-10T00:45:00+00:00,Ateba Gautier,Ozzy Diaz,total,under,-300,-235,65,1.5,1.5,0.0,2026-05-09T19:10:15.700893+00:00
draftkings,MMA,d6383c3901d6bb96b5ed6be3c416563a,2026-05-10T00:45:00+00:00,Ateba Gautier,Ozzy Diaz,total,under,-315,-245,70,1.5,1.5,0.0,2026-05-09T19:10:15.700893+00:00
betonlineag,MMA,dc70600ccf557c5bce24b0f1e73fa45f,2026-05-10T02:15:00+00:00,Waldo Cortes-Acosta,Alexander Volkov,moneyline,away,-190,-135,55,,,,2026-05-09T19:10:15.700893+00:00
draftkings,MMA,dc70600ccf557c5bce24b0f1e73fa45f,2026-05-10T02:15:00+00:00,Waldo Cortes-Acosta,Alexander Volkov,moneyline,away,-185,-125,60,,,,2026-05-09T19:10:15.700893+00:00
fanduel,MMA,dc70600ccf557c5bce24b0f1e73fa45f,2026-05-10T02:15:00+00:00,Waldo Cortes-Acosta,Alexander Volkov,moneyline,away,-174,-146,28,,,,2026-05-09T19:10:15.700893+00:00
betmgm,MMA,dc70600ccf557c5bce24b0f1e73fa45f,2026-05-10T02:15:00+00:00,Waldo Cortes-Acosta,Alexander Volkov,moneyline,away,-190,-145,45,,,,2026-05-09T19:10:15.700893+00:00
betonlineag,MMA,dc70600ccf557c5bce24b0f1e73fa45f,2026-05-10T02:15:00+00:00,Waldo Cortes-Acosta,Alexander Volkov,moneyline,home,165,115,-50,,,,2026-05-09T19:10:15.700893+00:00
draftkings,MMA,dc70600ccf557c5bce24b0f1e73fa45f,2026-05-10T02:15:00+00:00,Waldo Cortes-Acosta,Alexander Volkov,moneyline,home,154,105,-49,,,,2026-05-09T19:10:15.700893+00:00
fanduel,MMA,dc70600ccf557c5bce24b0f1e73fa45f,2026-05-10T02:15:00+00:00,Waldo Cortes-Acosta,Alexander Volkov,moneyline,home,136,124,-12,,,,2026-05-09T19:10:15.700893+00:00
betmgm,MMA,dc70600ccf557c5bce24b0f1e73fa45f,2026-05-10T02:15:00+00:00,Waldo Cortes-Acosta,Alexander Volkov,moneyline,home,155,120,-35,,,,2026-05-09T19:10:15.700893+00:00
draftkings,MMA,dc70600ccf557c5bce24b0f1e73fa45f,2026-05-10T02:15:00+00:00,Waldo Cortes-Acosta,Alexander Volkov,spread,away,115,150,35,-3.5,-3.5,0.0,2026-05-09T19:10:15.700893+00:00
draftkings,MMA,dc70600ccf557c5bce24b0f1e73fa45f,2026-05-10T02:15:00+00:00,Waldo Cortes-Acosta,Alexander Volkov,spread,home,-155,-205,-50,3.5,3.5,0.0,2026-05-09T19:10:15.700893+00:00
betonlineag,MMA,dc70600ccf557c5bce24b0f1e73fa45f,2026-05-10T02:15:00+00:00,Waldo Cortes-Acosta,Alexander Volkov,total,over,-180,-200,-20,2.5,2.5,0.0,2026-05-09T19:10:15.700893+00:00
draftkings,MMA,dc70600ccf557c5bce24b0f1e73fa45f,2026-05-10T02:15:00+00:00,Waldo Cortes-Acosta,Alexander Volkov,total,over,-230,-230,0,2.5,2.5,0.0,2026-05-09T19:10:15.700893+00:00
betonlineag,MMA,dc70600ccf557c5bce24b0f1e73fa45f,2026-05-10T02:15:00+00:00,Waldo Cortes-Acosta,Alexander Volkov,total,under,157,174,17,2.5,2.5,0.0,2026-05-09T19:10:15.700893+00:00
draftkings,MMA,dc70600ccf557c5bce24b0f1e73fa45f,2026-05-10T02:15:00+00:00,Waldo Cortes-Acosta,Alexander Volkov,total,under,175,175,0,2.5,2.5,0.0,2026-05-09T19:10:15.700893+00:00
betonlineag,MMA,dd012ae91033b75cbf3eb387e13b575a,2026-05-09T23:15:00+00:00,Jared Gordon,Jim Miller,moneyline,away,285,220,-65,,,,2026-05-09T19:10:15.700893+00:00
fanduel,MMA,dd012ae91033b75cbf3eb387e13b575a,2026-05-09T23:15:00+00:00,Jared Gordon,Jim Miller,moneyline,away,240,235,-5,,,,2026-05-09T19:10:15.700893+00:00
draftkings,MMA,dd012ae91033b75cbf3eb387e13b575a,2026-05-09T23:15:00+00:00,Jared Gordon,Jim Miller,moneyline,away,260,210,-50,,,,2026-05-09T19:10:15.700893+00:00
betmgm,MMA,dd012ae91033b75cbf3eb387e13b575a,2026-05-09T23:15:00+00:00,Jared Gordon,Jim Miller,moneyline,away,240,225,-15,,,,2026-05-09T19:10:15.700893+00:00
betonlineag,MMA,dd012ae91033b75cbf3eb387e13b575a,2026-05-09T23:15:00+00:00,Jared Gordon,Jim Miller,moneyline,home,-350,-260,90,,,,2026-05-09T19:10:15.700893+00:00
fanduel,MMA,dd012ae91033b75cbf3eb387e13b575a,2026-05-09T23:15:00+00:00,Jared Gordon,Jim Miller,moneyline,home,-330,-290,40,,,,2026-05-09T19:10:15.700893+00:00
draftkings,MMA,dd012ae91033b75cbf3eb387e13b575a,2026-05-09T23:15:00+00:00,Jared Gordon,Jim Miller,moneyline,home,-325,-258,67,,,,2026-05-09T19:10:15.700893+00:00
betmgm,MMA,dd012ae91033b75cbf3eb387e13b575a,2026-05-09T23:15:00+00:00,Jared Gordon,Jim Miller,moneyline,home,-300,-275,25,,,,2026-05-09T19:10:15.700893+00:00
draftkings,MMA,dd012ae91033b75cbf3eb387e13b575a,2026-05-09T23:15:00+00:00,Jared Gordon,Jim Miller,spread,away,-105,-115,-10,3.5,3.5,0.0,2026-05-09T19:10:15.700893+00:00
draftkings,MMA,dd012ae91033b75cbf3eb387e13b575a,2026-05-09T23:15:00+00:00,Jared Gordon,Jim Miller,spread,home,-130,-115,15,-3.5,-3.5,0.0,2026-05-09T19:10:15.700893+00:00
betonlineag,MMA,dd012ae91033b75cbf3eb387e13b575a,2026-05-09T23:15:00+00:00,Jared Gordon,Jim Miller,total,over,-190,-160,30,2.5,2.5,0.0,2026-05-09T19:10:15.700893+00:00
draftkings,MMA,dd012ae91033b75cbf3eb387e13b575a,2026-05-09T23:15:00+00:00,Jared Gordon,Jim Miller,total,over,-200,-180,20,2.5,2.5,0.0,2026-05-09T19:10:15.700893+00:00
betonlineag,MMA,dd012ae91033b75cbf3eb387e13b575a,2026-05-09T23:15:00+00:00,Jared Gordon,Jim Miller,total,under,165,140,-25,2.5,2.5,0.0,2026-05-09T19:10:15.700893+00:00
draftkings,MMA,dd012ae91033b75cbf3eb387e13b575a,2026-05-09T23:15:00+00:00,Jared Gordon,Jim Miller,total,under,154,140,-14,2.5,2.5,0.0,2026-05-09T19:10:15.700893+00:00
draftkings,MMA,e34a17d5cf2a82a5161a54631e06770c,2026-06-14T07:00:00+00:00,Justin Gaethje,Ilia Topuria,moneyline,away,-700,-750,-50,,,,2026-05-09T19:10:15.700893+00:00
betonlineag,MMA,e34a17d5cf2a82a5161a54631e06770c,2026-06-14T07:00:00+00:00,Justin Gaethje,Ilia Topuria,moneyline,away,-800,-800,0,,,,2026-05-09T19:10:15.700893+00:00
fanduel,MMA,e34a17d5cf2a82a5161a54631e06770c,2026-06-14T07:00:00+00:00,Justin Gaethje,Ilia Topuria,moneyline,away,-750,-750,0,,,,2026-05-09T19:10:15.700893+00:00
betmgm,MMA,e34a17d5cf2a82a5161a54631e06770c,2026-06-14T07:00:00+00:00,Justin Gaethje,Ilia Topuria,moneyline,away,-1000,-1000,0,,,,2026-05-09T19:10:15.700893+00:00
draftkings,MMA,e34a17d5cf2a82a5161a54631e06770c,2026-06-14T07:00:00+00:00,Justin Gaethje,Ilia Topuria,moneyline,home,500,525,25,,,,2026-05-09T19:10:15.700893+00:00
betonlineag,MMA,e34a17d5cf2a82a5161a54631e06770c,2026-06-14T07:00:00+00:00,Justin Gaethje,Ilia Topuria,moneyline,home,550,550,0,,,,2026-05-09T19:10:15.700893+00:00
fanduel,MMA,e34a17d5cf2a82a5161a54631e06770c,2026-06-14T07:00:00+00:00,Justin Gaethje,Ilia Topuria,moneyline,home,460,460,0,,,,2026-05-09T19:10:15.700893+00:00
betmgm,MMA,e34a17d5cf2a82a5161a54631e06770c,2026-06-14T07:00:00+00:00,Justin Gaethje,Ilia Topuria,moneyline,home,525,525,0,,,,2026-05-09T19:10:15.700893+00:00
betonlineag,MMA,e7a638f5736f2d0edc762b56fc404f74,2026-06-14T02:00:00+00:00,Alex Pereira,Jon Jones,moneyline,away,-250,-250,0,,,,2026-05-09T19:10:15.700893+00:00
betonlineag,MMA,e7a638f5736f2d0edc762b56fc404f74,2026-06-14T02:00:00+00:00,Alex Pereira,Jon Jones,moneyline,home,210,210,0,,,,2026-05-09T19:10:15.700893+00:00
betonlineag,MMA,ee37a39c1d8a992a65c6ff399fa48c63,2026-06-28T02:00:00+00:00,Alexandre Pantoja,Joshua Van,moneyline,away,155,155,0,,,,2026-05-09T19:10:15.700893+00:00
betonlineag,MMA,ee37a39c1d8a992a65c6ff399fa48c63,2026-06-28T02:00:00+00:00,Alexandre Pantoja,Joshua Van,moneyline,home,-180,-180,0,,,,2026-05-09T19:10:15.700893+00:00
betonlineag,MMA,ee6203b3168fb34a63a60ad51dd01050,2026-06-28T02:00:00+00:00,Weili Zhang,Mackenzie Dern,moneyline,away,350,350,0,,,,2026-05-09T19:10:15.700893+00:00
betonlineag,MMA,ee6203b3168fb34a63a60ad51dd01050,2026-06-28T02:00:00+00:00,Weili Zhang,Mackenzie Dern,moneyline,home,-450,-450,0,,,,2026-05-09T19:10:15.700893+00:00
betonlineag,MMA,f09d8755975042bcd105a5ab258253ff,2026-08-02T03:10:00+00:00,Ilia Topuria,Arman Tsarukyan,moneyline,away,165,165,0,,,,2026-05-09T19:10:15.700893+00:00
betonlineag,MMA,f09d8755975042bcd105a5ab258253ff,2026-08-02T03:10:00+00:00,Ilia Topuria,Arman Tsarukyan,moneyline,home,-190,-190,0,,,,2026-05-09T19:10:15.700893+00:00
betonlineag,MMA,f1fb488f82150df01e4c09f56f5efe09,2026-06-02T02:00:00+00:00,Islam Makhachev,Ilia Topuria,moneyline,away,199,199,0,,,,2026-05-09T19:10:15.700893+00:00
betonlineag,MMA,f1fb488f82150df01e4c09f56f5efe09,2026-06-02T02:00:00+00:00,Islam Makhachev,Ilia Topuria,moneyline,home,-234,-234,0,,,,2026-05-09T19:10:15.700893+00:00
fanduel,MMA,f7214563fa457f83d32ae08128c0dfa1,2026-05-10T01:00:00+00:00,Jan Blachowicz,Bogdan Guskov,moneyline,away,-136,-136,0,,,,2026-05-04T12:16:24.640404+00:00
fanduel,MMA,f7214563fa457f83d32ae08128c0dfa1,2026-05-10T01:00:00+00:00,Jan Blachowicz,Bogdan Guskov,moneyline,home,106,106,0,,,,2026-05-04T12:16:24.640404+00:00
draftkings,MMA,fa2d7e022c2c47e0855f04084d08f163,2026-12-31T20:00:00+00:00,Tom Aspinall,Ciryl Gane,moneyline,away,160,160,0,,,,2026-05-09T19:10:15.700893+00:00
draftkings,MMA,fa2d7e022c2c47e0855f04084d08f163,2026-12-31T20:00:00+00:00,Tom Aspinall,Ciryl Gane,moneyline,home,-192,-192,0,,,,2026-05-09T19:10:15.700893+00:00
betonlineag,MMA,fcee675894f8285afc8daf0808198b74,2027-07-02T02:00:00+00:00,Islam Makhachev,Kamaru Usman,moneyline,away,270,270,0,,,,2026-05-09T19:10:15.700893+00:00
betonlineag,MMA,fcee675894f8285afc8daf0808198b74,2027-07-02T02:00:00+00:00,Islam Makhachev,Kamaru Usman,moneyline,home,-330,-330,0,,,,2026-05-09T19:10:15.700893+00:00
fanduel,MMA,mma_stub_001,2026-05-22T18:23:40.424014+00:00,Jon Jones,Stipe Miocic,moneyline,away,210,210,0,,,,2026-05-15T18:23:40.425079+00:00
fanduel,MMA,mma_stub_001,2026-05-22T18:23:40.424014+00:00,Jon Jones,Stipe Miocic,moneyline,home,-250,-250,0,,,,2026-05-15T18:23:40.425079+00:00
fanduel,MMA,mma_stub_002,2026-05-22T20:23:40.424014+00:00,Islam Makhachev,Charles Oliveira,moneyline,away,155,155,0,,,,2026-05-15T18:23:40.425079+00:00
fanduel,MMA,mma_stub_002,2026-05-22T20:23:40.424014+00:00,Islam Makhachev,Charles Oliveira,moneyline,home,-180,-180,0,,,,2026-05-15T18:23:40.425079+00:00
fanduel,NBA,0d7933fbc3dd3e384f9b709cff4e882c,2026-05-05T23:10:00+00:00,Detroit Pistons,Cleveland Cavaliers,moneyline,away,130,390,260,,,,2026-05-05T23:53:49.663484+00:00
draftkings,NBA,0d7933fbc3dd3e384f9b709cff4e882c,2026-05-05T23:10:00+00:00,Detroit Pistons,Cleveland Cavaliers,moneyline,away,130,360,230,,,,2026-05-05T23:53:49.663484+00:00
betonlineag,NBA,0d7933fbc3dd3e384f9b709cff4e882c,2026-05-05T23:10:00+00:00,Detroit Pistons,Cleveland Cavaliers,moneyline,away,130,137,7,,,,2026-05-05T22:31:06.267121+00:00
betmgm,NBA,0d7933fbc3dd3e384f9b709cff4e882c,2026-05-05T23:10:00+00:00,Detroit Pistons,Cleveland Cavaliers,moneyline,away,125,340,215,,,,2026-05-05T23:53:49.663484+00:00
fanduel,NBA,0d7933fbc3dd3e384f9b709cff4e882c,2026-05-05T23:10:00+00:00,Detroit Pistons,Cleveland Cavaliers,moneyline,home,-154,-590,-436,,,,2026-05-05T23:53:49.663484+00:00
draftkings,NBA,0d7933fbc3dd3e384f9b709cff4e882c,2026-05-05T23:10:00+00:00,Detroit Pistons,Cleveland Cavaliers,moneyline,home,-155,-540,-385,,,,2026-05-05T23:53:49.663484+00:00
betonlineag,NBA,0d7933fbc3dd3e384f9b709cff4e882c,2026-05-05T23:10:00+00:00,Detroit Pistons,Cleveland Cavaliers,moneyline,home,-150,-157,-7,,,,2026-05-05T22:31:06.267121+00:00
betmgm,NBA,0d7933fbc3dd3e384f9b709cff4e882c,2026-05-05T23:10:00+00:00,Detroit Pistons,Cleveland Cavaliers,moneyline,home,-150,-500,-350,,,,2026-05-05T23:53:49.663484+00:00
fanduel,NBA,0d7933fbc3dd3e384f9b709cff4e882c,2026-05-05T23:10:00+00:00,Detroit Pistons,Cleveland Cavaliers,spread,away,-118,-110,8,3.5,10.5,7.0,2026-05-05T23:53:49.663484+00:00
draftkings,NBA,0d7933fbc3dd3e384f9b709cff4e882c,2026-05-05T23:10:00+00:00,Detroit Pistons,Cleveland Cavaliers,spread,away,-115,-120,-5,3.5,10.5,7.0,2026-05-05T23:53:49.663484+00:00
betonlineag,NBA,0d7933fbc3dd3e384f9b709cff4e882c,2026-05-05T23:10:00+00:00,Detroit Pistons,Cleveland Cavaliers,spread,away,-110,-110,0,3.0,3.5,0.5,2026-05-05T22:31:06.267121+00:00
betmgm,NBA,0d7933fbc3dd3e384f9b709cff4e882c,2026-05-05T23:10:00+00:00,Detroit Pistons,Cleveland Cavaliers,spread,away,-102,-110,-8,2.5,9.5,7.0,2026-05-05T23:53:49.663484+00:00
fanduel,NBA,0d7933fbc3dd3e384f9b709cff4e882c,2026-05-05T23:10:00+00:00,Detroit Pistons,Cleveland Cavaliers,spread,home,-104,-120,-16,-3.5,-10.5,-7.0,2026-05-05T23:53:49.663484+00:00
draftkings,NBA,0d7933fbc3dd3e384f9b709cff4e882c,2026-05-05T23:10:00+00:00,Detroit Pistons,Cleveland Cavaliers,spread,home,-105,-110,-5,-3.5,-10.5,-7.0,2026-05-05T23:53:49.663484+00:00
betonlineag,NBA,0d7933fbc3dd3e384f9b709cff4e882c,2026-05-05T23:10:00+00:00,Detroit Pistons,Cleveland Cavaliers,spread,home,-110,-110,0,-3.0,-3.5,-0.5,2026-05-05T22:31:06.267121+00:00
betmgm,NBA,0d7933fbc3dd3e384f9b709cff4e882c,2026-05-05T23:10:00+00:00,Detroit Pistons,Cleveland Cavaliers,spread,home,-118,-115,3,-2.5,-9.5,-7.0,2026-05-05T23:53:49.663484+00:00
fanduel,NBA,0d7933fbc3dd3e384f9b709cff4e882c,2026-05-05T23:10:00+00:00,Detroit Pistons,Cleveland Cavaliers,total,over,-114,-104,10,213.5,219.5,6.0,2026-05-05T23:53:49.663484+00:00
draftkings,NBA,0d7933fbc3dd3e384f9b709cff4e882c,2026-05-05T23:10:00+00:00,Detroit Pistons,Cleveland Cavaliers,total,over,-110,-120,-10,214.5,218.5,4.0,2026-05-05T23:53:49.663484+00:00
betonlineag,NBA,0d7933fbc3dd3e384f9b709cff4e882c,2026-05-05T23:10:00+00:00,Detroit Pistons,Cleveland Cavaliers,total,over,-115,-110,5,214.0,217.0,3.0,2026-05-05T22:31:06.267121+00:00
betmgm,NBA,0d7933fbc3dd3e384f9b709cff4e882c,2026-05-05T23:10:00+00:00,Detroit Pistons,Cleveland Cavaliers,total,over,-115,-115,0,213.5,218.5,5.0,2026-05-05T23:53:49.663484+00:00
fanduel,NBA,0d7933fbc3dd3e384f9b709cff4e882c,2026-05-05T23:10:00+00:00,Detroit Pistons,Cleveland Cavaliers,total,under,-106,-128,-22,213.5,219.5,6.0,2026-05-05T23:53:49.663484+00:00
draftkings,NBA,0d7933fbc3dd3e384f9b709cff4e882c,2026-05-05T23:10:00+00:00,Detroit Pistons,Cleveland Cavaliers,total,under,-110,-110,0,214.5,218.5,4.0,2026-05-05T23:53:49.663484+00:00
betonlineag,NBA,0d7933fbc3dd3e384f9b709cff4e882c,2026-05-05T23:10:00+00:00,Detroit Pistons,Cleveland Cavaliers,total,under,-105,-110,-5,214.0,217.0,3.0,2026-05-05T22:31:06.267121+00:00
betmgm,NBA,0d7933fbc3dd3e384f9b709cff4e882c,2026-05-05T23:10:00+00:00,Detroit Pistons,Cleveland Cavaliers,total,under,-105,-115,-10,213.5,218.5,5.0,2026-05-05T23:53:49.663484+00:00
fanduel,NBA,1b5c084f510006e8f30cd6cac40e231d,2026-05-09T01:48:00+00:00,Minnesota Timberwolves,San Antonio Spurs,moneyline,away,-172,-290,-118,,,,2026-05-09T02:39:35.910447+00:00
draftkings,NBA,1b5c084f510006e8f30cd6cac40e231d,2026-05-09T01:48:00+00:00,Minnesota Timberwolves,San Antonio Spurs,moneyline,away,-162,-245,-83,,,,2026-05-09T02:39:35.910447+00:00
betmgm,NBA,1b5c084f510006e8f30cd6cac40e231d,2026-05-09T01:48:00+00:00,Minnesota Timberwolves,San Antonio Spurs,moneyline,away,-170,-225,-55,,,,2026-05-09T02:39:35.910447+00:00
betonlineag,NBA,1b5c084f510006e8f30cd6cac40e231d,2026-05-09T01:40:00+00:00,Minnesota Timberwolves,San Antonio Spurs,moneyline,away,-170,-215,-45,,,,2026-05-08T23:58:37.280018+00:00
fanduel,NBA,1b5c084f510006e8f30cd6cac40e231d,2026-05-09T01:48:00+00:00,Minnesota Timberwolves,San Antonio Spurs,moneyline,home,144,215,71,,,,2026-05-09T02:39:35.910447+00:00
draftkings,NBA,1b5c084f510006e8f30cd6cac40e231d,2026-05-09T01:48:00+00:00,Minnesota Timberwolves,San Antonio Spurs,moneyline,home,136,185,49,,,,2026-05-09T02:39:35.910447+00:00
betmgm,NBA,1b5c084f510006e8f30cd6cac40e231d,2026-05-09T01:48:00+00:00,Minnesota Timberwolves,San Antonio Spurs,moneyline,home,140,175,35,,,,2026-05-09T02:39:35.910447+00:00
betonlineag,NBA,1b5c084f510006e8f30cd6cac40e231d,2026-05-09T01:40:00+00:00,Minnesota Timberwolves,San Antonio Spurs,moneyline,home,149,183,34,,,,2026-05-08T23:58:37.280018+00:00
fanduel,NBA,1b5c084f510006e8f30cd6cac40e231d,2026-05-09T01:48:00+00:00,Minnesota Timberwolves,San Antonio Spurs,spread,away,-110,-114,-4,-3.5,-5.5,-2.0,2026-05-09T02:39:35.910447+00:00
draftkings,NBA,1b5c084f510006e8f30cd6cac40e231d,2026-05-09T01:48:00+00:00,Minnesota Timberwolves,San Antonio Spurs,spread,away,-110,-105,5,-3.5,-5.5,-2.0,2026-05-09T02:39:35.910447+00:00
betmgm,NBA,1b5c084f510006e8f30cd6cac40e231d,2026-05-09T01:48:00+00:00,Minnesota Timberwolves,San Antonio Spurs,spread,away,-110,-125,-15,-3.5,-4.5,-1.0,2026-05-09T02:39:35.910447+00:00
betonlineag,NBA,1b5c084f510006e8f30cd6cac40e231d,2026-05-09T01:40:00+00:00,Minnesota Timberwolves,San Antonio Spurs,spread,away,-110,-110,0,-3.5,-5.5,-2.0,2026-05-08T23:58:37.280018+00:00
fanduel,NBA,1b5c084f510006e8f30cd6cac40e231d,2026-05-09T01:48:00+00:00,Minnesota Timberwolves,San Antonio Spurs,spread,home,-110,-114,-4,3.5,5.5,2.0,2026-05-09T02:39:35.910447+00:00
draftkings,NBA,1b5c084f510006e8f30cd6cac40e231d,2026-05-09T01:48:00+00:00,Minnesota Timberwolves,San Antonio Spurs,spread,home,-110,-125,-15,3.5,5.5,2.0,2026-05-09T02:39:35.910447+00:00
betmgm,NBA,1b5c084f510006e8f30cd6cac40e231d,2026-05-09T01:48:00+00:00,Minnesota Timberwolves,San Antonio Spurs,spread,home,-110,-105,5,3.5,4.5,1.0,2026-05-09T02:39:35.910447+00:00
betonlineag,NBA,1b5c084f510006e8f30cd6cac40e231d,2026-05-09T01:40:00+00:00,Minnesota Timberwolves,San Antonio Spurs,spread,home,-110,-110,0,3.5,5.5,2.0,2026-05-08T23:58:37.280018+00:00
fanduel,NBA,1b5c084f510006e8f30cd6cac40e231d,2026-05-09T01:48:00+00:00,Minnesota Timberwolves,San Antonio Spurs,total,over,-110,-112,-2,216.5,204.5,-12.0,2026-05-09T02:39:35.910447+00:00
draftkings,NBA,1b5c084f510006e8f30cd6cac40e231d,2026-05-09T01:48:00+00:00,Minnesota Timberwolves,San Antonio Spurs,total,over,-110,-120,-10,215.5,203.5,-12.0,2026-05-09T02:39:35.910447+00:00
betmgm,NBA,1b5c084f510006e8f30cd6cac40e231d,2026-05-09T01:48:00+00:00,Minnesota Timberwolves,San Antonio Spurs,total,over,-110,-110,0,216.5,203.5,-13.0,2026-05-09T02:39:35.910447+00:00
betonlineag,NBA,1b5c084f510006e8f30cd6cac40e231d,2026-05-09T01:40:00+00:00,Minnesota Timberwolves,San Antonio Spurs,total,over,-110,-112,-2,216.5,216.5,0.0,2026-05-08T23:58:37.280018+00:00
fanduel,NBA,1b5c084f510006e8f30cd6cac40e231d,2026-05-09T01:48:00+00:00,Minnesota Timberwolves,San Antonio Spurs,total,under,-110,-118,-8,216.5,204.5,-12.0,2026-05-09T02:39:35.910447+00:00
draftkings,NBA,1b5c084f510006e8f30cd6cac40e231d,2026-05-09T01:48:00+00:00,Minnesota Timberwolves,San Antonio Spurs,total,under,-110,-110,0,215.5,203.5,-12.0,2026-05-09T02:39:35.910447+00:00
betmgm,NBA,1b5c084f510006e8f30cd6cac40e231d,2026-05-09T01:48:00+00:00,Minnesota Timberwolves,San Antonio Spurs,total,under,-110,-115,-5,216.5,203.5,-13.0,2026-05-09T02:39:35.910447+00:00
betonlineag,NBA,1b5c084f510006e8f30cd6cac40e231d,2026-05-09T01:40:00+00:00,Minnesota Timberwolves,San Antonio Spurs,total,under,-110,-108,2,216.5,216.5,0.0,2026-05-08T23:58:37.280018+00:00
draftkings,NBA,219920e3a715ceb3dc69f3638f7571d5,2026-05-05T01:43:12+00:00,San Antonio Spurs,Minnesota Timberwolves,moneyline,away,600,200,-400,,,,2026-05-05T02:33:59.199478+00:00
fanduel,NBA,219920e3a715ceb3dc69f3638f7571d5,2026-05-05T01:43:12+00:00,San Antonio Spurs,Minnesota Timberwolves,moneyline,away,570,240,-330,,,,2026-05-05T02:33:59.199478+00:00
betonlineag,NBA,219920e3a715ceb3dc69f3638f7571d5,2026-05-05T01:40:00+00:00,San Antonio Spurs,Minnesota Timberwolves,moneyline,away,586,316,-270,,,,2026-05-05T00:02:46.023361+00:00
betmgm,NBA,219920e3a715ceb3dc69f3638f7571d5,2026-05-05T01:43:12+00:00,San Antonio Spurs,Minnesota Timberwolves,moneyline,away,600,185,-415,,,,2026-05-05T02:33:59.199478+00:00
draftkings,NBA,219920e3a715ceb3dc69f3638f7571d5,2026-05-05T01:43:12+00:00,San Antonio Spurs,Minnesota Timberwolves,moneyline,home,-900,-270,630,,,,2026-05-05T02:33:59.199478+00:00
fanduel,NBA,219920e3a715ceb3dc69f3638f7571d5,2026-05-05T01:43:12+00:00,San Antonio Spurs,Minnesota Timberwolves,moneyline,home,-820,-330,490,,,,2026-05-05T02:33:59.199478+00:00
betonlineag,NBA,219920e3a715ceb3dc69f3638f7571d5,2026-05-05T01:40:00+00:00,San Antonio Spurs,Minnesota Timberwolves,moneyline,home,-850,-400,450,,,,2026-05-05T00:02:46.023361+00:00
betmgm,NBA,219920e3a715ceb3dc69f3638f7571d5,2026-05-05T01:43:12+00:00,San Antonio Spurs,Minnesota Timberwolves,moneyline,home,-900,-235,665,,,,2026-05-05T02:33:59.199478+00:00
draftkings,NBA,219920e3a715ceb3dc69f3638f7571d5,2026-05-05T01:43:12+00:00,San Antonio Spurs,Minnesota Timberwolves,spread,away,-105,-110,-5,13.5,6.5,-7.0,2026-05-05T02:33:59.199478+00:00
fanduel,NBA,219920e3a715ceb3dc69f3638f7571d5,2026-05-05T01:43:12+00:00,San Antonio Spurs,Minnesota Timberwolves,spread,away,-118,-114,4,14.5,6.5,-8.0,2026-05-05T02:33:59.199478+00:00
betonlineag,NBA,219920e3a715ceb3dc69f3638f7571d5,2026-05-05T01:40:00+00:00,San Antonio Spurs,Minnesota Timberwolves,spread,away,-110,-114,-4,14.0,10.0,-4.0,2026-05-05T00:02:46.023361+00:00
betmgm,NBA,219920e3a715ceb3dc69f3638f7571d5,2026-05-05T01:43:12+00:00,San Antonio Spurs,Minnesota Timberwolves,spread,away,-105,-110,-5,13.5,5.5,-8.0,2026-05-05T02:33:59.199478+00:00
draftkings,NBA,219920e3a715ceb3dc69f3638f7571d5,2026-05-05T01:43:12+00:00,San Antonio Spurs,Minnesota Timberwolves,spread,home,-115,-120,-5,-13.5,-6.5,7.0,2026-05-05T02:33:59.199478+00:00
fanduel,NBA,219920e3a715ceb3dc69f3638f7571d5,2026-05-05T01:43:12+00:00,San Antonio Spurs,Minnesota Timberwolves,spread,home,-104,-114,-10,-14.5,-6.5,8.0,2026-05-05T02:33:59.199478+00:00
betonlineag,NBA,219920e3a715ceb3dc69f3638f7571d5,2026-05-05T01:40:00+00:00,San Antonio Spurs,Minnesota Timberwolves,spread,home,-110,-106,4,-14.0,-10.0,4.0,2026-05-05T00:02:46.023361+00:00
betmgm,NBA,219920e3a715ceb3dc69f3638f7571d5,2026-05-05T01:43:12+00:00,San Antonio Spurs,Minnesota Timberwolves,spread,home,-115,-115,0,-13.5,-5.5,8.0,2026-05-05T02:33:59.199478+00:00
draftkings,NBA,219920e3a715ceb3dc69f3638f7571d5,2026-05-05T01:43:12+00:00,San Antonio Spurs,Minnesota Timberwolves,total,over,-110,-120,-10,216.5,205.5,-11.0,2026-05-05T02:33:59.199478+00:00
fanduel,NBA,219920e3a715ceb3dc69f3638f7571d5,2026-05-05T01:43:12+00:00,San Antonio Spurs,Minnesota Timberwolves,total,over,-112,-136,-24,216.5,204.5,-12.0,2026-05-05T02:33:59.199478+00:00
betonlineag,NBA,219920e3a715ceb3dc69f3638f7571d5,2026-05-05T01:40:00+00:00,San Antonio Spurs,Minnesota Timberwolves,total,over,-110,-108,2,216.0,219.5,3.5,2026-05-05T00:02:46.023361+00:00
betmgm,NBA,219920e3a715ceb3dc69f3638f7571d5,2026-05-05T01:43:12+00:00,San Antonio Spurs,Minnesota Timberwolves,total,over,-110,-110,0,216.5,204.5,-12.0,2026-05-05T02:33:59.199478+00:00
draftkings,NBA,219920e3a715ceb3dc69f3638f7571d5,2026-05-05T01:43:12+00:00,San Antonio Spurs,Minnesota Timberwolves,total,under,-110,-110,0,216.5,205.5,-11.0,2026-05-05T02:33:59.199478+00:00
fanduel,NBA,219920e3a715ceb3dc69f3638f7571d5,2026-05-05T01:43:12+00:00,San Antonio Spurs,Minnesota Timberwolves,total,under,-108,102,210,216.5,204.5,-12.0,2026-05-05T02:33:59.199478+00:00
betonlineag,NBA,219920e3a715ceb3dc69f3638f7571d5,2026-05-05T01:40:00+00:00,San Antonio Spurs,Minnesota Timberwolves,total,under,-110,-112,-2,216.0,219.5,3.5,2026-05-05T00:02:46.023361+00:00
betmgm,NBA,219920e3a715ceb3dc69f3638f7571d5,2026-05-05T01:43:12+00:00,San Antonio Spurs,Minnesota Timberwolves,total,under,-110,-118,-8,216.5,204.5,-12.0,2026-05-05T02:33:59.199478+00:00
draftkings,NBA,246001ab42d44857430f7fe63f423461,2026-05-07T01:48:13+00:00,San Antonio Spurs,Minnesota Timberwolves,moneyline,away,320,1100,780,,,,2026-05-07T02:40:12.020358+00:00
betonlineag,NBA,246001ab42d44857430f7fe63f423461,2026-05-07T01:40:00+00:00,San Antonio Spurs,Minnesota Timberwolves,moneyline,away,299,330,31,,,,2026-05-06T23:55:20.854648+00:00
fanduel,NBA,246001ab42d44857430f7fe63f423461,2026-05-07T01:48:13+00:00,San Antonio Spurs,Minnesota Timberwolves,moneyline,away,290,900,610,,,,2026-05-07T02:40:12.020358+00:00
betmgm,NBA,246001ab42d44857430f7fe63f423461,2026-05-07T01:48:13+00:00,San Antonio Spurs,Minnesota Timberwolves,moneyline,away,310,900,590,,,,2026-05-07T02:40:12.020358+00:00
draftkings,NBA,246001ab42d44857430f7fe63f423461,2026-05-07T01:48:13+00:00,San Antonio Spurs,Minnesota Timberwolves,moneyline,home,-410,-2500,-2090,,,,2026-05-07T02:40:12.020358+00:00
betonlineag,NBA,246001ab42d44857430f7fe63f423461,2026-05-07T01:40:00+00:00,San Antonio Spurs,Minnesota Timberwolves,moneyline,home,-375,-420,-45,,,,2026-05-06T23:55:20.854648+00:00
fanduel,NBA,246001ab42d44857430f7fe63f423461,2026-05-07T01:48:13+00:00,San Antonio Spurs,Minnesota Timberwolves,moneyline,home,-360,-2500,-2140,,,,2026-05-07T02:40:12.020358+00:00
betmgm,NBA,246001ab42d44857430f7fe63f423461,2026-05-07T01:48:13+00:00,San Antonio Spurs,Minnesota Timberwolves,moneyline,home,-400,-2500,-2100,,,,2026-05-07T02:40:12.020358+00:00
draftkings,NBA,246001ab42d44857430f7fe63f423461,2026-05-07T01:48:13+00:00,San Antonio Spurs,Minnesota Timberwolves,spread,away,-110,-115,-5,9.5,14.5,5.0,2026-05-07T02:40:12.020358+00:00
betonlineag,NBA,246001ab42d44857430f7fe63f423461,2026-05-07T01:40:00+00:00,San Antonio Spurs,Minnesota Timberwolves,spread,away,-115,-116,-1,9.5,10.0,0.5,2026-05-06T23:55:20.854648+00:00
fanduel,NBA,246001ab42d44857430f7fe63f423461,2026-05-07T01:48:13+00:00,San Antonio Spurs,Minnesota Timberwolves,spread,away,-112,-125,-13,9.5,16.5,7.0,2026-05-07T02:40:12.020358+00:00
betmgm,NBA,246001ab42d44857430f7fe63f423461,2026-05-07T01:48:13+00:00,San Antonio Spurs,Minnesota Timberwolves,spread,away,-115,-115,0,9.5,15.5,6.0,2026-05-07T02:40:12.020358+00:00
draftkings,NBA,246001ab42d44857430f7fe63f423461,2026-05-07T01:48:13+00:00,San Antonio Spurs,Minnesota Timberwolves,spread,home,-110,-115,-5,-9.5,-14.5,-5.0,2026-05-07T02:40:12.020358+00:00
betonlineag,NBA,246001ab42d44857430f7fe63f423461,2026-05-07T01:40:00+00:00,San Antonio Spurs,Minnesota Timberwolves,spread,home,-105,-104,1,-9.5,-10.0,-0.5,2026-05-06T23:55:20.854648+00:00
fanduel,NBA,246001ab42d44857430f7fe63f423461,2026-05-07T01:48:13+00:00,San Antonio Spurs,Minnesota Timberwolves,spread,home,-108,-106,2,-9.5,-16.5,-7.0,2026-05-07T02:40:12.020358+00:00
betmgm,NBA,246001ab42d44857430f7fe63f423461,2026-05-07T01:48:13+00:00,San Antonio Spurs,Minnesota Timberwolves,spread,home,-105,-110,-5,-9.5,-15.5,-6.0,2026-05-07T02:40:12.020358+00:00
draftkings,NBA,246001ab42d44857430f7fe63f423461,2026-05-07T01:48:13+00:00,San Antonio Spurs,Minnesota Timberwolves,total,over,-110,-115,-5,215.5,203.5,-12.0,2026-05-07T02:40:12.020358+00:00
betonlineag,NBA,246001ab42d44857430f7fe63f423461,2026-05-07T01:40:00+00:00,San Antonio Spurs,Minnesota Timberwolves,total,over,-112,-117,-5,216.0,217.5,1.5,2026-05-06T23:55:20.854648+00:00
fanduel,NBA,246001ab42d44857430f7fe63f423461,2026-05-07T01:48:13+00:00,San Antonio Spurs,Minnesota Timberwolves,total,over,-110,-130,-20,215.5,205.5,-10.0,2026-05-07T02:40:12.020358+00:00
betmgm,NBA,246001ab42d44857430f7fe63f423461,2026-05-07T01:48:13+00:00,San Antonio Spurs,Minnesota Timberwolves,total,over,-110,-110,0,215.5,203.5,-12.0,2026-05-07T02:40:12.020358+00:00
draftkings,NBA,246001ab42d44857430f7fe63f423461,2026-05-07T01:48:13+00:00,San Antonio Spurs,Minnesota Timberwolves,total,under,-110,-115,-5,215.5,203.5,-12.0,2026-05-07T02:40:12.020358+00:00
betonlineag,NBA,246001ab42d44857430f7fe63f423461,2026-05-07T01:40:00+00:00,San Antonio Spurs,Minnesota Timberwolves,total,under,-108,-103,5,216.0,217.5,1.5,2026-05-06T23:55:20.854648+00:00
fanduel,NBA,246001ab42d44857430f7fe63f423461,2026-05-07T01:48:13+00:00,San Antonio Spurs,Minnesota Timberwolves,total,under,-110,-102,8,215.5,205.5,-10.0,2026-05-07T02:40:12.020358+00:00
betmgm,NBA,246001ab42d44857430f7fe63f423461,2026-05-07T01:48:13+00:00,San Antonio Spurs,Minnesota Timberwolves,total,under,-110,-118,-8,215.5,203.5,-12.0,2026-05-07T02:40:12.020358+00:00
fanduel,NBA,2734c350b90f332dbece882dd10b204e,2026-05-09T19:11:00+00:00,Cleveland Cavaliers,Detroit Pistons,moneyline,away,142,158,16,,,,2026-05-09T19:10:15.700893+00:00
draftkings,NBA,2734c350b90f332dbece882dd10b204e,2026-05-09T19:11:00+00:00,Cleveland Cavaliers,Detroit Pistons,moneyline,away,145,160,15,,,,2026-05-09T19:10:15.700893+00:00
betonlineag,NBA,2734c350b90f332dbece882dd10b204e,2026-05-09T19:11:00+00:00,Cleveland Cavaliers,Detroit Pistons,moneyline,away,151,161,10,,,,2026-05-09T19:10:15.700893+00:00
betmgm,NBA,2734c350b90f332dbece882dd10b204e,2026-05-09T19:11:00+00:00,Cleveland Cavaliers,Detroit Pistons,moneyline,away,145,165,20,,,,2026-05-09T19:10:15.700893+00:00
fanduel,NBA,2734c350b90f332dbece882dd10b204e,2026-05-09T19:11:00+00:00,Cleveland Cavaliers,Detroit Pistons,moneyline,home,-168,-188,-20,,,,2026-05-09T19:10:15.700893+00:00
draftkings,NBA,2734c350b90f332dbece882dd10b204e,2026-05-09T19:11:00+00:00,Cleveland Cavaliers,Detroit Pistons,moneyline,home,-175,-192,-17,,,,2026-05-09T19:10:15.700893+00:00
betonlineag,NBA,2734c350b90f332dbece882dd10b204e,2026-05-09T19:11:00+00:00,Cleveland Cavaliers,Detroit Pistons,moneyline,home,-172,-185,-13,,,,2026-05-09T19:10:15.700893+00:00
betmgm,NBA,2734c350b90f332dbece882dd10b204e,2026-05-09T19:11:00+00:00,Cleveland Cavaliers,Detroit Pistons,moneyline,home,-175,-200,-25,,,,2026-05-09T19:10:15.700893+00:00
fanduel,NBA,2734c350b90f332dbece882dd10b204e,2026-05-09T19:11:00+00:00,Cleveland Cavaliers,Detroit Pistons,spread,away,-106,-104,2,3.5,4.5,1.0,2026-05-09T19:10:15.700893+00:00
draftkings,NBA,2734c350b90f332dbece882dd10b204e,2026-05-09T19:11:00+00:00,Cleveland Cavaliers,Detroit Pistons,spread,away,-112,-112,0,4.5,5.5,1.0,2026-05-09T19:10:15.700893+00:00
betonlineag,NBA,2734c350b90f332dbece882dd10b204e,2026-05-09T19:11:00+00:00,Cleveland Cavaliers,Detroit Pistons,spread,away,-108,-105,3,4.0,5.0,1.0,2026-05-09T19:10:15.700893+00:00
betmgm,NBA,2734c350b90f332dbece882dd10b204e,2026-05-09T19:11:00+00:00,Cleveland Cavaliers,Detroit Pistons,spread,away,-115,100,215,4.5,4.5,0.0,2026-05-09T19:10:15.700893+00:00
fanduel,NBA,2734c350b90f332dbece882dd10b204e,2026-05-09T19:11:00+00:00,Cleveland Cavaliers,Detroit Pistons,spread,home,-114,-118,-4,-3.5,-4.5,-1.0,2026-05-09T19:10:15.700893+00:00
draftkings,NBA,2734c350b90f332dbece882dd10b204e,2026-05-09T19:11:00+00:00,Cleveland Cavaliers,Detroit Pistons,spread,home,-108,-108,0,-4.5,-5.5,-1.0,2026-05-09T19:10:15.700893+00:00
betonlineag,NBA,2734c350b90f332dbece882dd10b204e,2026-05-09T19:11:00+00:00,Cleveland Cavaliers,Detroit Pistons,spread,home,-112,-115,-3,-4.0,-5.0,-1.0,2026-05-09T19:10:15.700893+00:00
betmgm,NBA,2734c350b90f332dbece882dd10b204e,2026-05-09T19:11:00+00:00,Cleveland Cavaliers,Detroit Pistons,spread,home,-105,-110,-5,-4.5,-4.5,0.0,2026-05-09T19:10:15.700893+00:00
fanduel,NBA,2734c350b90f332dbece882dd10b204e,2026-05-09T19:11:00+00:00,Cleveland Cavaliers,Detroit Pistons,total,over,-110,-114,-4,211.5,211.5,0.0,2026-05-09T19:10:15.700893+00:00
draftkings,NBA,2734c350b90f332dbece882dd10b204e,2026-05-09T19:11:00+00:00,Cleveland Cavaliers,Detroit Pistons,total,over,-110,-110,0,211.5,211.5,0.0,2026-05-09T19:10:15.700893+00:00
betonlineag,NBA,2734c350b90f332dbece882dd10b204e,2026-05-09T19:11:00+00:00,Cleveland Cavaliers,Detroit Pistons,total,over,-110,-113,-3,212.5,212.0,-0.5,2026-05-09T19:10:15.700893+00:00
betmgm,NBA,2734c350b90f332dbece882dd10b204e,2026-05-09T19:11:00+00:00,Cleveland Cavaliers,Detroit Pistons,total,over,-110,-118,-8,212.5,211.5,-1.0,2026-05-09T19:10:15.700893+00:00
fanduel,NBA,2734c350b90f332dbece882dd10b204e,2026-05-09T19:11:00+00:00,Cleveland Cavaliers,Detroit Pistons,total,under,-110,-106,4,211.5,211.5,0.0,2026-05-09T19:10:15.700893+00:00
draftkings,NBA,2734c350b90f332dbece882dd10b204e,2026-05-09T19:11:00+00:00,Cleveland Cavaliers,Detroit Pistons,total,under,-110,-110,0,211.5,211.5,0.0,2026-05-09T19:10:15.700893+00:00
betonlineag,NBA,2734c350b90f332dbece882dd10b204e,2026-05-09T19:11:00+00:00,Cleveland Cavaliers,Detroit Pistons,total,under,-110,-107,3,212.5,212.0,-0.5,2026-05-09T19:10:15.700893+00:00
betmgm,NBA,2734c350b90f332dbece882dd10b204e,2026-05-09T19:11:00+00:00,Cleveland Cavaliers,Detroit Pistons,total,under,-110,-102,8,212.5,211.5,-1.0,2026-05-09T19:10:15.700893+00:00
fanduel,NBA,30d614c5d781b768faf9cf885e890851,2026-05-08T23:12:00+00:00,Philadelphia 76ers,New York Knicks,moneyline,away,-126,-128,-2,,,,2026-05-08T23:58:37.280018+00:00
draftkings,NBA,30d614c5d781b768faf9cf885e890851,2026-05-08T23:12:00+00:00,Philadelphia 76ers,New York Knicks,moneyline,away,-125,-175,-50,,,,2026-05-08T23:58:37.280018+00:00
betmgm,NBA,30d614c5d781b768faf9cf885e890851,2026-05-08T23:12:00+00:00,Philadelphia 76ers,New York Knicks,moneyline,away,-125,-165,-40,,,,2026-05-08T23:58:37.280018+00:00
betonlineag,NBA,30d614c5d781b768faf9cf885e890851,2026-05-08T23:10:00+00:00,Philadelphia 76ers,New York Knicks,moneyline,away,-130,149,279,,,,2026-05-08T22:30:43.088904+00:00
fanduel,NBA,30d614c5d781b768faf9cf885e890851,2026-05-08T23:12:00+00:00,Philadelphia 76ers,New York Knicks,moneyline,home,108,100,-8,,,,2026-05-08T23:58:37.280018+00:00
draftkings,NBA,30d614c5d781b768faf9cf885e890851,2026-05-08T23:12:00+00:00,Philadelphia 76ers,New York Knicks,moneyline,home,105,135,30,,,,2026-05-08T23:58:37.280018+00:00
betmgm,NBA,30d614c5d781b768faf9cf885e890851,2026-05-08T23:12:00+00:00,Philadelphia 76ers,New York Knicks,moneyline,home,105,130,25,,,,2026-05-08T23:58:37.280018+00:00
betonlineag,NBA,30d614c5d781b768faf9cf885e890851,2026-05-08T23:10:00+00:00,Philadelphia 76ers,New York Knicks,moneyline,home,110,-170,-280,,,,2026-05-08T22:30:43.088904+00:00
fanduel,NBA,30d614c5d781b768faf9cf885e890851,2026-05-08T23:12:00+00:00,Philadelphia 76ers,New York Knicks,spread,away,-110,-130,-20,-1.5,0.5,2.0,2026-05-08T23:58:37.280018+00:00
draftkings,NBA,30d614c5d781b768faf9cf885e890851,2026-05-08T23:12:00+00:00,Philadelphia 76ers,New York Knicks,spread,away,-115,-115,0,-1.5,-3.5,-2.0,2026-05-08T23:58:37.280018+00:00
betmgm,NBA,30d614c5d781b768faf9cf885e890851,2026-05-08T23:12:00+00:00,Philadelphia 76ers,New York Knicks,spread,away,-115,-110,5,-1.5,-3.5,-2.0,2026-05-08T23:58:37.280018+00:00
betonlineag,NBA,30d614c5d781b768faf9cf885e890851,2026-05-08T23:10:00+00:00,Philadelphia 76ers,New York Knicks,spread,away,-110,-107,3,-2.0,3.5,5.5,2026-05-08T22:30:43.088904+00:00
fanduel,NBA,30d614c5d781b768faf9cf885e890851,2026-05-08T23:12:00+00:00,Philadelphia 76ers,New York Knicks,spread,home,-110,-102,8,1.5,-0.5,-2.0,2026-05-08T23:58:37.280018+00:00
draftkings,NBA,30d614c5d781b768faf9cf885e890851,2026-05-08T23:12:00+00:00,Philadelphia 76ers,New York Knicks,spread,home,-105,-115,-10,1.5,3.5,2.0,2026-05-08T23:58:37.280018+00:00
betmgm,NBA,30d614c5d781b768faf9cf885e890851,2026-05-08T23:12:00+00:00,Philadelphia 76ers,New York Knicks,spread,home,-105,-118,-13,1.5,3.5,2.0,2026-05-08T23:58:37.280018+00:00
betonlineag,NBA,30d614c5d781b768faf9cf885e890851,2026-05-08T23:10:00+00:00,Philadelphia 76ers,New York Knicks,spread,home,-110,-113,-3,2.0,-3.5,-5.5,2026-05-08T22:30:43.088904+00:00
fanduel,NBA,30d614c5d781b768faf9cf885e890851,2026-05-08T23:12:00+00:00,Philadelphia 76ers,New York Knicks,total,over,-106,-152,-46,214.5,212.5,-2.0,2026-05-08T23:58:37.280018+00:00
draftkings,NBA,30d614c5d781b768faf9cf885e890851,2026-05-08T23:12:00+00:00,Philadelphia 76ers,New York Knicks,total,over,-110,-110,0,213.5,212.5,-1.0,2026-05-08T23:58:37.280018+00:00
betmgm,NBA,30d614c5d781b768faf9cf885e890851,2026-05-08T23:12:00+00:00,Philadelphia 76ers,New York Knicks,total,over,-110,-115,-5,213.5,213.5,0.0,2026-05-08T23:58:37.280018+00:00
betonlineag,NBA,30d614c5d781b768faf9cf885e890851,2026-05-08T23:10:00+00:00,Philadelphia 76ers,New York Knicks,total,over,-110,-110,0,213.5,214.5,1.0,2026-05-08T22:30:43.088904+00:00
fanduel,NBA,30d614c5d781b768faf9cf885e890851,2026-05-08T23:12:00+00:00,Philadelphia 76ers,New York Knicks,total,under,-114,114,228,214.5,212.5,-2.0,2026-05-08T23:58:37.280018+00:00
draftkings,NBA,30d614c5d781b768faf9cf885e890851,2026-05-08T23:12:00+00:00,Philadelphia 76ers,New York Knicks,total,under,-110,-120,-10,213.5,212.5,-1.0,2026-05-08T23:58:37.280018+00:00
betmgm,NBA,30d614c5d781b768faf9cf885e890851,2026-05-08T23:12:00+00:00,Philadelphia 76ers,New York Knicks,total,under,-110,-115,-5,213.5,213.5,0.0,2026-05-08T23:58:37.280018+00:00
betonlineag,NBA,30d614c5d781b768faf9cf885e890851,2026-05-08T23:10:00+00:00,Philadelphia 76ers,New York Knicks,total,under,-110,-110,0,213.5,214.5,1.0,2026-05-08T22:30:43.088904+00:00
fanduel,NBA,40c8a29efb894c4dd6bf6acc5025c9cb,2026-05-10T00:40:00+00:00,Los Angeles Lakers,Oklahoma City Thunder,moneyline,away,-375,-375,0,,,,2026-05-09T19:10:15.700893+00:00
draftkings,NBA,40c8a29efb894c4dd6bf6acc5025c9cb,2026-05-10T00:40:00+00:00,Los Angeles Lakers,Oklahoma City Thunder,moneyline,away,-345,-375,-30,,,,2026-05-09T19:10:15.700893+00:00
betmgm,NBA,40c8a29efb894c4dd6bf6acc5025c9cb,2026-05-10T00:40:00+00:00,Los Angeles Lakers,Oklahoma City Thunder,moneyline,away,-375,-375,0,,,,2026-05-09T19:10:15.700893+00:00
betonlineag,NBA,40c8a29efb894c4dd6bf6acc5025c9cb,2026-05-10T00:40:00+00:00,Los Angeles Lakers,Oklahoma City Thunder,moneyline,away,-383,-365,18,,,,2026-05-09T19:10:15.700893+00:00
fanduel,NBA,40c8a29efb894c4dd6bf6acc5025c9cb,2026-05-10T00:40:00+00:00,Los Angeles Lakers,Oklahoma City Thunder,moneyline,home,300,300,0,,,,2026-05-09T19:10:15.700893+00:00
draftkings,NBA,40c8a29efb894c4dd6bf6acc5025c9cb,2026-05-10T00:40:00+00:00,Los Angeles Lakers,Oklahoma City Thunder,moneyline,home,275,295,20,,,,2026-05-09T19:10:15.700893+00:00
betmgm,NBA,40c8a29efb894c4dd6bf6acc5025c9cb,2026-05-10T00:40:00+00:00,Los Angeles Lakers,Oklahoma City Thunder,moneyline,home,300,300,0,,,,2026-05-09T19:10:15.700893+00:00
betonlineag,NBA,40c8a29efb894c4dd6bf6acc5025c9cb,2026-05-10T00:40:00+00:00,Los Angeles Lakers,Oklahoma City Thunder,moneyline,home,305,292,-13,,,,2026-05-09T19:10:15.700893+00:00
fanduel,NBA,40c8a29efb894c4dd6bf6acc5025c9cb,2026-05-10T00:40:00+00:00,Los Angeles Lakers,Oklahoma City Thunder,spread,away,-108,-112,-4,-9.5,-8.5,1.0,2026-05-09T19:10:15.700893+00:00
draftkings,NBA,40c8a29efb894c4dd6bf6acc5025c9cb,2026-05-10T00:40:00+00:00,Los Angeles Lakers,Oklahoma City Thunder,spread,away,-115,-110,5,-8.5,-8.5,0.0,2026-05-09T19:10:15.700893+00:00
betmgm,NBA,40c8a29efb894c4dd6bf6acc5025c9cb,2026-05-10T00:40:00+00:00,Los Angeles Lakers,Oklahoma City Thunder,spread,away,-110,-110,0,-8.5,-8.5,0.0,2026-05-09T19:10:15.700893+00:00
betonlineag,NBA,40c8a29efb894c4dd6bf6acc5025c9cb,2026-05-10T00:40:00+00:00,Los Angeles Lakers,Oklahoma City Thunder,spread,away,-105,-110,-5,-8.5,-9.0,-0.5,2026-05-09T19:10:15.700893+00:00
fanduel,NBA,40c8a29efb894c4dd6bf6acc5025c9cb,2026-05-10T00:40:00+00:00,Los Angeles Lakers,Oklahoma City Thunder,spread,home,-112,-108,4,9.5,8.5,-1.0,2026-05-09T19:10:15.700893+00:00
draftkings,NBA,40c8a29efb894c4dd6bf6acc5025c9cb,2026-05-10T00:40:00+00:00,Los Angeles Lakers,Oklahoma City Thunder,spread,home,-105,-110,-5,8.5,8.5,0.0,2026-05-09T19:10:15.700893+00:00
betmgm,NBA,40c8a29efb894c4dd6bf6acc5025c9cb,2026-05-10T00:40:00+00:00,Los Angeles Lakers,Oklahoma City Thunder,spread,home,-110,-110,0,8.5,8.5,0.0,2026-05-09T19:10:15.700893+00:00
betonlineag,NBA,40c8a29efb894c4dd6bf6acc5025c9cb,2026-05-10T00:40:00+00:00,Los Angeles Lakers,Oklahoma City Thunder,spread,home,-115,-110,5,8.5,9.0,0.5,2026-05-09T19:10:15.700893+00:00
fanduel,NBA,40c8a29efb894c4dd6bf6acc5025c9cb,2026-05-10T00:40:00+00:00,Los Angeles Lakers,Oklahoma City Thunder,total,over,-110,-110,0,211.5,211.5,0.0,2026-05-09T19:10:15.700893+00:00
draftkings,NBA,40c8a29efb894c4dd6bf6acc5025c9cb,2026-05-10T00:40:00+00:00,Los Angeles Lakers,Oklahoma City Thunder,total,over,-110,-110,0,210.5,210.5,0.0,2026-05-09T19:10:15.700893+00:00
betmgm,NBA,40c8a29efb894c4dd6bf6acc5025c9cb,2026-05-10T00:40:00+00:00,Los Angeles Lakers,Oklahoma City Thunder,total,over,-110,-110,0,211.5,210.5,-1.0,2026-05-09T19:10:15.700893+00:00
betonlineag,NBA,40c8a29efb894c4dd6bf6acc5025c9cb,2026-05-10T00:40:00+00:00,Los Angeles Lakers,Oklahoma City Thunder,total,over,-115,-110,5,211.5,210.5,-1.0,2026-05-09T19:10:15.700893+00:00
fanduel,NBA,40c8a29efb894c4dd6bf6acc5025c9cb,2026-05-10T00:40:00+00:00,Los Angeles Lakers,Oklahoma City Thunder,total,under,-110,-110,0,211.5,211.5,0.0,2026-05-09T19:10:15.700893+00:00
draftkings,NBA,40c8a29efb894c4dd6bf6acc5025c9cb,2026-05-10T00:40:00+00:00,Los Angeles Lakers,Oklahoma City Thunder,total,under,-110,-110,0,210.5,210.5,0.0,2026-05-09T19:10:15.700893+00:00
betmgm,NBA,40c8a29efb894c4dd6bf6acc5025c9cb,2026-05-10T00:40:00+00:00,Los Angeles Lakers,Oklahoma City Thunder,total,under,-110,-110,0,211.5,210.5,-1.0,2026-05-09T19:10:15.700893+00:00
betonlineag,NBA,40c8a29efb894c4dd6bf6acc5025c9cb,2026-05-10T00:40:00+00:00,Los Angeles Lakers,Oklahoma City Thunder,total,under,-105,-110,-5,211.5,210.5,-1.0,2026-05-09T19:10:15.700893+00:00
draftkings,NBA,689b4554b0b10e67f46872eb2e74b98d,2026-05-06T00:43:02+00:00,Oklahoma City Thunder,Los Angeles Lakers,moneyline,away,700,1600,900,,,,2026-05-06T02:38:10.554035+00:00
fanduel,NBA,689b4554b0b10e67f46872eb2e74b98d,2026-05-06T00:43:02+00:00,Oklahoma City Thunder,Los Angeles Lakers,moneyline,away,810,2500,1690,,,,2026-05-06T02:38:10.554035+00:00
betonlineag,NBA,689b4554b0b10e67f46872eb2e74b98d,2026-05-06T00:40:00+00:00,Oklahoma City Thunder,Los Angeles Lakers,moneyline,away,795,595,-200,,,,2026-05-05T23:53:49.663484+00:00
betmgm,NBA,689b4554b0b10e67f46872eb2e74b98d,2026-05-06T00:43:02+00:00,Oklahoma City Thunder,Los Angeles Lakers,moneyline,away,775,1550,775,,,,2026-05-06T02:38:10.554035+00:00
draftkings,NBA,689b4554b0b10e67f46872eb2e74b98d,2026-05-06T00:43:02+00:00,Oklahoma City Thunder,Los Angeles Lakers,moneyline,home,-1100,-4800,-3700,,,,2026-05-06T02:38:10.554035+00:00
fanduel,NBA,689b4554b0b10e67f46872eb2e74b98d,2026-05-06T00:43:02+00:00,Oklahoma City Thunder,Los Angeles Lakers,moneyline,home,-1350,-20000,-18650,,,,2026-05-06T02:38:10.554035+00:00
betonlineag,NBA,689b4554b0b10e67f46872eb2e74b98d,2026-05-06T00:40:00+00:00,Oklahoma City Thunder,Los Angeles Lakers,moneyline,home,-1300,-870,430,,,,2026-05-05T23:53:49.663484+00:00
betmgm,NBA,689b4554b0b10e67f46872eb2e74b98d,2026-05-06T00:43:02+00:00,Oklahoma City Thunder,Los Angeles Lakers,moneyline,home,-1400,-10000,-8600,,,,2026-05-06T02:38:10.554035+00:00
draftkings,NBA,689b4554b0b10e67f46872eb2e74b98d,2026-05-06T00:43:02+00:00,Oklahoma City Thunder,Los Angeles Lakers,spread,away,-110,-120,-10,15.5,14.5,-1.0,2026-05-06T02:38:10.554035+00:00
fanduel,NBA,689b4554b0b10e67f46872eb2e74b98d,2026-05-06T00:43:02+00:00,Oklahoma City Thunder,Los Angeles Lakers,spread,away,-106,104,210,15.5,14.5,-1.0,2026-05-06T02:38:10.554035+00:00
betonlineag,NBA,689b4554b0b10e67f46872eb2e74b98d,2026-05-06T00:40:00+00:00,Oklahoma City Thunder,Los Angeles Lakers,spread,away,-105,-110,-5,16.0,16.0,0.0,2026-05-05T23:53:49.663484+00:00
betmgm,NBA,689b4554b0b10e67f46872eb2e74b98d,2026-05-06T00:43:02+00:00,Oklahoma City Thunder,Los Angeles Lakers,spread,away,-115,-115,0,16.5,13.5,-3.0,2026-05-06T02:38:10.554035+00:00
draftkings,NBA,689b4554b0b10e67f46872eb2e74b98d,2026-05-06T00:43:02+00:00,Oklahoma City Thunder,Los Angeles Lakers,spread,home,-110,-110,0,-15.5,-14.5,1.0,2026-05-06T02:38:10.554035+00:00
fanduel,NBA,689b4554b0b10e67f46872eb2e74b98d,2026-05-06T00:43:02+00:00,Oklahoma City Thunder,Los Angeles Lakers,spread,home,-114,-138,-24,-15.5,-14.5,1.0,2026-05-06T02:38:10.554035+00:00
betonlineag,NBA,689b4554b0b10e67f46872eb2e74b98d,2026-05-06T00:40:00+00:00,Oklahoma City Thunder,Los Angeles Lakers,spread,home,-115,-110,5,-16.0,-16.0,0.0,2026-05-05T23:53:49.663484+00:00
betmgm,NBA,689b4554b0b10e67f46872eb2e74b98d,2026-05-06T00:43:02+00:00,Oklahoma City Thunder,Los Angeles Lakers,spread,home,-105,-115,-10,-16.5,-13.5,3.0,2026-05-06T02:38:10.554035+00:00
draftkings,NBA,689b4554b0b10e67f46872eb2e74b98d,2026-05-06T00:43:02+00:00,Oklahoma City Thunder,Los Angeles Lakers,total,over,-110,-105,5,213.5,206.5,-7.0,2026-05-06T02:38:10.554035+00:00
fanduel,NBA,689b4554b0b10e67f46872eb2e74b98d,2026-05-06T00:43:02+00:00,Oklahoma City Thunder,Los Angeles Lakers,total,over,-110,-112,-2,213.5,206.5,-7.0,2026-05-06T02:38:10.554035+00:00
betonlineag,NBA,689b4554b0b10e67f46872eb2e74b98d,2026-05-06T00:40:00+00:00,Oklahoma City Thunder,Los Angeles Lakers,total,over,-107,-108,-1,213.5,213.5,0.0,2026-05-05T23:53:49.663484+00:00
betmgm,NBA,689b4554b0b10e67f46872eb2e74b98d,2026-05-06T00:43:02+00:00,Oklahoma City Thunder,Los Angeles Lakers,total,over,-110,-125,-15,213.5,206.5,-7.0,2026-05-06T02:38:10.554035+00:00
draftkings,NBA,689b4554b0b10e67f46872eb2e74b98d,2026-05-06T00:43:02+00:00,Oklahoma City Thunder,Los Angeles Lakers,total,under,-110,-125,-15,213.5,206.5,-7.0,2026-05-06T02:38:10.554035+00:00
fanduel,NBA,689b4554b0b10e67f46872eb2e74b98d,2026-05-06T00:43:02+00:00,Oklahoma City Thunder,Los Angeles Lakers,total,under,-110,-118,-8,213.5,206.5,-7.0,2026-05-06T02:38:10.554035+00:00
betonlineag,NBA,689b4554b0b10e67f46872eb2e74b98d,2026-05-06T00:40:00+00:00,Oklahoma City Thunder,Los Angeles Lakers,total,under,-113,-112,1,213.5,213.5,0.0,2026-05-05T23:53:49.663484+00:00
betmgm,NBA,689b4554b0b10e67f46872eb2e74b98d,2026-05-06T00:43:02+00:00,Oklahoma City Thunder,Los Angeles Lakers,total,under,-110,-102,8,213.5,206.5,-7.0,2026-05-06T02:38:10.554035+00:00
fanduel,NBA,77e60e525f42e8337027f550bcd2f1cc,2026-05-10T23:40:00+00:00,Minnesota Timberwolves,San Antonio Spurs,moneyline,away,-184,-186,-2,,,,2026-05-09T19:10:15.700893+00:00
draftkings,NBA,77e60e525f42e8337027f550bcd2f1cc,2026-05-10T23:40:00+00:00,Minnesota Timberwolves,San Antonio Spurs,moneyline,away,-180,-192,-12,,,,2026-05-09T19:10:15.700893+00:00
betmgm,NBA,77e60e525f42e8337027f550bcd2f1cc,2026-05-10T23:40:00+00:00,Minnesota Timberwolves,San Antonio Spurs,moneyline,away,-185,-190,-5,,,,2026-05-09T19:10:15.700893+00:00
betonlineag,NBA,77e60e525f42e8337027f550bcd2f1cc,2026-05-10T23:40:00+00:00,Minnesota Timberwolves,San Antonio Spurs,moneyline,away,-180,-185,-5,,,,2026-05-09T19:10:15.700893+00:00
fanduel,NBA,77e60e525f42e8337027f550bcd2f1cc,2026-05-10T23:40:00+00:00,Minnesota Timberwolves,San Antonio Spurs,moneyline,home,154,156,2,,,,2026-05-09T19:10:15.700893+00:00
draftkings,NBA,77e60e525f42e8337027f550bcd2f1cc,2026-05-10T23:40:00+00:00,Minnesota Timberwolves,San Antonio Spurs,moneyline,home,150,160,10,,,,2026-05-09T19:10:15.700893+00:00
betmgm,NBA,77e60e525f42e8337027f550bcd2f1cc,2026-05-10T23:40:00+00:00,Minnesota Timberwolves,San Antonio Spurs,moneyline,home,150,155,5,,,,2026-05-09T19:10:15.700893+00:00
betonlineag,NBA,77e60e525f42e8337027f550bcd2f1cc,2026-05-10T23:40:00+00:00,Minnesota Timberwolves,San Antonio Spurs,moneyline,home,157,161,4,,,,2026-05-09T19:10:15.700893+00:00
fanduel,NBA,77e60e525f42e8337027f550bcd2f1cc,2026-05-10T23:40:00+00:00,Minnesota Timberwolves,San Antonio Spurs,spread,away,-108,-110,-2,-4.5,-4.5,0.0,2026-05-09T19:10:15.700893+00:00
draftkings,NBA,77e60e525f42e8337027f550bcd2f1cc,2026-05-10T23:40:00+00:00,Minnesota Timberwolves,San Antonio Spurs,spread,away,-110,-110,0,-4.5,-4.5,0.0,2026-05-09T19:10:15.700893+00:00
betmgm,NBA,77e60e525f42e8337027f550bcd2f1cc,2026-05-10T23:40:00+00:00,Minnesota Timberwolves,San Antonio Spurs,spread,away,-110,-110,0,-4.5,-4.5,0.0,2026-05-09T19:10:15.700893+00:00
betonlineag,NBA,77e60e525f42e8337027f550bcd2f1cc,2026-05-10T23:40:00+00:00,Minnesota Timberwolves,San Antonio Spurs,spread,away,-110,-110,0,-4.5,-4.5,0.0,2026-05-09T19:10:15.700893+00:00
fanduel,NBA,77e60e525f42e8337027f550bcd2f1cc,2026-05-10T23:40:00+00:00,Minnesota Timberwolves,San Antonio Spurs,spread,home,-112,-110,2,4.5,4.5,0.0,2026-05-09T19:10:15.700893+00:00
draftkings,NBA,77e60e525f42e8337027f550bcd2f1cc,2026-05-10T23:40:00+00:00,Minnesota Timberwolves,San Antonio Spurs,spread,home,-110,-110,0,4.5,4.5,0.0,2026-05-09T19:10:15.700893+00:00
betmgm,NBA,77e60e525f42e8337027f550bcd2f1cc,2026-05-10T23:40:00+00:00,Minnesota Timberwolves,San Antonio Spurs,spread,home,-110,-110,0,4.5,4.5,0.0,2026-05-09T19:10:15.700893+00:00
betonlineag,NBA,77e60e525f42e8337027f550bcd2f1cc,2026-05-10T23:40:00+00:00,Minnesota Timberwolves,San Antonio Spurs,spread,home,-110,-110,0,4.5,4.5,0.0,2026-05-09T19:10:15.700893+00:00
fanduel,NBA,77e60e525f42e8337027f550bcd2f1cc,2026-05-10T23:40:00+00:00,Minnesota Timberwolves,San Antonio Spurs,total,over,-110,-108,2,217.5,218.5,1.0,2026-05-09T19:10:15.700893+00:00
draftkings,NBA,77e60e525f42e8337027f550bcd2f1cc,2026-05-10T23:40:00+00:00,Minnesota Timberwolves,San Antonio Spurs,total,over,-105,-108,-3,217.5,218.5,1.0,2026-05-09T19:10:15.700893+00:00
betmgm,NBA,77e60e525f42e8337027f550bcd2f1cc,2026-05-10T23:40:00+00:00,Minnesota Timberwolves,San Antonio Spurs,total,over,-115,-110,5,216.5,218.5,2.0,2026-05-09T19:10:15.700893+00:00
betonlineag,NBA,77e60e525f42e8337027f550bcd2f1cc,2026-05-10T23:40:00+00:00,Minnesota Timberwolves,San Antonio Spurs,total,over,-110,-115,-5,217.0,218.0,1.0,2026-05-09T19:10:15.700893+00:00
fanduel,NBA,77e60e525f42e8337027f550bcd2f1cc,2026-05-10T23:40:00+00:00,Minnesota Timberwolves,San Antonio Spurs,total,under,-110,-112,-2,217.5,218.5,1.0,2026-05-09T19:10:15.700893+00:00
draftkings,NBA,77e60e525f42e8337027f550bcd2f1cc,2026-05-10T23:40:00+00:00,Minnesota Timberwolves,San Antonio Spurs,total,under,-115,-112,3,217.5,218.5,1.0,2026-05-09T19:10:15.700893+00:00
betmgm,NBA,77e60e525f42e8337027f550bcd2f1cc,2026-05-10T23:40:00+00:00,Minnesota Timberwolves,San Antonio Spurs,total,under,-105,-110,-5,216.5,218.5,2.0,2026-05-09T19:10:15.700893+00:00
betonlineag,NBA,77e60e525f42e8337027f550bcd2f1cc,2026-05-10T23:40:00+00:00,Minnesota Timberwolves,San Antonio Spurs,total,under,-110,-105,5,217.0,218.0,1.0,2026-05-09T19:10:15.700893+00:00
fanduel,NBA,862af0717b53a01b5e93a188a655d663,2026-05-07T23:11:00+00:00,Detroit Pistons,Cleveland Cavaliers,moneyline,away,134,340,206,,,,2026-05-08T01:17:47.478960+00:00
draftkings,NBA,862af0717b53a01b5e93a188a655d663,2026-05-07T23:11:00+00:00,Detroit Pistons,Cleveland Cavaliers,moneyline,away,136,340,204,,,,2026-05-08T01:17:47.478960+00:00
betonlineag,NBA,862af0717b53a01b5e93a188a655d663,2026-05-07T23:10:00+00:00,Detroit Pistons,Cleveland Cavaliers,moneyline,away,135,145,10,,,,2026-05-07T23:03:04.958535+00:00
betmgm,NBA,862af0717b53a01b5e93a188a655d663,2026-05-07T23:11:00+00:00,Detroit Pistons,Cleveland Cavaliers,moneyline,away,135,280,145,,,,2026-05-08T01:17:47.478960+00:00
fanduel,NBA,862af0717b53a01b5e93a188a655d663,2026-05-07T23:11:00+00:00,Detroit Pistons,Cleveland Cavaliers,moneyline,home,-158,-500,-342,,,,2026-05-08T01:17:47.478960+00:00
draftkings,NBA,862af0717b53a01b5e93a188a655d663,2026-05-07T23:11:00+00:00,Detroit Pistons,Cleveland Cavaliers,moneyline,home,-162,-500,-338,,,,2026-05-08T01:17:47.478960+00:00
betonlineag,NBA,862af0717b53a01b5e93a188a655d663,2026-05-07T23:10:00+00:00,Detroit Pistons,Cleveland Cavaliers,moneyline,home,-155,-165,-10,,,,2026-05-07T23:03:04.958535+00:00
betmgm,NBA,862af0717b53a01b5e93a188a655d663,2026-05-07T23:11:00+00:00,Detroit Pistons,Cleveland Cavaliers,moneyline,home,-160,-400,-240,,,,2026-05-08T01:17:47.478960+00:00
fanduel,NBA,862af0717b53a01b5e93a188a655d663,2026-05-07T23:11:00+00:00,Detroit Pistons,Cleveland Cavaliers,spread,away,-112,-120,-8,3.5,5.5,2.0,2026-05-08T01:17:47.478960+00:00
draftkings,NBA,862af0717b53a01b5e93a188a655d663,2026-05-07T23:11:00+00:00,Detroit Pistons,Cleveland Cavaliers,spread,away,-110,-105,5,3.5,5.5,2.0,2026-05-08T01:17:47.478960+00:00
betonlineag,NBA,862af0717b53a01b5e93a188a655d663,2026-05-07T23:10:00+00:00,Detroit Pistons,Cleveland Cavaliers,spread,away,-110,-113,-3,3.0,4.0,1.0,2026-05-07T23:03:04.958535+00:00
betmgm,NBA,862af0717b53a01b5e93a188a655d663,2026-05-07T23:11:00+00:00,Detroit Pistons,Cleveland Cavaliers,spread,away,-115,-125,-10,3.5,5.5,2.0,2026-05-08T01:17:47.478960+00:00
fanduel,NBA,862af0717b53a01b5e93a188a655d663,2026-05-07T23:11:00+00:00,Detroit Pistons,Cleveland Cavaliers,spread,home,-108,-110,-2,-3.5,-5.5,-2.0,2026-05-08T01:17:47.478960+00:00
draftkings,NBA,862af0717b53a01b5e93a188a655d663,2026-05-07T23:11:00+00:00,Detroit Pistons,Cleveland Cavaliers,spread,home,-110,-125,-15,-3.5,-5.5,-2.0,2026-05-08T01:17:47.478960+00:00
betonlineag,NBA,862af0717b53a01b5e93a188a655d663,2026-05-07T23:10:00+00:00,Detroit Pistons,Cleveland Cavaliers,spread,home,-110,-107,3,-3.0,-4.0,-1.0,2026-05-07T23:03:04.958535+00:00
betmgm,NBA,862af0717b53a01b5e93a188a655d663,2026-05-07T23:11:00+00:00,Detroit Pistons,Cleveland Cavaliers,spread,home,-105,-102,3,-3.5,-5.5,-2.0,2026-05-08T01:17:47.478960+00:00
fanduel,NBA,862af0717b53a01b5e93a188a655d663,2026-05-07T23:11:00+00:00,Detroit Pistons,Cleveland Cavaliers,total,over,-110,-130,-20,215.5,204.5,-11.0,2026-05-08T01:17:47.478960+00:00
draftkings,NBA,862af0717b53a01b5e93a188a655d663,2026-05-07T23:11:00+00:00,Detroit Pistons,Cleveland Cavaliers,total,over,-110,-110,0,215.5,203.5,-12.0,2026-05-08T01:17:47.478960+00:00
betonlineag,NBA,862af0717b53a01b5e93a188a655d663,2026-05-07T23:10:00+00:00,Detroit Pistons,Cleveland Cavaliers,total,over,-110,-109,1,216.0,215.0,-1.0,2026-05-07T23:03:04.958535+00:00
betmgm,NBA,862af0717b53a01b5e93a188a655d663,2026-05-07T23:11:00+00:00,Detroit Pistons,Cleveland Cavaliers,total,over,-110,-125,-15,216.5,204.5,-12.0,2026-05-08T01:17:47.478960+00:00
fanduel,NBA,862af0717b53a01b5e93a188a655d663,2026-05-07T23:11:00+00:00,Detroit Pistons,Cleveland Cavaliers,total,under,-110,-102,8,215.5,204.5,-11.0,2026-05-08T01:17:47.478960+00:00
draftkings,NBA,862af0717b53a01b5e93a188a655d663,2026-05-07T23:11:00+00:00,Detroit Pistons,Cleveland Cavaliers,total,under,-110,-120,-10,215.5,203.5,-12.0,2026-05-08T01:17:47.478960+00:00
betonlineag,NBA,862af0717b53a01b5e93a188a655d663,2026-05-07T23:10:00+00:00,Detroit Pistons,Cleveland Cavaliers,total,under,-110,-111,-1,216.0,215.0,-1.0,2026-05-07T23:03:04.958535+00:00
betmgm,NBA,862af0717b53a01b5e93a188a655d663,2026-05-07T23:11:00+00:00,Detroit Pistons,Cleveland Cavaliers,total,under,-110,-105,5,216.5,204.5,-12.0,2026-05-08T01:17:47.478960+00:00
fanduel,NBA,878243c543236baba132ad43ae333aae,2026-05-10T19:40:00+00:00,Philadelphia 76ers,New York Knicks,moneyline,away,-118,-120,-2,,,,2026-05-09T19:10:15.700893+00:00
draftkings,NBA,878243c543236baba132ad43ae333aae,2026-05-10T19:40:00+00:00,Philadelphia 76ers,New York Knicks,moneyline,away,-115,-115,0,,,,2026-05-09T19:10:15.700893+00:00
betmgm,NBA,878243c543236baba132ad43ae333aae,2026-05-10T19:40:00+00:00,Philadelphia 76ers,New York Knicks,moneyline,away,-118,-120,-2,,,,2026-05-09T19:10:15.700893+00:00
betonlineag,NBA,878243c543236baba132ad43ae333aae,2026-05-10T19:40:00+00:00,Philadelphia 76ers,New York Knicks,moneyline,away,-118,-118,0,,,,2026-05-09T19:10:15.700893+00:00
fanduel,NBA,878243c543236baba132ad43ae333aae,2026-05-10T19:40:00+00:00,Philadelphia 76ers,New York Knicks,moneyline,home,100,102,2,,,,2026-05-09T19:10:15.700893+00:00
draftkings,NBA,878243c543236baba132ad43ae333aae,2026-05-10T19:40:00+00:00,Philadelphia 76ers,New York Knicks,moneyline,home,-105,-105,0,,,,2026-05-09T19:10:15.700893+00:00
betmgm,NBA,878243c543236baba132ad43ae333aae,2026-05-10T19:40:00+00:00,Philadelphia 76ers,New York Knicks,moneyline,home,-102,100,202,,,,2026-05-09T19:10:15.700893+00:00
betonlineag,NBA,878243c543236baba132ad43ae333aae,2026-05-10T19:40:00+00:00,Philadelphia 76ers,New York Knicks,moneyline,home,-102,-102,0,,,,2026-05-09T19:10:15.700893+00:00
fanduel,NBA,878243c543236baba132ad43ae333aae,2026-05-10T19:40:00+00:00,Philadelphia 76ers,New York Knicks,spread,away,-106,-114,-8,-1.5,-1.5,0.0,2026-05-09T19:10:15.700893+00:00
draftkings,NBA,878243c543236baba132ad43ae333aae,2026-05-10T19:40:00+00:00,Philadelphia 76ers,New York Knicks,spread,away,-105,-105,0,-1.5,-1.5,0.0,2026-05-09T19:10:15.700893+00:00
betmgm,NBA,878243c543236baba132ad43ae333aae,2026-05-10T19:40:00+00:00,Philadelphia 76ers,New York Knicks,spread,away,-102,-105,-3,-1.5,-1.5,0.0,2026-05-09T19:10:15.700893+00:00
betonlineag,NBA,878243c543236baba132ad43ae333aae,2026-05-10T19:40:00+00:00,Philadelphia 76ers,New York Knicks,spread,away,-113,-113,0,-1.0,-1.0,0.0,2026-05-09T19:10:15.700893+00:00
fanduel,NBA,878243c543236baba132ad43ae333aae,2026-05-10T19:40:00+00:00,Philadelphia 76ers,New York Knicks,spread,home,-114,-106,8,1.5,1.5,0.0,2026-05-09T19:10:15.700893+00:00
draftkings,NBA,878243c543236baba132ad43ae333aae,2026-05-10T19:40:00+00:00,Philadelphia 76ers,New York Knicks,spread,home,-115,-115,0,1.5,1.5,0.0,2026-05-09T19:10:15.700893+00:00
betmgm,NBA,878243c543236baba132ad43ae333aae,2026-05-10T19:40:00+00:00,Philadelphia 76ers,New York Knicks,spread,home,-118,-115,3,1.5,1.5,0.0,2026-05-09T19:10:15.700893+00:00
betonlineag,NBA,878243c543236baba132ad43ae333aae,2026-05-10T19:40:00+00:00,Philadelphia 76ers,New York Knicks,spread,home,-107,-107,0,1.0,1.0,0.0,2026-05-09T19:10:15.700893+00:00
fanduel,NBA,878243c543236baba132ad43ae333aae,2026-05-10T19:40:00+00:00,Philadelphia 76ers,New York Knicks,total,over,-110,-110,0,212.5,212.5,0.0,2026-05-09T19:10:15.700893+00:00
draftkings,NBA,878243c543236baba132ad43ae333aae,2026-05-10T19:40:00+00:00,Philadelphia 76ers,New York Knicks,total,over,-110,-110,0,212.5,212.5,0.0,2026-05-09T19:10:15.700893+00:00
betmgm,NBA,878243c543236baba132ad43ae333aae,2026-05-10T19:40:00+00:00,Philadelphia 76ers,New York Knicks,total,over,-110,-105,5,212.5,213.5,1.0,2026-05-09T19:10:15.700893+00:00
betonlineag,NBA,878243c543236baba132ad43ae333aae,2026-05-10T19:40:00+00:00,Philadelphia 76ers,New York Knicks,total,over,-110,-110,0,212.5,213.0,0.5,2026-05-09T19:10:15.700893+00:00
fanduel,NBA,878243c543236baba132ad43ae333aae,2026-05-10T19:40:00+00:00,Philadelphia 76ers,New York Knicks,total,under,-110,-110,0,212.5,212.5,0.0,2026-05-09T19:10:15.700893+00:00
draftkings,NBA,878243c543236baba132ad43ae333aae,2026-05-10T19:40:00+00:00,Philadelphia 76ers,New York Knicks,total,under,-110,-110,0,212.5,212.5,0.0,2026-05-09T19:10:15.700893+00:00
betmgm,NBA,878243c543236baba132ad43ae333aae,2026-05-10T19:40:00+00:00,Philadelphia 76ers,New York Knicks,total,under,-110,-115,-5,212.5,213.5,1.0,2026-05-09T19:10:15.700893+00:00
betonlineag,NBA,878243c543236baba132ad43ae333aae,2026-05-10T19:40:00+00:00,Philadelphia 76ers,New York Knicks,total,under,-110,-110,0,212.5,213.0,0.5,2026-05-09T19:10:15.700893+00:00
draftkings,NBA,a306b74e13d87d2f8d64b1e01c2cf958,2026-05-08T01:45:52+00:00,Oklahoma City Thunder,Los Angeles Lakers,moneyline,away,650,380,-270,,,,2026-05-08T02:45:13.607739+00:00
betmgm,NBA,a306b74e13d87d2f8d64b1e01c2cf958,2026-05-08T01:45:52+00:00,Oklahoma City Thunder,Los Angeles Lakers,moneyline,away,675,360,-315,,,,2026-05-08T02:45:13.607739+00:00
fanduel,NBA,a306b74e13d87d2f8d64b1e01c2cf958,2026-05-08T01:45:52+00:00,Oklahoma City Thunder,Los Angeles Lakers,moneyline,away,660,390,-270,,,,2026-05-08T02:45:13.607739+00:00
betonlineag,NBA,a306b74e13d87d2f8d64b1e01c2cf958,2026-05-08T01:40:00+00:00,Oklahoma City Thunder,Los Angeles Lakers,moneyline,away,574,661,87,,,,2026-05-08T01:17:47.478960+00:00
draftkings,NBA,a306b74e13d87d2f8d64b1e01c2cf958,2026-05-08T01:45:52+00:00,Oklahoma City Thunder,Los Angeles Lakers,moneyline,home,-1000,-580,420,,,,2026-05-08T02:45:13.607739+00:00
betmgm,NBA,a306b74e13d87d2f8d64b1e01c2cf958,2026-05-08T01:45:52+00:00,Oklahoma City Thunder,Los Angeles Lakers,moneyline,home,-1100,-525,575,,,,2026-05-08T02:45:13.607739+00:00
fanduel,NBA,a306b74e13d87d2f8d64b1e01c2cf958,2026-05-08T01:45:52+00:00,Oklahoma City Thunder,Los Angeles Lakers,moneyline,home,-950,-590,360,,,,2026-05-08T02:45:13.607739+00:00
betonlineag,NBA,a306b74e13d87d2f8d64b1e01c2cf958,2026-05-08T01:40:00+00:00,Oklahoma City Thunder,Los Angeles Lakers,moneyline,home,-825,-1000,-175,,,,2026-05-08T01:17:47.478960+00:00
draftkings,NBA,a306b74e13d87d2f8d64b1e01c2cf958,2026-05-08T01:45:52+00:00,Oklahoma City Thunder,Los Angeles Lakers,spread,away,-110,-105,5,15.5,9.5,-6.0,2026-05-08T02:45:13.607739+00:00
betmgm,NBA,a306b74e13d87d2f8d64b1e01c2cf958,2026-05-08T01:45:52+00:00,Oklahoma City Thunder,Los Angeles Lakers,spread,away,-115,-110,5,16.5,9.5,-7.0,2026-05-08T02:45:13.607739+00:00
fanduel,NBA,a306b74e13d87d2f8d64b1e01c2cf958,2026-05-08T01:45:52+00:00,Oklahoma City Thunder,Los Angeles Lakers,spread,away,-106,-114,-8,15.5,9.5,-6.0,2026-05-08T02:45:13.607739+00:00
betonlineag,NBA,a306b74e13d87d2f8d64b1e01c2cf958,2026-05-08T01:40:00+00:00,Oklahoma City Thunder,Los Angeles Lakers,spread,away,-105,-110,-5,15.5,16.0,0.5,2026-05-08T01:17:47.478960+00:00
draftkings,NBA,a306b74e13d87d2f8d64b1e01c2cf958,2026-05-08T01:45:52+00:00,Oklahoma City Thunder,Los Angeles Lakers,spread,home,-110,-125,-15,-15.5,-9.5,6.0,2026-05-08T02:45:13.607739+00:00
betmgm,NBA,a306b74e13d87d2f8d64b1e01c2cf958,2026-05-08T01:45:52+00:00,Oklahoma City Thunder,Los Angeles Lakers,spread,home,-105,-118,-13,-16.5,-9.5,7.0,2026-05-08T02:45:13.607739+00:00
fanduel,NBA,a306b74e13d87d2f8d64b1e01c2cf958,2026-05-08T01:45:52+00:00,Oklahoma City Thunder,Los Angeles Lakers,spread,home,-114,-114,0,-15.5,-9.5,6.0,2026-05-08T02:45:13.607739+00:00
betonlineag,NBA,a306b74e13d87d2f8d64b1e01c2cf958,2026-05-08T01:40:00+00:00,Oklahoma City Thunder,Los Angeles Lakers,spread,home,-115,-110,5,-15.5,-16.0,-0.5,2026-05-08T01:17:47.478960+00:00
draftkings,NBA,a306b74e13d87d2f8d64b1e01c2cf958,2026-05-08T01:45:52+00:00,Oklahoma City Thunder,Los Angeles Lakers,total,over,-105,-110,-5,210.5,217.5,7.0,2026-05-08T02:45:13.607739+00:00
betmgm,NBA,a306b74e13d87d2f8d64b1e01c2cf958,2026-05-08T01:45:52+00:00,Oklahoma City Thunder,Los Angeles Lakers,total,over,-110,-110,0,209.5,218.5,9.0,2026-05-08T02:45:13.607739+00:00
fanduel,NBA,a306b74e13d87d2f8d64b1e01c2cf958,2026-05-08T01:45:52+00:00,Oklahoma City Thunder,Los Angeles Lakers,total,over,-108,-140,-32,209.5,216.5,7.0,2026-05-08T02:45:13.607739+00:00
betonlineag,NBA,a306b74e13d87d2f8d64b1e01c2cf958,2026-05-08T01:40:00+00:00,Oklahoma City Thunder,Los Angeles Lakers,total,over,-110,-110,0,209.5,211.5,2.0,2026-05-08T01:17:47.478960+00:00
draftkings,NBA,a306b74e13d87d2f8d64b1e01c2cf958,2026-05-08T01:45:52+00:00,Oklahoma City Thunder,Los Angeles Lakers,total,under,-115,-120,-5,210.5,217.5,7.0,2026-05-08T02:45:13.607739+00:00
betmgm,NBA,a306b74e13d87d2f8d64b1e01c2cf958,2026-05-08T01:45:52+00:00,Oklahoma City Thunder,Los Angeles Lakers,total,under,-110,-115,-5,209.5,218.5,9.0,2026-05-08T02:45:13.607739+00:00
fanduel,NBA,a306b74e13d87d2f8d64b1e01c2cf958,2026-05-08T01:45:52+00:00,Oklahoma City Thunder,Los Angeles Lakers,total,under,-112,106,218,209.5,216.5,7.0,2026-05-08T02:45:13.607739+00:00
betonlineag,NBA,a306b74e13d87d2f8d64b1e01c2cf958,2026-05-08T01:40:00+00:00,Oklahoma City Thunder,Los Angeles Lakers,total,under,-110,-110,0,209.5,211.5,2.0,2026-05-08T01:17:47.478960+00:00
draftkings,NBA,a463f640631f8b0580966b909965de14,2026-05-03T23:42:55+00:00,Cleveland Cavaliers,Toronto Raptors,moneyline,away,250,210,-40,,,,2026-05-04T00:11:40.863080+00:00
fanduel,NBA,a463f640631f8b0580966b909965de14,2026-05-03T23:42:55+00:00,Cleveland Cavaliers,Toronto Raptors,moneyline,away,240,190,-50,,,,2026-05-04T00:11:40.863080+00:00
betonlineag,NBA,a463f640631f8b0580966b909965de14,2026-05-03T23:40:00+00:00,Cleveland Cavaliers,Toronto Raptors,moneyline,away,256,264,8,,,,2026-05-03T23:11:27.828923+00:00
betmgm,NBA,a463f640631f8b0580966b909965de14,2026-05-03T23:42:55+00:00,Cleveland Cavaliers,Toronto Raptors,moneyline,away,240,210,-30,,,,2026-05-04T00:11:40.863080+00:00
draftkings,NBA,a463f640631f8b0580966b909965de14,2026-05-03T23:42:55+00:00,Cleveland Cavaliers,Toronto Raptors,moneyline,home,-310,-280,30,,,,2026-05-04T00:11:40.863080+00:00
fanduel,NBA,a463f640631f8b0580966b909965de14,2026-05-03T23:42:55+00:00,Cleveland Cavaliers,Toronto Raptors,moneyline,home,-295,-250,45,,,,2026-05-04T00:11:40.863080+00:00
betonlineag,NBA,a463f640631f8b0580966b909965de14,2026-05-03T23:40:00+00:00,Cleveland Cavaliers,Toronto Raptors,moneyline,home,-315,-326,-11,,,,2026-05-03T23:11:27.828923+00:00
betmgm,NBA,a463f640631f8b0580966b909965de14,2026-05-03T23:42:55+00:00,Cleveland Cavaliers,Toronto Raptors,moneyline,home,-300,-275,25,,,,2026-05-04T00:11:40.863080+00:00
draftkings,NBA,a463f640631f8b0580966b909965de14,2026-05-03T23:42:55+00:00,Cleveland Cavaliers,Toronto Raptors,spread,away,-115,-160,-45,8.5,12.5,4.0,2026-05-04T02:40:21.309637+00:00
fanduel,NBA,a463f640631f8b0580966b909965de14,2026-05-03T23:42:55+00:00,Cleveland Cavaliers,Toronto Raptors,spread,away,-120,104,224,8.5,4.5,-4.0,2026-05-04T00:11:40.863080+00:00
betonlineag,NBA,a463f640631f8b0580966b909965de14,2026-05-03T23:40:00+00:00,Cleveland Cavaliers,Toronto Raptors,spread,away,-105,-115,-10,8.0,8.5,0.5,2026-05-03T23:11:27.828923+00:00
betmgm,NBA,a463f640631f8b0580966b909965de14,2026-05-03T23:42:55+00:00,Cleveland Cavaliers,Toronto Raptors,spread,away,-110,-425,-315,8.5,12.5,4.0,2026-05-04T02:40:21.309637+00:00
draftkings,NBA,a463f640631f8b0580966b909965de14,2026-05-03T23:42:55+00:00,Cleveland Cavaliers,Toronto Raptors,spread,home,-105,124,229,-8.5,-12.5,-4.0,2026-05-04T02:40:21.309637+00:00
fanduel,NBA,a463f640631f8b0580966b909965de14,2026-05-03T23:42:55+00:00,Cleveland Cavaliers,Toronto Raptors,spread,home,-102,-138,-36,-8.5,-4.5,4.0,2026-05-04T00:11:40.863080+00:00
betonlineag,NBA,a463f640631f8b0580966b909965de14,2026-05-03T23:40:00+00:00,Cleveland Cavaliers,Toronto Raptors,spread,home,-115,-105,10,-8.0,-8.5,-0.5,2026-05-03T23:11:27.828923+00:00
betmgm,NBA,a463f640631f8b0580966b909965de14,2026-05-03T23:42:55+00:00,Cleveland Cavaliers,Toronto Raptors,spread,home,-110,290,400,-8.5,-12.5,-4.0,2026-05-04T02:40:21.309637+00:00
draftkings,NBA,a463f640631f8b0580966b909965de14,2026-05-03T23:42:55+00:00,Cleveland Cavaliers,Toronto Raptors,total,over,-108,-110,-2,211.5,207.5,-4.0,2026-05-04T00:11:40.863080+00:00
fanduel,NBA,a463f640631f8b0580966b909965de14,2026-05-03T23:42:55+00:00,Cleveland Cavaliers,Toronto Raptors,total,over,-112,-136,-24,210.5,208.5,-2.0,2026-05-04T00:11:40.863080+00:00
betonlineag,NBA,a463f640631f8b0580966b909965de14,2026-05-03T23:40:00+00:00,Cleveland Cavaliers,Toronto Raptors,total,over,-117,-110,7,211.0,209.5,-1.5,2026-05-03T23:11:27.828923+00:00
betmgm,NBA,a463f640631f8b0580966b909965de14,2026-05-03T23:42:55+00:00,Cleveland Cavaliers,Toronto Raptors,total,over,-110,-110,0,211.5,208.5,-3.0,2026-05-04T00:11:40.863080+00:00
draftkings,NBA,a463f640631f8b0580966b909965de14,2026-05-03T23:42:55+00:00,Cleveland Cavaliers,Toronto Raptors,total,under,-112,-120,-8,211.5,207.5,-4.0,2026-05-04T00:11:40.863080+00:00
fanduel,NBA,a463f640631f8b0580966b909965de14,2026-05-03T23:42:55+00:00,Cleveland Cavaliers,Toronto Raptors,total,under,-108,102,210,210.5,208.5,-2.0,2026-05-04T00:11:40.863080+00:00
betonlineag,NBA,a463f640631f8b0580966b909965de14,2026-05-03T23:40:00+00:00,Cleveland Cavaliers,Toronto Raptors,total,under,-103,-110,-7,211.0,209.5,-1.5,2026-05-03T23:11:27.828923+00:00
betmgm,NBA,a463f640631f8b0580966b909965de14,2026-05-03T23:42:55+00:00,Cleveland Cavaliers,Toronto Raptors,total,under,-110,-118,-8,211.5,208.5,-3.0,2026-05-04T00:11:40.863080+00:00
draftkings,NBA,b11391b35b7a0cf79deeef3bb3eb9009,2026-05-05T00:10:00+00:00,New York Knicks,Philadelphia 76ers,moneyline,away,210,235,25,,,,2026-05-05T00:02:46.023361+00:00
fanduel,NBA,b11391b35b7a0cf79deeef3bb3eb9009,2026-05-05T00:10:00+00:00,New York Knicks,Philadelphia 76ers,moneyline,away,220,240,20,,,,2026-05-05T00:02:46.023361+00:00
betonlineag,NBA,b11391b35b7a0cf79deeef3bb3eb9009,2026-05-05T00:10:00+00:00,New York Knicks,Philadelphia 76ers,moneyline,away,237,230,-7,,,,2026-05-05T00:02:46.023361+00:00
betmgm,NBA,b11391b35b7a0cf79deeef3bb3eb9009,2026-05-05T00:10:00+00:00,New York Knicks,Philadelphia 76ers,moneyline,away,230,230,0,,,,2026-05-05T00:02:46.023361+00:00
draftkings,NBA,b11391b35b7a0cf79deeef3bb3eb9009,2026-05-05T00:10:00+00:00,New York Knicks,Philadelphia 76ers,moneyline,home,-258,-290,-32,,,,2026-05-05T00:02:46.023361+00:00
fanduel,NBA,b11391b35b7a0cf79deeef3bb3eb9009,2026-05-05T00:10:00+00:00,New York Knicks,Philadelphia 76ers,moneyline,home,-270,-295,-25,,,,2026-05-05T00:02:46.023361+00:00
betonlineag,NBA,b11391b35b7a0cf79deeef3bb3eb9009,2026-05-05T00:10:00+00:00,New York Knicks,Philadelphia 76ers,moneyline,home,-290,-280,10,,,,2026-05-05T00:02:46.023361+00:00
betmgm,NBA,b11391b35b7a0cf79deeef3bb3eb9009,2026-05-05T00:10:00+00:00,New York Knicks,Philadelphia 76ers,moneyline,home,-285,-295,-10,,,,2026-05-05T00:02:46.023361+00:00
draftkings,NBA,b11391b35b7a0cf79deeef3bb3eb9009,2026-05-05T00:13:39+00:00,New York Knicks,Philadelphia 76ers,spread,away,-105,-120,-15,6.5,34.5,28.0,2026-05-05T02:33:59.199478+00:00
fanduel,NBA,b11391b35b7a0cf79deeef3bb3eb9009,2026-05-05T00:13:39+00:00,New York Knicks,Philadelphia 76ers,spread,away,-114,-104,10,7.5,32.5,25.0,2026-05-05T02:33:59.199478+00:00
betonlineag,NBA,b11391b35b7a0cf79deeef3bb3eb9009,2026-05-05T00:10:00+00:00,New York Knicks,Philadelphia 76ers,spread,away,-105,-108,-3,7.0,7.5,0.5,2026-05-05T00:02:46.023361+00:00
betmgm,NBA,b11391b35b7a0cf79deeef3bb3eb9009,2026-05-05T00:13:39+00:00,New York Knicks,Philadelphia 76ers,spread,away,-110,-105,5,7.5,31.5,24.0,2026-05-05T02:33:59.199478+00:00
draftkings,NBA,b11391b35b7a0cf79deeef3bb3eb9009,2026-05-05T00:13:39+00:00,New York Knicks,Philadelphia 76ers,spread,home,-115,-110,5,-6.5,-34.5,-28.0,2026-05-05T02:33:59.199478+00:00
fanduel,NBA,b11391b35b7a0cf79deeef3bb3eb9009,2026-05-05T00:13:39+00:00,New York Knicks,Philadelphia 76ers,spread,home,-106,-128,-22,-7.5,-32.5,-25.0,2026-05-05T02:33:59.199478+00:00
betonlineag,NBA,b11391b35b7a0cf79deeef3bb3eb9009,2026-05-05T00:10:00+00:00,New York Knicks,Philadelphia 76ers,spread,home,-115,-112,3,-7.0,-7.5,-0.5,2026-05-05T00:02:46.023361+00:00
betmgm,NBA,b11391b35b7a0cf79deeef3bb3eb9009,2026-05-05T00:13:39+00:00,New York Knicks,Philadelphia 76ers,spread,home,-110,-125,-15,-7.5,-31.5,-24.0,2026-05-05T02:33:59.199478+00:00
draftkings,NBA,b11391b35b7a0cf79deeef3bb3eb9009,2026-05-05T00:13:39+00:00,New York Knicks,Philadelphia 76ers,total,over,-110,-110,0,212.5,234.5,22.0,2026-05-05T02:33:59.199478+00:00
fanduel,NBA,b11391b35b7a0cf79deeef3bb3eb9009,2026-05-05T00:13:39+00:00,New York Knicks,Philadelphia 76ers,total,over,-106,-122,-16,212.5,232.5,20.0,2026-05-05T02:33:59.199478+00:00
betonlineag,NBA,b11391b35b7a0cf79deeef3bb3eb9009,2026-05-05T00:10:00+00:00,New York Knicks,Philadelphia 76ers,total,over,-115,-110,5,211.5,212.5,1.0,2026-05-05T00:02:46.023361+00:00
betmgm,NBA,b11391b35b7a0cf79deeef3bb3eb9009,2026-05-05T00:13:39+00:00,New York Knicks,Philadelphia 76ers,total,over,-110,-115,-5,211.5,234.5,23.0,2026-05-05T02:33:59.199478+00:00
draftkings,NBA,b11391b35b7a0cf79deeef3bb3eb9009,2026-05-05T00:13:39+00:00,New York Knicks,Philadelphia 76ers,total,under,-110,-120,-10,212.5,234.5,22.0,2026-05-05T02:33:59.199478+00:00
fanduel,NBA,b11391b35b7a0cf79deeef3bb3eb9009,2026-05-05T00:13:39+00:00,New York Knicks,Philadelphia 76ers,total,under,-114,-108,6,212.5,232.5,20.0,2026-05-05T02:33:59.199478+00:00
betonlineag,NBA,b11391b35b7a0cf79deeef3bb3eb9009,2026-05-05T00:10:00+00:00,New York Knicks,Philadelphia 76ers,total,under,-105,-110,-5,211.5,212.5,1.0,2026-05-05T00:02:46.023361+00:00
betmgm,NBA,b11391b35b7a0cf79deeef3bb3eb9009,2026-05-05T00:13:39+00:00,New York Knicks,Philadelphia 76ers,total,under,-110,-110,0,211.5,234.5,23.0,2026-05-05T02:33:59.199478+00:00
draftkings,NBA,be60e6f50fc77fc3a3cf6925472bad91,2026-05-03T19:41:39+00:00,Detroit Pistons,Orlando Magic,moneyline,away,270,850,580,,,,2026-05-03T21:10:53.148231+00:00
fanduel,NBA,be60e6f50fc77fc3a3cf6925472bad91,2026-05-03T19:41:39+00:00,Detroit Pistons,Orlando Magic,moneyline,away,265,870,605,,,,2026-05-03T21:10:53.148231+00:00
betonlineag,NBA,be60e6f50fc77fc3a3cf6925472bad91,2026-05-03T19:40:00+00:00,Detroit Pistons,Orlando Magic,moneyline,away,263,263,0,,,,2026-05-03T19:06:50.749736+00:00
betmgm,NBA,be60e6f50fc77fc3a3cf6925472bad91,2026-05-03T19:41:39+00:00,Detroit Pistons,Orlando Magic,moneyline,away,260,875,615,,,,2026-05-03T21:10:53.148231+00:00
draftkings,NBA,be60e6f50fc77fc3a3cf6925472bad91,2026-05-03T19:41:39+00:00,Detroit Pistons,Orlando Magic,moneyline,home,-340,-1750,-1410,,,,2026-05-03T21:10:53.148231+00:00
fanduel,NBA,be60e6f50fc77fc3a3cf6925472bad91,2026-05-03T19:41:39+00:00,Detroit Pistons,Orlando Magic,moneyline,home,-330,-2200,-1870,,,,2026-05-03T21:10:53.148231+00:00
betonlineag,NBA,be60e6f50fc77fc3a3cf6925472bad91,2026-05-03T19:40:00+00:00,Detroit Pistons,Orlando Magic,moneyline,home,-325,-325,0,,,,2026-05-03T19:06:50.749736+00:00
betmgm,NBA,be60e6f50fc77fc3a3cf6925472bad91,2026-05-03T19:41:39+00:00,Detroit Pistons,Orlando Magic,moneyline,home,-325,-2500,-2175,,,,2026-05-03T21:10:53.148231+00:00
draftkings,NBA,be60e6f50fc77fc3a3cf6925472bad91,2026-05-03T19:41:39+00:00,Detroit Pistons,Orlando Magic,spread,away,-108,-110,-2,8.5,18.5,10.0,2026-05-03T22:07:23.694839+00:00
fanduel,NBA,be60e6f50fc77fc3a3cf6925472bad91,2026-05-03T19:41:39+00:00,Detroit Pistons,Orlando Magic,spread,away,-110,-106,4,8.5,18.5,10.0,2026-05-03T22:07:23.694839+00:00
betonlineag,NBA,be60e6f50fc77fc3a3cf6925472bad91,2026-05-03T19:40:00+00:00,Detroit Pistons,Orlando Magic,spread,away,-112,-110,2,8.5,8.5,0.0,2026-05-03T19:06:50.749736+00:00
betmgm,NBA,be60e6f50fc77fc3a3cf6925472bad91,2026-05-03T19:41:39+00:00,Detroit Pistons,Orlando Magic,spread,away,-110,-130,-20,8.5,18.5,10.0,2026-05-03T22:07:23.694839+00:00
draftkings,NBA,be60e6f50fc77fc3a3cf6925472bad91,2026-05-03T19:41:39+00:00,Detroit Pistons,Orlando Magic,spread,home,-112,-120,-8,-8.5,-18.5,-10.0,2026-05-03T22:07:23.694839+00:00
fanduel,NBA,be60e6f50fc77fc3a3cf6925472bad91,2026-05-03T19:41:39+00:00,Detroit Pistons,Orlando Magic,spread,home,-110,-125,-15,-8.5,-18.5,-10.0,2026-05-03T22:07:23.694839+00:00
betonlineag,NBA,be60e6f50fc77fc3a3cf6925472bad91,2026-05-03T19:40:00+00:00,Detroit Pistons,Orlando Magic,spread,home,-108,-110,-2,-8.5,-8.5,0.0,2026-05-03T19:06:50.749736+00:00
betmgm,NBA,be60e6f50fc77fc3a3cf6925472bad91,2026-05-03T19:41:39+00:00,Detroit Pistons,Orlando Magic,spread,home,-110,100,210,-8.5,-18.5,-10.0,2026-05-03T22:07:23.694839+00:00
draftkings,NBA,be60e6f50fc77fc3a3cf6925472bad91,2026-05-03T19:41:39+00:00,Detroit Pistons,Orlando Magic,total,over,-105,-140,-35,202.5,208.5,6.0,2026-05-03T22:07:23.694839+00:00
fanduel,NBA,be60e6f50fc77fc3a3cf6925472bad91,2026-05-03T19:41:39+00:00,Detroit Pistons,Orlando Magic,total,over,-108,-136,-28,202.5,208.5,6.0,2026-05-03T22:07:23.694839+00:00
betonlineag,NBA,be60e6f50fc77fc3a3cf6925472bad91,2026-05-03T19:40:00+00:00,Detroit Pistons,Orlando Magic,total,over,-110,-110,0,202.0,201.5,-0.5,2026-05-03T19:06:50.749736+00:00
betmgm,NBA,be60e6f50fc77fc3a3cf6925472bad91,2026-05-03T19:41:39+00:00,Detroit Pistons,Orlando Magic,total,over,-105,-115,-10,202.5,209.5,7.0,2026-05-03T22:07:23.694839+00:00
draftkings,NBA,be60e6f50fc77fc3a3cf6925472bad91,2026-05-03T19:41:39+00:00,Detroit Pistons,Orlando Magic,total,under,-115,110,225,202.5,208.5,6.0,2026-05-03T22:07:23.694839+00:00
fanduel,NBA,be60e6f50fc77fc3a3cf6925472bad91,2026-05-03T19:41:39+00:00,Detroit Pistons,Orlando Magic,total,under,-112,102,214,202.5,208.5,6.0,2026-05-03T22:07:23.694839+00:00
betonlineag,NBA,be60e6f50fc77fc3a3cf6925472bad91,2026-05-03T19:40:00+00:00,Detroit Pistons,Orlando Magic,total,under,-110,-110,0,202.0,201.5,-0.5,2026-05-03T19:06:50.749736+00:00
betmgm,NBA,be60e6f50fc77fc3a3cf6925472bad91,2026-05-03T19:41:39+00:00,Detroit Pistons,Orlando Magic,total,under,-115,-115,0,202.5,209.5,7.0,2026-05-03T22:07:23.694839+00:00
fanduel,NBA,d146e10295545e18ac8915a1f5860317,2026-05-06T23:14:00+00:00,New York Knicks,Philadelphia 76ers,moneyline,away,225,220,-5,,,,2026-05-06T23:55:20.854648+00:00
draftkings,NBA,d146e10295545e18ac8915a1f5860317,2026-05-06T23:14:00+00:00,New York Knicks,Philadelphia 76ers,moneyline,away,220,230,10,,,,2026-05-06T23:55:20.854648+00:00
betmgm,NBA,d146e10295545e18ac8915a1f5860317,2026-05-06T23:14:00+00:00,New York Knicks,Philadelphia 76ers,moneyline,away,220,225,5,,,,2026-05-06T23:55:20.854648+00:00
betonlineag,NBA,d146e10295545e18ac8915a1f5860317,2026-05-06T23:10:00+00:00,New York Knicks,Philadelphia 76ers,moneyline,away,219,367,148,,,,2026-05-06T22:55:47.117703+00:00
fanduel,NBA,d146e10295545e18ac8915a1f5860317,2026-05-06T23:14:00+00:00,New York Knicks,Philadelphia 76ers,moneyline,home,-275,-295,-20,,,,2026-05-06T23:55:20.854648+00:00
draftkings,NBA,d146e10295545e18ac8915a1f5860317,2026-05-06T23:14:00+00:00,New York Knicks,Philadelphia 76ers,moneyline,home,-270,-315,-45,,,,2026-05-06T23:55:20.854648+00:00
betmgm,NBA,d146e10295545e18ac8915a1f5860317,2026-05-06T23:14:00+00:00,New York Knicks,Philadelphia 76ers,moneyline,home,-275,-300,-25,,,,2026-05-06T23:55:20.854648+00:00
betonlineag,NBA,d146e10295545e18ac8915a1f5860317,2026-05-06T23:10:00+00:00,New York Knicks,Philadelphia 76ers,moneyline,home,-265,-475,-210,,,,2026-05-06T22:55:47.117703+00:00
fanduel,NBA,d146e10295545e18ac8915a1f5860317,2026-05-06T23:14:00+00:00,New York Knicks,Philadelphia 76ers,spread,away,-106,-114,-8,6.5,6.5,0.0,2026-05-06T23:55:20.854648+00:00
draftkings,NBA,d146e10295545e18ac8915a1f5860317,2026-05-06T23:14:00+00:00,New York Knicks,Philadelphia 76ers,spread,away,-105,-120,-15,6.5,7.5,1.0,2026-05-06T23:55:20.854648+00:00
betmgm,NBA,d146e10295545e18ac8915a1f5860317,2026-05-06T23:14:00+00:00,New York Knicks,Philadelphia 76ers,spread,away,-105,-110,-5,6.5,7.5,1.0,2026-05-06T23:55:20.854648+00:00
betonlineag,NBA,d146e10295545e18ac8915a1f5860317,2026-05-06T23:10:00+00:00,New York Knicks,Philadelphia 76ers,spread,away,-115,-105,10,7.0,10.5,3.5,2026-05-06T22:55:47.117703+00:00
fanduel,NBA,d146e10295545e18ac8915a1f5860317,2026-05-06T23:14:00+00:00,New York Knicks,Philadelphia 76ers,spread,home,-114,-114,0,-6.5,-6.5,0.0,2026-05-06T23:55:20.854648+00:00
draftkings,NBA,d146e10295545e18ac8915a1f5860317,2026-05-06T23:14:00+00:00,New York Knicks,Philadelphia 76ers,spread,home,-115,-110,5,-6.5,-7.5,-1.0,2026-05-06T23:55:20.854648+00:00
betmgm,NBA,d146e10295545e18ac8915a1f5860317,2026-05-06T23:14:00+00:00,New York Knicks,Philadelphia 76ers,spread,home,-115,-115,0,-6.5,-7.5,-1.0,2026-05-06T23:55:20.854648+00:00
betonlineag,NBA,d146e10295545e18ac8915a1f5860317,2026-05-06T23:10:00+00:00,New York Knicks,Philadelphia 76ers,spread,home,-105,-115,-10,-7.0,-10.5,-3.5,2026-05-06T22:55:47.117703+00:00
fanduel,NBA,d146e10295545e18ac8915a1f5860317,2026-05-06T23:14:00+00:00,New York Knicks,Philadelphia 76ers,total,over,-106,-136,-30,214.5,222.5,8.0,2026-05-06T23:55:20.854648+00:00
draftkings,NBA,d146e10295545e18ac8915a1f5860317,2026-05-06T23:14:00+00:00,New York Knicks,Philadelphia 76ers,total,over,-110,-115,-5,214.5,222.5,8.0,2026-05-06T23:55:20.854648+00:00
betmgm,NBA,d146e10295545e18ac8915a1f5860317,2026-05-06T23:14:00+00:00,New York Knicks,Philadelphia 76ers,total,over,-115,-115,0,214.5,222.5,8.0,2026-05-06T23:55:20.854648+00:00
betonlineag,NBA,d146e10295545e18ac8915a1f5860317,2026-05-06T23:10:00+00:00,New York Knicks,Philadelphia 76ers,total,over,-110,-108,2,215.0,214.0,-1.0,2026-05-06T22:55:47.117703+00:00
fanduel,NBA,d146e10295545e18ac8915a1f5860317,2026-05-06T23:14:00+00:00,New York Knicks,Philadelphia 76ers,total,under,-114,102,216,214.5,222.5,8.0,2026-05-06T23:55:20.854648+00:00
draftkings,NBA,d146e10295545e18ac8915a1f5860317,2026-05-06T23:14:00+00:00,New York Knicks,Philadelphia 76ers,total,under,-110,-115,-5,214.5,222.5,8.0,2026-05-06T23:55:20.854648+00:00
betmgm,NBA,d146e10295545e18ac8915a1f5860317,2026-05-06T23:14:00+00:00,New York Knicks,Philadelphia 76ers,total,under,-105,-110,-5,214.5,222.5,8.0,2026-05-06T23:55:20.854648+00:00
betonlineag,NBA,d146e10295545e18ac8915a1f5860317,2026-05-06T23:10:00+00:00,New York Knicks,Philadelphia 76ers,total,under,-110,-112,-2,215.0,214.0,-1.0,2026-05-06T22:55:47.117703+00:00
fanduel,NBA,nba_stub_001,2026-05-16T18:23:40.285933+00:00,Los Angeles Lakers,Boston Celtics,moneyline,away,-140,-140,0,,,,2026-05-15T18:23:40.425079+00:00
fanduel,NBA,nba_stub_001,2026-05-16T18:23:40.285933+00:00,Los Angeles Lakers,Boston Celtics,moneyline,home,120,120,0,,,,2026-05-15T18:23:40.425079+00:00
fanduel,NBA,nba_stub_001,2026-05-16T18:23:40.285933+00:00,Los Angeles Lakers,Boston Celtics,spread,away,-110,-110,0,-2.5,-2.5,0.0,2026-05-15T18:23:40.425079+00:00
fanduel,NBA,nba_stub_001,2026-05-16T18:23:40.285933+00:00,Los Angeles Lakers,Boston Celtics,spread,home,-110,-110,0,2.5,2.5,0.0,2026-05-15T18:23:40.425079+00:00
fanduel,NBA,nba_stub_001,2026-05-16T18:23:40.285933+00:00,Los Angeles Lakers,Boston Celtics,total,over,-110,-110,0,225.5,225.5,0.0,2026-05-15T18:23:40.425079+00:00
fanduel,NBA,nba_stub_001,2026-05-16T18:23:40.285933+00:00,Los Angeles Lakers,Boston Celtics,total,under,-110,-110,0,225.5,225.5,0.0,2026-05-15T18:23:40.425079+00:00
fanduel,NBA,nba_stub_002,2026-05-16T21:23:40.285933+00:00,Golden State Warriors,Phoenix Suns,moneyline,away,145,145,0,,,,2026-05-15T18:23:40.425079+00:00
fanduel,NBA,nba_stub_002,2026-05-16T21:23:40.285933+00:00,Golden State Warriors,Phoenix Suns,moneyline,home,-165,-165,0,,,,2026-05-15T18:23:40.425079+00:00
fanduel,NBA,nba_stub_002,2026-05-16T21:23:40.285933+00:00,Golden State Warriors,Phoenix Suns,spread,away,-112,-112,0,4.0,4.0,0.0,2026-05-15T18:23:40.425079+00:00
fanduel,NBA,nba_stub_002,2026-05-16T21:23:40.285933+00:00,Golden State Warriors,Phoenix Suns,spread,home,-108,-108,0,-4.0,-4.0,0.0,2026-05-15T18:23:40.425079+00:00
fanduel,NBA,nba_stub_002,2026-05-16T21:23:40.285933+00:00,Golden State Warriors,Phoenix Suns,total,over,-105,-105,0,232.0,232.0,0.0,2026-05-15T18:23:40.425079+00:00
fanduel,NBA,nba_stub_002,2026-05-16T21:23:40.285933+00:00,Golden State Warriors,Phoenix Suns,total,under,-115,-115,0,232.0,232.0,0.0,2026-05-15T18:23:40.425079+00:00
draftkings,NFL,acc580d74344ea3b31bbcdd057fe6a9c,2026-09-11T00:35:00+00:00,Los Angeles Rams,San Francisco 49ers,moneyline,away,124,124,0,,,,2026-05-09T19:10:15.700893+00:00
betmgm,NFL,acc580d74344ea3b31bbcdd057fe6a9c,2026-09-11T00:35:00+00:00,Los Angeles Rams,San Francisco 49ers,moneyline,away,125,125,0,,,,2026-05-09T19:10:15.700893+00:00
draftkings,NFL,acc580d74344ea3b31bbcdd057fe6a9c,2026-09-11T00:35:00+00:00,Los Angeles Rams,San Francisco 49ers,moneyline,home,-148,-148,0,,,,2026-05-09T19:10:15.700893+00:00
betmgm,NFL,acc580d74344ea3b31bbcdd057fe6a9c,2026-09-11T00:35:00+00:00,Los Angeles Rams,San Francisco 49ers,moneyline,home,-150,-150,0,,,,2026-05-09T19:10:15.700893+00:00
draftkings,NFL,acc580d74344ea3b31bbcdd057fe6a9c,2026-09-11T00:35:00+00:00,Los Angeles Rams,San Francisco 49ers,spread,away,100,100,0,2.5,2.5,0.0,2026-05-09T19:10:15.700893+00:00
betmgm,NFL,acc580d74344ea3b31bbcdd057fe6a9c,2026-09-11T00:35:00+00:00,Los Angeles Rams,San Francisco 49ers,spread,away,100,100,0,2.5,2.5,0.0,2026-05-09T19:10:15.700893+00:00
draftkings,NFL,acc580d74344ea3b31bbcdd057fe6a9c,2026-09-11T00:35:00+00:00,Los Angeles Rams,San Francisco 49ers,spread,home,-120,-120,0,-2.5,-2.5,0.0,2026-05-09T19:10:15.700893+00:00
betmgm,NFL,acc580d74344ea3b31bbcdd057fe6a9c,2026-09-11T00:35:00+00:00,Los Angeles Rams,San Francisco 49ers,spread,home,-120,-120,0,-2.5,-2.5,0.0,2026-05-09T19:10:15.700893+00:00
draftkings,NFL,acc580d74344ea3b31bbcdd057fe6a9c,2026-09-11T00:35:00+00:00,Los Angeles Rams,San Francisco 49ers,total,over,-110,-110,0,48.5,48.5,0.0,2026-05-09T19:10:15.700893+00:00
betmgm,NFL,acc580d74344ea3b31bbcdd057fe6a9c,2026-09-11T00:35:00+00:00,Los Angeles Rams,San Francisco 49ers,total,over,-115,-115,0,48.5,48.5,0.0,2026-05-09T19:10:15.700893+00:00
draftkings,NFL,acc580d74344ea3b31bbcdd057fe6a9c,2026-09-11T00:35:00+00:00,Los Angeles Rams,San Francisco 49ers,total,under,-110,-110,0,48.5,48.5,0.0,2026-05-09T19:10:15.700893+00:00
betmgm,NFL,acc580d74344ea3b31bbcdd057fe6a9c,2026-09-11T00:35:00+00:00,Los Angeles Rams,San Francisco 49ers,total,under,-105,-105,0,48.5,48.5,0.0,2026-05-09T19:10:15.700893+00:00
fanduel,NFL,nfl_stub_001,2026-05-17T18:23:40.046898+00:00,Kansas City Chiefs,Buffalo Bills,moneyline,away,130,130,0,,,,2026-05-15T18:23:40.425079+00:00
fanduel,NFL,nfl_stub_001,2026-05-17T18:23:40.046898+00:00,Kansas City Chiefs,Buffalo Bills,moneyline,home,-150,-150,0,,,,2026-05-15T18:23:40.425079+00:00
fanduel,NFL,nfl_stub_001,2026-05-17T18:23:40.046898+00:00,Kansas City Chiefs,Buffalo Bills,spread,away,-110,-110,0,3.0,3.0,0.0,2026-05-15T18:23:40.425079+00:00
fanduel,NFL,nfl_stub_001,2026-05-17T18:23:40.046898+00:00,Kansas City Chiefs,Buffalo Bills,spread,home,-110,-110,0,-3.0,-3.0,0.0,2026-05-15T18:23:40.425079+00:00
fanduel,NFL,nfl_stub_001,2026-05-17T18:23:40.046898+00:00,Kansas City Chiefs,Buffalo Bills,total,over,-110,-110,0,47.5,47.5,0.0,2026-05-15T18:23:40.425079+00:00
fanduel,NFL,nfl_stub_001,2026-05-17T18:23:40.046898+00:00,Kansas City Chiefs,Buffalo Bills,total,under,-110,-110,0,47.5,47.5,0.0,2026-05-15T18:23:40.425079+00:00
fanduel,NFL,nfl_stub_002,2026-05-18T18:23:40.046898+00:00,San Francisco 49ers,Dallas Cowboys,moneyline,away,155,155,0,,,,2026-05-15T18:23:40.425079+00:00
fanduel,NFL,nfl_stub_002,2026-05-18T18:23:40.046898+00:00,San Francisco 49ers,Dallas Cowboys,moneyline,home,-180,-180,0,,,,2026-05-15T18:23:40.425079+00:00
fanduel,NFL,nfl_stub_002,2026-05-18T18:23:40.046898+00:00,San Francisco 49ers,Dallas Cowboys,spread,away,-115,-115,0,4.0,4.0,0.0,2026-05-15T18:23:40.425079+00:00
fanduel,NFL,nfl_stub_002,2026-05-18T18:23:40.046898+00:00,San Francisco 49ers,Dallas Cowboys,spread,home,-105,-105,0,-4.0,-4.0,0.0,2026-05-15T18:23:40.425079+00:00
fanduel,NFL,nfl_stub_002,2026-05-18T18:23:40.046898+00:00,San Francisco 49ers,Dallas Cowboys,total,over,-108,-108,0,49.0,49.0,0.0,2026-05-15T18:23:40.425079+00:00
fanduel,NFL,nfl_stub_002,2026-05-18T18:23:40.046898+00:00,San Francisco 49ers,Dallas Cowboys,total,under,-112,-112,0,49.0,49.0,0.0,2026-05-15T18:23:40.425079+00:00
draftkings,NHL,06019ea348b06f7e342d8998911baca1,2026-05-10T01:10:00+00:00,Minnesota Wild,Colorado Avalanche,moneyline,away,-130,-130,0,,,,2026-05-09T19:10:15.700893+00:00
fanduel,NHL,06019ea348b06f7e342d8998911baca1,2026-05-10T01:10:00+00:00,Minnesota Wild,Colorado Avalanche,moneyline,away,-120,-132,-12,,,,2026-05-09T19:10:15.700893+00:00
betonlineag,NHL,06019ea348b06f7e342d8998911baca1,2026-05-10T01:10:00+00:00,Minnesota Wild,Colorado Avalanche,moneyline,away,-125,-126,-1,,,,2026-05-09T19:10:15.700893+00:00
betmgm,NHL,06019ea348b06f7e342d8998911baca1,2026-05-10T01:10:00+00:00,Minnesota Wild,Colorado Avalanche,moneyline,away,-125,-130,-5,,,,2026-05-09T19:10:15.700893+00:00
draftkings,NHL,06019ea348b06f7e342d8998911baca1,2026-05-10T01:10:00+00:00,Minnesota Wild,Colorado Avalanche,moneyline,home,110,110,0,,,,2026-05-09T19:10:15.700893+00:00
fanduel,NHL,06019ea348b06f7e342d8998911baca1,2026-05-10T01:10:00+00:00,Minnesota Wild,Colorado Avalanche,moneyline,home,100,110,10,,,,2026-05-09T19:10:15.700893+00:00
betonlineag,NHL,06019ea348b06f7e342d8998911baca1,2026-05-10T01:10:00+00:00,Minnesota Wild,Colorado Avalanche,moneyline,home,110,111,1,,,,2026-05-09T19:10:15.700893+00:00
betmgm,NHL,06019ea348b06f7e342d8998911baca1,2026-05-10T01:10:00+00:00,Minnesota Wild,Colorado Avalanche,moneyline,home,105,110,5,,,,2026-05-09T19:10:15.700893+00:00
draftkings,NHL,06019ea348b06f7e342d8998911baca1,2026-05-10T01:10:00+00:00,Minnesota Wild,Colorado Avalanche,spread,away,200,180,-20,-1.5,-1.5,0.0,2026-05-09T19:10:15.700893+00:00
fanduel,NHL,06019ea348b06f7e342d8998911baca1,2026-05-10T01:10:00+00:00,Minnesota Wild,Colorado Avalanche,spread,away,184,176,-8,-1.5,-1.5,0.0,2026-05-09T19:10:15.700893+00:00
betonlineag,NHL,06019ea348b06f7e342d8998911baca1,2026-05-10T01:10:00+00:00,Minnesota Wild,Colorado Avalanche,spread,away,203,188,-15,-1.5,-1.5,0.0,2026-05-09T19:10:15.700893+00:00
betmgm,NHL,06019ea348b06f7e342d8998911baca1,2026-05-10T01:10:00+00:00,Minnesota Wild,Colorado Avalanche,spread,away,195,180,-15,-1.5,-1.5,0.0,2026-05-09T19:10:15.700893+00:00
draftkings,NHL,06019ea348b06f7e342d8998911baca1,2026-05-10T01:10:00+00:00,Minnesota Wild,Colorado Avalanche,spread,home,-245,-218,27,1.5,1.5,0.0,2026-05-09T19:10:15.700893+00:00
fanduel,NHL,06019ea348b06f7e342d8998911baca1,2026-05-10T01:10:00+00:00,Minnesota Wild,Colorado Avalanche,spread,home,-230,-220,10,1.5,1.5,0.0,2026-05-09T19:10:15.700893+00:00
betonlineag,NHL,06019ea348b06f7e342d8998911baca1,2026-05-10T01:10:00+00:00,Minnesota Wild,Colorado Avalanche,spread,home,-245,-223,22,1.5,1.5,0.0,2026-05-09T19:10:15.700893+00:00
betmgm,NHL,06019ea348b06f7e342d8998911baca1,2026-05-10T01:10:00+00:00,Minnesota Wild,Colorado Avalanche,spread,home,-235,-220,15,1.5,1.5,0.0,2026-05-09T19:10:15.700893+00:00
draftkings,NHL,06019ea348b06f7e342d8998911baca1,2026-05-10T01:10:00+00:00,Minnesota Wild,Colorado Avalanche,total,over,110,102,-8,6.5,6.5,0.0,2026-05-09T19:10:15.700893+00:00
fanduel,NHL,06019ea348b06f7e342d8998911baca1,2026-05-10T01:10:00+00:00,Minnesota Wild,Colorado Avalanche,total,over,110,100,-10,6.5,6.5,0.0,2026-05-09T19:10:15.700893+00:00
betonlineag,NHL,06019ea348b06f7e342d8998911baca1,2026-05-10T01:10:00+00:00,Minnesota Wild,Colorado Avalanche,total,over,104,102,-2,6.5,6.5,0.0,2026-05-09T19:10:15.700893+00:00
betmgm,NHL,06019ea348b06f7e342d8998911baca1,2026-05-10T01:10:00+00:00,Minnesota Wild,Colorado Avalanche,total,over,100,100,0,6.5,6.5,0.0,2026-05-09T19:10:15.700893+00:00
draftkings,NHL,06019ea348b06f7e342d8998911baca1,2026-05-10T01:10:00+00:00,Minnesota Wild,Colorado Avalanche,total,under,-130,-122,8,6.5,6.5,0.0,2026-05-09T19:10:15.700893+00:00
fanduel,NHL,06019ea348b06f7e342d8998911baca1,2026-05-10T01:10:00+00:00,Minnesota Wild,Colorado Avalanche,total,under,-134,-122,12,6.5,6.5,0.0,2026-05-09T19:10:15.700893+00:00
betonlineag,NHL,06019ea348b06f7e342d8998911baca1,2026-05-10T01:10:00+00:00,Minnesota Wild,Colorado Avalanche,total,under,-120,-118,2,6.5,6.5,0.0,2026-05-09T19:10:15.700893+00:00
betmgm,NHL,06019ea348b06f7e342d8998911baca1,2026-05-10T01:10:00+00:00,Minnesota Wild,Colorado Avalanche,total,under,-120,-120,0,6.5,6.5,0.0,2026-05-09T19:10:15.700893+00:00
fanduel,NHL,2dbe31206cd9fdac37bb9ccdb2b04244,2026-05-07T01:52:00+00:00,Vegas Golden Knights,Anaheim Ducks,moneyline,away,130,114,-16,,,,2026-05-07T02:40:12.020358+00:00
draftkings,NHL,2dbe31206cd9fdac37bb9ccdb2b04244,2026-05-07T01:52:00+00:00,Vegas Golden Knights,Anaheim Ducks,moneyline,away,136,114,-22,,,,2026-05-07T02:40:12.020358+00:00
betmgm,NHL,2dbe31206cd9fdac37bb9ccdb2b04244,2026-05-07T01:52:00+00:00,Vegas Golden Knights,Anaheim Ducks,moneyline,away,135,125,-10,,,,2026-05-07T02:40:12.020358+00:00
betonlineag,NHL,2dbe31206cd9fdac37bb9ccdb2b04244,2026-05-07T01:40:00+00:00,Vegas Golden Knights,Anaheim Ducks,moneyline,away,132,132,0,,,,2026-05-06T23:55:20.854648+00:00
fanduel,NHL,2dbe31206cd9fdac37bb9ccdb2b04244,2026-05-07T01:52:00+00:00,Vegas Golden Knights,Anaheim Ducks,moneyline,home,-156,-146,10,,,,2026-05-07T02:40:12.020358+00:00
draftkings,NHL,2dbe31206cd9fdac37bb9ccdb2b04244,2026-05-07T01:52:00+00:00,Vegas Golden Knights,Anaheim Ducks,moneyline,home,-162,-145,17,,,,2026-05-07T02:40:12.020358+00:00
betmgm,NHL,2dbe31206cd9fdac37bb9ccdb2b04244,2026-05-07T01:52:00+00:00,Vegas Golden Knights,Anaheim Ducks,moneyline,home,-160,-155,5,,,,2026-05-07T02:40:12.020358+00:00
betonlineag,NHL,2dbe31206cd9fdac37bb9ccdb2b04244,2026-05-07T01:40:00+00:00,Vegas Golden Knights,Anaheim Ducks,moneyline,home,-150,-150,0,,,,2026-05-06T23:55:20.854648+00:00
fanduel,NHL,2dbe31206cd9fdac37bb9ccdb2b04244,2026-05-07T01:52:00+00:00,Vegas Golden Knights,Anaheim Ducks,spread,away,-172,-245,-73,1.5,1.5,0.0,2026-05-07T02:40:12.020358+00:00
draftkings,NHL,2dbe31206cd9fdac37bb9ccdb2b04244,2026-05-07T01:52:00+00:00,Vegas Golden Knights,Anaheim Ducks,spread,away,-185,-238,-53,1.5,1.5,0.0,2026-05-07T02:40:12.020358+00:00
betmgm,NHL,2dbe31206cd9fdac37bb9ccdb2b04244,2026-05-07T01:52:00+00:00,Vegas Golden Knights,Anaheim Ducks,spread,away,-175,-250,-75,1.5,1.5,0.0,2026-05-07T02:40:12.020358+00:00
betonlineag,NHL,2dbe31206cd9fdac37bb9ccdb2b04244,2026-05-07T01:40:00+00:00,Vegas Golden Knights,Anaheim Ducks,spread,away,-183,-185,-2,1.5,1.5,0.0,2026-05-06T23:55:20.854648+00:00
fanduel,NHL,2dbe31206cd9fdac37bb9ccdb2b04244,2026-05-07T01:52:00+00:00,Vegas Golden Knights,Anaheim Ducks,spread,home,140,182,42,-1.5,-1.5,0.0,2026-05-07T02:40:12.020358+00:00
draftkings,NHL,2dbe31206cd9fdac37bb9ccdb2b04244,2026-05-07T01:52:00+00:00,Vegas Golden Knights,Anaheim Ducks,spread,home,154,180,26,-1.5,-1.5,0.0,2026-05-07T02:40:12.020358+00:00
betmgm,NHL,2dbe31206cd9fdac37bb9ccdb2b04244,2026-05-07T01:52:00+00:00,Vegas Golden Knights,Anaheim Ducks,spread,home,145,180,35,-1.5,-1.5,0.0,2026-05-07T02:40:12.020358+00:00
betonlineag,NHL,2dbe31206cd9fdac37bb9ccdb2b04244,2026-05-07T01:40:00+00:00,Vegas Golden Knights,Anaheim Ducks,spread,home,160,161,1,-1.5,-1.5,0.0,2026-05-06T23:55:20.854648+00:00
fanduel,NHL,2dbe31206cd9fdac37bb9ccdb2b04244,2026-05-07T01:52:00+00:00,Vegas Golden Knights,Anaheim Ducks,total,over,102,-130,-232,6.5,4.5,-2.0,2026-05-07T02:40:12.020358+00:00
draftkings,NHL,2dbe31206cd9fdac37bb9ccdb2b04244,2026-05-07T01:52:00+00:00,Vegas Golden Knights,Anaheim Ducks,total,over,102,-130,-232,6.5,4.5,-2.0,2026-05-07T02:40:12.020358+00:00
betmgm,NHL,2dbe31206cd9fdac37bb9ccdb2b04244,2026-05-07T01:52:00+00:00,Vegas Golden Knights,Anaheim Ducks,total,over,-120,-135,-15,6.0,4.5,-1.5,2026-05-07T02:40:12.020358+00:00
betonlineag,NHL,2dbe31206cd9fdac37bb9ccdb2b04244,2026-05-07T01:40:00+00:00,Vegas Golden Knights,Anaheim Ducks,total,over,109,100,-9,6.5,6.5,0.0,2026-05-06T23:55:20.854648+00:00
fanduel,NHL,2dbe31206cd9fdac37bb9ccdb2b04244,2026-05-07T01:52:00+00:00,Vegas Golden Knights,Anaheim Ducks,total,under,-124,100,224,6.5,4.5,-2.0,2026-05-07T02:40:12.020358+00:00
draftkings,NHL,2dbe31206cd9fdac37bb9ccdb2b04244,2026-05-07T01:52:00+00:00,Vegas Golden Knights,Anaheim Ducks,total,under,-122,100,222,6.5,4.5,-2.0,2026-05-07T02:40:12.020358+00:00
betmgm,NHL,2dbe31206cd9fdac37bb9ccdb2b04244,2026-05-07T01:52:00+00:00,Vegas Golden Knights,Anaheim Ducks,total,under,100,100,0,6.0,4.5,-1.5,2026-05-07T02:40:12.020358+00:00
betonlineag,NHL,2dbe31206cd9fdac37bb9ccdb2b04244,2026-05-07T01:40:00+00:00,Vegas Golden Knights,Anaheim Ducks,total,under,-125,-116,9,6.5,6.5,0.0,2026-05-06T23:55:20.854648+00:00
fanduel,NHL,2fa2791476f479767d443794d977469a,2026-05-09T01:55:00+00:00,Anaheim Ducks,Vegas Golden Knights,moneyline,away,-114,-2000,-1886,,,,2026-05-09T02:39:35.910447+00:00
draftkings,NHL,2fa2791476f479767d443794d977469a,2026-05-09T01:55:00+00:00,Anaheim Ducks,Vegas Golden Knights,moneyline,away,-112,-1450,-1338,,,,2026-05-09T02:39:35.910447+00:00
betmgm,NHL,2fa2791476f479767d443794d977469a,2026-05-09T01:55:00+00:00,Anaheim Ducks,Vegas Golden Knights,moneyline,away,-110,-1200,-1090,,,,2026-05-09T02:39:35.910447+00:00
betonlineag,NHL,2fa2791476f479767d443794d977469a,2026-05-09T01:50:00+00:00,Anaheim Ducks,Vegas Golden Knights,moneyline,away,-111,-108,3,,,,2026-05-08T23:58:37.280018+00:00
fanduel,NHL,2fa2791476f479767d443794d977469a,2026-05-09T01:55:00+00:00,Anaheim Ducks,Vegas Golden Knights,moneyline,home,-105,830,935,,,,2026-05-09T02:39:35.910447+00:00
draftkings,NHL,2fa2791476f479767d443794d977469a,2026-05-09T01:55:00+00:00,Anaheim Ducks,Vegas Golden Knights,moneyline,home,-108,750,858,,,,2026-05-09T02:39:35.910447+00:00
betmgm,NHL,2fa2791476f479767d443794d977469a,2026-05-09T01:55:00+00:00,Anaheim Ducks,Vegas Golden Knights,moneyline,home,-110,675,785,,,,2026-05-09T02:39:35.910447+00:00
betonlineag,NHL,2fa2791476f479767d443794d977469a,2026-05-09T01:50:00+00:00,Anaheim Ducks,Vegas Golden Knights,moneyline,home,-103,-106,-3,,,,2026-05-08T23:58:37.280018+00:00
fanduel,NHL,2fa2791476f479767d443794d977469a,2026-05-09T01:55:00+00:00,Anaheim Ducks,Vegas Golden Knights,spread,away,198,130,-68,-1.5,-3.5,-2.0,2026-05-09T02:39:35.910447+00:00
draftkings,NHL,2fa2791476f479767d443794d977469a,2026-05-09T01:55:00+00:00,Anaheim Ducks,Vegas Golden Knights,spread,away,225,124,-101,-1.5,-3.5,-2.0,2026-05-09T02:39:35.910447+00:00
betmgm,NHL,2fa2791476f479767d443794d977469a,2026-05-09T01:55:00+00:00,Anaheim Ducks,Vegas Golden Knights,spread,away,-275,120,395,1.5,-3.5,-5.0,2026-05-09T02:39:35.910447+00:00
betonlineag,NHL,2fa2791476f479767d443794d977469a,2026-05-09T01:50:00+00:00,Anaheim Ducks,Vegas Golden Knights,spread,away,215,226,11,-1.5,-1.5,0.0,2026-05-08T23:58:37.280018+00:00
fanduel,NHL,2fa2791476f479767d443794d977469a,2026-05-09T01:55:00+00:00,Anaheim Ducks,Vegas Golden Knights,spread,home,-250,-170,80,1.5,3.5,2.0,2026-05-09T02:39:35.910447+00:00
draftkings,NHL,2fa2791476f479767d443794d977469a,2026-05-09T01:55:00+00:00,Anaheim Ducks,Vegas Golden Knights,spread,home,-278,-160,118,1.5,3.5,2.0,2026-05-09T02:39:35.910447+00:00
betmgm,NHL,2fa2791476f479767d443794d977469a,2026-05-09T01:55:00+00:00,Anaheim Ducks,Vegas Golden Knights,spread,home,220,-160,-380,-1.5,3.5,5.0,2026-05-09T02:39:35.910447+00:00
betonlineag,NHL,2fa2791476f479767d443794d977469a,2026-05-09T01:50:00+00:00,Anaheim Ducks,Vegas Golden Knights,spread,home,-260,-275,-15,1.5,1.5,0.0,2026-05-08T23:58:37.280018+00:00
fanduel,NHL,2fa2791476f479767d443794d977469a,2026-05-09T01:55:00+00:00,Anaheim Ducks,Vegas Golden Knights,total,over,110,130,20,6.5,7.5,1.0,2026-05-09T02:39:35.910447+00:00
draftkings,NHL,2fa2791476f479767d443794d977469a,2026-05-09T01:55:00+00:00,Anaheim Ducks,Vegas Golden Knights,total,over,-135,135,270,5.5,7.5,2.0,2026-05-09T02:39:35.910447+00:00
betmgm,NHL,2fa2791476f479767d443794d977469a,2026-05-09T01:55:00+00:00,Anaheim Ducks,Vegas Golden Knights,total,over,-110,125,235,6.0,7.5,1.5,2026-05-09T02:39:35.910447+00:00
betonlineag,NHL,2fa2791476f479767d443794d977469a,2026-05-09T01:50:00+00:00,Anaheim Ducks,Vegas Golden Knights,total,over,-108,-125,-17,6.0,6.0,0.0,2026-05-08T23:58:37.280018+00:00
fanduel,NHL,2fa2791476f479767d443794d977469a,2026-05-09T01:55:00+00:00,Anaheim Ducks,Vegas Golden Knights,total,under,-134,-170,-36,6.5,7.5,1.0,2026-05-09T02:39:35.910447+00:00
draftkings,NHL,2fa2791476f479767d443794d977469a,2026-05-09T01:55:00+00:00,Anaheim Ducks,Vegas Golden Knights,total,under,114,-175,-289,5.5,7.5,2.0,2026-05-09T02:39:35.910447+00:00
betmgm,NHL,2fa2791476f479767d443794d977469a,2026-05-09T01:55:00+00:00,Anaheim Ducks,Vegas Golden Knights,total,under,-110,-165,-55,6.0,7.5,1.5,2026-05-09T02:39:35.910447+00:00
betonlineag,NHL,2fa2791476f479767d443794d977469a,2026-05-09T01:50:00+00:00,Anaheim Ducks,Vegas Golden Knights,total,under,-108,109,217,6.0,6.0,0.0,2026-05-08T23:58:37.280018+00:00
fanduel,NHL,3caf2bb935e6671e34a4e56176d99797,2026-05-08T23:10:00+00:00,Buffalo Sabres,Montréal Canadiens,moneyline,away,112,-460,-572,,,,2026-05-08T23:58:37.280018+00:00
draftkings,NHL,3caf2bb935e6671e34a4e56176d99797,2026-05-08T23:10:00+00:00,Buffalo Sabres,Montréal Canadiens,moneyline,away,120,-520,-640,,,,2026-05-08T23:58:37.280018+00:00
betonlineag,NHL,3caf2bb935e6671e34a4e56176d99797,2026-05-08T23:10:00+00:00,Buffalo Sabres,Montréal Canadiens,moneyline,away,123,112,-11,,,,2026-05-08T22:30:43.088904+00:00
betmgm,NHL,3caf2bb935e6671e34a4e56176d99797,2026-05-08T23:10:00+00:00,Buffalo Sabres,Montréal Canadiens,moneyline,away,118,-450,-568,,,,2026-05-08T23:58:37.280018+00:00
fanduel,NHL,3caf2bb935e6671e34a4e56176d99797,2026-05-08T23:10:00+00:00,Buffalo Sabres,Montréal Canadiens,moneyline,home,-134,320,454,,,,2026-05-08T23:58:37.280018+00:00
draftkings,NHL,3caf2bb935e6671e34a4e56176d99797,2026-05-08T23:10:00+00:00,Buffalo Sabres,Montréal Canadiens,moneyline,home,-142,350,492,,,,2026-05-08T23:58:37.280018+00:00
betonlineag,NHL,3caf2bb935e6671e34a4e56176d99797,2026-05-08T23:10:00+00:00,Buffalo Sabres,Montréal Canadiens,moneyline,home,-140,-127,13,,,,2026-05-08T22:30:43.088904+00:00
betmgm,NHL,3caf2bb935e6671e34a4e56176d99797,2026-05-08T23:10:00+00:00,Buffalo Sabres,Montréal Canadiens,moneyline,home,-145,325,470,,,,2026-05-08T23:58:37.280018+00:00
fanduel,NHL,3caf2bb935e6671e34a4e56176d99797,2026-05-08T23:10:00+00:00,Buffalo Sabres,Montréal Canadiens,spread,away,-215,116,331,1.5,-2.5,-4.0,2026-05-08T23:58:37.280018+00:00
draftkings,NHL,3caf2bb935e6671e34a4e56176d99797,2026-05-08T23:10:00+00:00,Buffalo Sabres,Montréal Canadiens,spread,away,-218,105,323,1.5,-2.5,-4.0,2026-05-08T23:58:37.280018+00:00
betonlineag,NHL,3caf2bb935e6671e34a4e56176d99797,2026-05-08T23:10:00+00:00,Buffalo Sabres,Montréal Canadiens,spread,away,-215,-230,-15,1.5,1.5,0.0,2026-05-08T22:30:43.088904+00:00
betmgm,NHL,3caf2bb935e6671e34a4e56176d99797,2026-05-08T23:10:00+00:00,Buffalo Sabres,Montréal Canadiens,spread,away,-210,110,320,1.5,-2.5,-4.0,2026-05-08T23:58:37.280018+00:00
fanduel,NHL,3caf2bb935e6671e34a4e56176d99797,2026-05-08T23:10:00+00:00,Buffalo Sabres,Montréal Canadiens,spread,home,172,-152,-324,-1.5,2.5,4.0,2026-05-08T23:58:37.280018+00:00
draftkings,NHL,3caf2bb935e6671e34a4e56176d99797,2026-05-08T23:10:00+00:00,Buffalo Sabres,Montréal Canadiens,spread,home,180,-135,-315,-1.5,2.5,4.0,2026-05-08T23:58:37.280018+00:00
betonlineag,NHL,3caf2bb935e6671e34a4e56176d99797,2026-05-08T23:10:00+00:00,Buffalo Sabres,Montréal Canadiens,spread,home,183,192,9,-1.5,-1.5,0.0,2026-05-08T22:30:43.088904+00:00
betmgm,NHL,3caf2bb935e6671e34a4e56176d99797,2026-05-08T23:10:00+00:00,Buffalo Sabres,Montréal Canadiens,spread,home,170,-150,-320,-1.5,2.5,4.0,2026-05-08T23:58:37.280018+00:00
fanduel,NHL,3caf2bb935e6671e34a4e56176d99797,2026-05-08T23:10:00+00:00,Buffalo Sabres,Montréal Canadiens,total,over,-124,100,224,5.5,6.5,1.0,2026-05-08T23:58:37.280018+00:00
draftkings,NHL,3caf2bb935e6671e34a4e56176d99797,2026-05-08T23:10:00+00:00,Buffalo Sabres,Montréal Canadiens,total,over,-122,105,227,5.5,6.5,1.0,2026-05-08T23:58:37.280018+00:00
betonlineag,NHL,3caf2bb935e6671e34a4e56176d99797,2026-05-08T23:10:00+00:00,Buffalo Sabres,Montréal Canadiens,total,over,104,-101,-205,6.0,6.0,0.0,2026-05-08T22:30:43.088904+00:00
betmgm,NHL,3caf2bb935e6671e34a4e56176d99797,2026-05-08T23:10:00+00:00,Buffalo Sabres,Montréal Canadiens,total,over,-120,-102,18,5.5,6.5,1.0,2026-05-08T23:58:37.280018+00:00
fanduel,NHL,3caf2bb935e6671e34a4e56176d99797,2026-05-08T23:10:00+00:00,Buffalo Sabres,Montréal Canadiens,total,under,102,-130,-232,5.5,6.5,1.0,2026-05-08T23:58:37.280018+00:00
draftkings,NHL,3caf2bb935e6671e34a4e56176d99797,2026-05-08T23:10:00+00:00,Buffalo Sabres,Montréal Canadiens,total,under,102,-135,-237,5.5,6.5,1.0,2026-05-08T23:58:37.280018+00:00
betonlineag,NHL,3caf2bb935e6671e34a4e56176d99797,2026-05-08T23:10:00+00:00,Buffalo Sabres,Montréal Canadiens,total,under,-120,-115,5,6.0,6.0,0.0,2026-05-08T22:30:43.088904+00:00
betmgm,NHL,3caf2bb935e6671e34a4e56176d99797,2026-05-08T23:10:00+00:00,Buffalo Sabres,Montréal Canadiens,total,under,100,-130,-230,5.5,6.5,1.0,2026-05-08T23:58:37.280018+00:00
draftkings,NHL,644f37a134497f23c6d3821ad599b48b,2026-05-04T23:11:03+00:00,Carolina Hurricanes,Philadelphia Flyers,moneyline,away,200,135,-65,,,,2026-05-05T02:33:59.199478+00:00
betmgm,NHL,644f37a134497f23c6d3821ad599b48b,2026-05-04T23:11:03+00:00,Carolina Hurricanes,Philadelphia Flyers,moneyline,away,200,145,-55,,,,2026-05-05T02:33:59.199478+00:00
betonlineag,NHL,644f37a134497f23c6d3821ad599b48b,2026-05-04T23:10:00+00:00,Carolina Hurricanes,Philadelphia Flyers,moneyline,away,208,220,12,,,,2026-05-04T22:59:18.102104+00:00
fanduel,NHL,644f37a134497f23c6d3821ad599b48b,2026-05-04T23:11:03+00:00,Carolina Hurricanes,Philadelphia Flyers,moneyline,away,198,140,-58,,,,2026-05-05T02:33:59.199478+00:00
draftkings,NHL,644f37a134497f23c6d3821ad599b48b,2026-05-04T23:11:03+00:00,Carolina Hurricanes,Philadelphia Flyers,moneyline,home,-245,-175,70,,,,2026-05-05T02:33:59.199478+00:00
betmgm,NHL,644f37a134497f23c6d3821ad599b48b,2026-05-04T23:11:03+00:00,Carolina Hurricanes,Philadelphia Flyers,moneyline,home,-250,-185,65,,,,2026-05-05T02:33:59.199478+00:00
betonlineag,NHL,644f37a134497f23c6d3821ad599b48b,2026-05-04T23:10:00+00:00,Carolina Hurricanes,Philadelphia Flyers,moneyline,home,-240,-255,-15,,,,2026-05-04T22:59:18.102104+00:00
fanduel,NHL,644f37a134497f23c6d3821ad599b48b,2026-05-04T23:11:03+00:00,Carolina Hurricanes,Philadelphia Flyers,moneyline,home,-245,-180,65,,,,2026-05-05T02:33:59.199478+00:00
draftkings,NHL,644f37a134497f23c6d3821ad599b48b,2026-05-04T23:11:03+00:00,Carolina Hurricanes,Philadelphia Flyers,spread,away,-125,-315,-190,1.5,1.5,0.0,2026-05-05T00:02:46.023361+00:00
betmgm,NHL,644f37a134497f23c6d3821ad599b48b,2026-05-04T23:11:03+00:00,Carolina Hurricanes,Philadelphia Flyers,spread,away,-125,-325,-200,1.5,1.5,0.0,2026-05-05T00:02:46.023361+00:00
betonlineag,NHL,644f37a134497f23c6d3821ad599b48b,2026-05-04T23:10:00+00:00,Carolina Hurricanes,Philadelphia Flyers,spread,away,-125,-127,-2,1.5,1.5,0.0,2026-05-04T22:59:18.102104+00:00
fanduel,NHL,644f37a134497f23c6d3821ad599b48b,2026-05-04T23:11:03+00:00,Carolina Hurricanes,Philadelphia Flyers,spread,away,-124,-335,-211,1.5,1.5,0.0,2026-05-05T00:02:46.023361+00:00
draftkings,NHL,644f37a134497f23c6d3821ad599b48b,2026-05-04T23:11:03+00:00,Carolina Hurricanes,Philadelphia Flyers,spread,home,105,230,125,-1.5,-1.5,0.0,2026-05-05T00:02:46.023361+00:00
betmgm,NHL,644f37a134497f23c6d3821ad599b48b,2026-05-04T23:11:03+00:00,Carolina Hurricanes,Philadelphia Flyers,spread,home,105,230,125,-1.5,-1.5,0.0,2026-05-05T00:02:46.023361+00:00
betonlineag,NHL,644f37a134497f23c6d3821ad599b48b,2026-05-04T23:10:00+00:00,Carolina Hurricanes,Philadelphia Flyers,spread,home,105,107,2,-1.5,-1.5,0.0,2026-05-04T22:59:18.102104+00:00
fanduel,NHL,644f37a134497f23c6d3821ad599b48b,2026-05-04T23:11:03+00:00,Carolina Hurricanes,Philadelphia Flyers,spread,home,102,240,138,-1.5,-1.5,0.0,2026-05-05T00:02:46.023361+00:00
draftkings,NHL,644f37a134497f23c6d3821ad599b48b,2026-05-04T23:11:03+00:00,Carolina Hurricanes,Philadelphia Flyers,total,over,100,160,60,5.5,7.5,2.0,2026-05-05T00:02:46.023361+00:00
betmgm,NHL,644f37a134497f23c6d3821ad599b48b,2026-05-04T23:11:03+00:00,Carolina Hurricanes,Philadelphia Flyers,total,over,100,154,54,5.5,7.5,2.0,2026-05-05T00:02:46.023361+00:00
betonlineag,NHL,644f37a134497f23c6d3821ad599b48b,2026-05-04T23:10:00+00:00,Carolina Hurricanes,Philadelphia Flyers,total,over,104,117,13,5.5,5.5,0.0,2026-05-04T22:59:18.102104+00:00
fanduel,NHL,644f37a134497f23c6d3821ad599b48b,2026-05-04T23:11:03+00:00,Carolina Hurricanes,Philadelphia Flyers,total,over,100,162,62,5.5,7.5,2.0,2026-05-05T00:02:46.023361+00:00
draftkings,NHL,644f37a134497f23c6d3821ad599b48b,2026-05-04T23:11:03+00:00,Carolina Hurricanes,Philadelphia Flyers,total,under,-120,-210,-90,5.5,7.5,2.0,2026-05-05T00:02:46.023361+00:00
betmgm,NHL,644f37a134497f23c6d3821ad599b48b,2026-05-04T23:11:03+00:00,Carolina Hurricanes,Philadelphia Flyers,total,under,-120,-210,-90,5.5,7.5,2.0,2026-05-05T00:02:46.023361+00:00
betonlineag,NHL,644f37a134497f23c6d3821ad599b48b,2026-05-04T23:10:00+00:00,Carolina Hurricanes,Philadelphia Flyers,total,under,-120,-135,-15,5.5,5.5,0.0,2026-05-04T22:59:18.102104+00:00
fanduel,NHL,644f37a134497f23c6d3821ad599b48b,2026-05-04T23:11:03+00:00,Carolina Hurricanes,Philadelphia Flyers,total,under,-122,-215,-93,5.5,7.5,2.0,2026-05-05T00:02:46.023361+00:00
fanduel,NHL,6a8df0a421267729c2f1fdb7cefa1163,2026-05-08T00:10:00+00:00,Philadelphia Flyers,Carolina Hurricanes,moneyline,away,-152,-164,-12,,,,2026-05-08T01:17:47.478960+00:00
draftkings,NHL,6a8df0a421267729c2f1fdb7cefa1163,2026-05-08T00:10:00+00:00,Philadelphia Flyers,Carolina Hurricanes,moneyline,away,-166,-154,12,,,,2026-05-08T01:17:47.478960+00:00
betmgm,NHL,6a8df0a421267729c2f1fdb7cefa1163,2026-05-08T00:10:00+00:00,Philadelphia Flyers,Carolina Hurricanes,moneyline,away,-170,-10000,-9830,,,,2026-05-08T02:45:13.607739+00:00
betonlineag,NHL,6a8df0a421267729c2f1fdb7cefa1163,2026-05-08T00:10:00+00:00,Philadelphia Flyers,Carolina Hurricanes,moneyline,away,-165,-160,5,,,,2026-05-07T23:03:04.958535+00:00
fanduel,NHL,6a8df0a421267729c2f1fdb7cefa1163,2026-05-08T00:10:00+00:00,Philadelphia Flyers,Carolina Hurricanes,moneyline,home,126,128,2,,,,2026-05-08T01:17:47.478960+00:00
draftkings,NHL,6a8df0a421267729c2f1fdb7cefa1163,2026-05-08T00:10:00+00:00,Philadelphia Flyers,Carolina Hurricanes,moneyline,home,140,120,-20,,,,2026-05-08T01:17:47.478960+00:00
betmgm,NHL,6a8df0a421267729c2f1fdb7cefa1163,2026-05-08T00:10:00+00:00,Philadelphia Flyers,Carolina Hurricanes,moneyline,home,140,3300,3160,,,,2026-05-08T02:45:13.607739+00:00
betonlineag,NHL,6a8df0a421267729c2f1fdb7cefa1163,2026-05-08T00:10:00+00:00,Philadelphia Flyers,Carolina Hurricanes,moneyline,home,145,141,-4,,,,2026-05-07T23:03:04.958535+00:00
fanduel,NHL,6a8df0a421267729c2f1fdb7cefa1163,2026-05-08T00:10:00+00:00,Philadelphia Flyers,Carolina Hurricanes,spread,away,164,450,286,-1.5,-3.5,-2.0,2026-05-08T02:45:13.607739+00:00
draftkings,NHL,6a8df0a421267729c2f1fdb7cefa1163,2026-05-08T00:10:00+00:00,Philadelphia Flyers,Carolina Hurricanes,spread,away,160,124,-36,-1.5,-3.5,-2.0,2026-05-08T02:45:13.607739+00:00
betmgm,NHL,6a8df0a421267729c2f1fdb7cefa1163,2026-05-08T00:10:00+00:00,Philadelphia Flyers,Carolina Hurricanes,spread,away,150,210,60,-1.5,-3.5,-2.0,2026-05-08T02:45:13.607739+00:00
betonlineag,NHL,6a8df0a421267729c2f1fdb7cefa1163,2026-05-08T00:10:00+00:00,Philadelphia Flyers,Carolina Hurricanes,spread,away,157,165,8,-1.5,-1.5,0.0,2026-05-07T23:03:04.958535+00:00
fanduel,NHL,6a8df0a421267729c2f1fdb7cefa1163,2026-05-08T00:10:00+00:00,Philadelphia Flyers,Carolina Hurricanes,spread,home,-205,-750,-545,1.5,3.5,2.0,2026-05-08T02:45:13.607739+00:00
draftkings,NHL,6a8df0a421267729c2f1fdb7cefa1163,2026-05-08T00:10:00+00:00,Philadelphia Flyers,Carolina Hurricanes,spread,home,-192,-160,32,1.5,3.5,2.0,2026-05-08T02:45:13.607739+00:00
betmgm,NHL,6a8df0a421267729c2f1fdb7cefa1163,2026-05-08T00:10:00+00:00,Philadelphia Flyers,Carolina Hurricanes,spread,home,-185,-295,-110,1.5,3.5,2.0,2026-05-08T02:45:13.607739+00:00
betonlineag,NHL,6a8df0a421267729c2f1fdb7cefa1163,2026-05-08T00:10:00+00:00,Philadelphia Flyers,Carolina Hurricanes,spread,home,-180,-190,-10,1.5,1.5,0.0,2026-05-07T23:03:04.958535+00:00
fanduel,NHL,6a8df0a421267729c2f1fdb7cefa1163,2026-05-08T00:10:00+00:00,Philadelphia Flyers,Carolina Hurricanes,total,over,108,280,172,5.5,5.5,0.0,2026-05-08T02:45:13.607739+00:00
draftkings,NHL,6a8df0a421267729c2f1fdb7cefa1163,2026-05-08T00:10:00+00:00,Philadelphia Flyers,Carolina Hurricanes,total,over,114,124,10,5.5,5.5,0.0,2026-05-08T01:17:47.478960+00:00
betmgm,NHL,6a8df0a421267729c2f1fdb7cefa1163,2026-05-08T00:10:00+00:00,Philadelphia Flyers,Carolina Hurricanes,total,over,115,120,5,5.5,5.5,0.0,2026-05-08T02:45:13.607739+00:00
betonlineag,NHL,6a8df0a421267729c2f1fdb7cefa1163,2026-05-08T00:10:00+00:00,Philadelphia Flyers,Carolina Hurricanes,total,over,121,104,-17,5.5,5.5,0.0,2026-05-07T23:03:04.958535+00:00
fanduel,NHL,6a8df0a421267729c2f1fdb7cefa1163,2026-05-08T00:10:00+00:00,Philadelphia Flyers,Carolina Hurricanes,total,under,-130,-405,-275,5.5,5.5,0.0,2026-05-08T02:45:13.607739+00:00
draftkings,NHL,6a8df0a421267729c2f1fdb7cefa1163,2026-05-08T00:10:00+00:00,Philadelphia Flyers,Carolina Hurricanes,total,under,-135,-160,-25,5.5,5.5,0.0,2026-05-08T01:17:47.478960+00:00
betmgm,NHL,6a8df0a421267729c2f1fdb7cefa1163,2026-05-08T00:10:00+00:00,Philadelphia Flyers,Carolina Hurricanes,total,under,-140,-160,-20,5.5,5.5,0.0,2026-05-08T02:45:13.607739+00:00
betonlineag,NHL,6a8df0a421267729c2f1fdb7cefa1163,2026-05-08T00:10:00+00:00,Philadelphia Flyers,Carolina Hurricanes,total,under,-140,-120,20,5.5,5.5,0.0,2026-05-07T23:03:04.958535+00:00
draftkings,NHL,6ff22480704fc10dca4fb5f56513a4f4,2026-05-03T22:11:31+00:00,Tampa Bay Lightning,Montréal Canadiens,moneyline,away,136,124,-12,,,,2026-05-04T00:11:40.863080+00:00
betmgm,NHL,6ff22480704fc10dca4fb5f56513a4f4,2026-05-03T22:11:31+00:00,Tampa Bay Lightning,Montréal Canadiens,moneyline,away,135,130,-5,,,,2026-05-04T00:11:40.863080+00:00
fanduel,NHL,6ff22480704fc10dca4fb5f56513a4f4,2026-05-03T22:11:31+00:00,Tampa Bay Lightning,Montréal Canadiens,moneyline,away,130,132,2,,,,2026-05-04T00:11:40.863080+00:00
betonlineag,NHL,6ff22480704fc10dca4fb5f56513a4f4,2026-05-03T22:10:00+00:00,Tampa Bay Lightning,Montréal Canadiens,moneyline,away,134,136,2,,,,2026-05-03T22:07:23.694839+00:00
draftkings,NHL,6ff22480704fc10dca4fb5f56513a4f4,2026-05-03T22:11:31+00:00,Tampa Bay Lightning,Montréal Canadiens,moneyline,home,-162,-160,2,,,,2026-05-04T00:11:40.863080+00:00
betmgm,NHL,6ff22480704fc10dca4fb5f56513a4f4,2026-05-03T22:11:31+00:00,Tampa Bay Lightning,Montréal Canadiens,moneyline,home,-160,-160,0,,,,2026-05-04T00:11:40.863080+00:00
fanduel,NHL,6ff22480704fc10dca4fb5f56513a4f4,2026-05-03T22:11:31+00:00,Tampa Bay Lightning,Montréal Canadiens,moneyline,home,-156,-170,-14,,,,2026-05-04T00:11:40.863080+00:00
betonlineag,NHL,6ff22480704fc10dca4fb5f56513a4f4,2026-05-03T22:10:00+00:00,Tampa Bay Lightning,Montréal Canadiens,moneyline,home,-152,-155,-3,,,,2026-05-03T22:07:23.694839+00:00
draftkings,NHL,6ff22480704fc10dca4fb5f56513a4f4,2026-05-03T22:11:31+00:00,Tampa Bay Lightning,Montréal Canadiens,spread,away,-205,-520,-315,1.5,1.5,0.0,2026-05-04T00:11:40.863080+00:00
betmgm,NHL,6ff22480704fc10dca4fb5f56513a4f4,2026-05-03T22:11:31+00:00,Tampa Bay Lightning,Montréal Canadiens,spread,away,-200,-625,-425,1.5,1.5,0.0,2026-05-04T00:11:40.863080+00:00
fanduel,NHL,6ff22480704fc10dca4fb5f56513a4f4,2026-05-03T22:11:31+00:00,Tampa Bay Lightning,Montréal Canadiens,spread,away,-194,-490,-296,1.5,1.5,0.0,2026-05-04T00:11:40.863080+00:00
betonlineag,NHL,6ff22480704fc10dca4fb5f56513a4f4,2026-05-03T22:10:00+00:00,Tampa Bay Lightning,Montréal Canadiens,spread,away,-195,-196,-1,1.5,1.5,0.0,2026-05-03T22:07:23.694839+00:00
draftkings,NHL,6ff22480704fc10dca4fb5f56513a4f4,2026-05-03T22:11:31+00:00,Tampa Bay Lightning,Montréal Canadiens,spread,home,170,350,180,-1.5,-1.5,0.0,2026-05-04T00:11:40.863080+00:00
betmgm,NHL,6ff22480704fc10dca4fb5f56513a4f4,2026-05-03T22:11:31+00:00,Tampa Bay Lightning,Montréal Canadiens,spread,home,165,375,210,-1.5,-1.5,0.0,2026-05-04T00:11:40.863080+00:00
fanduel,NHL,6ff22480704fc10dca4fb5f56513a4f4,2026-05-03T22:11:31+00:00,Tampa Bay Lightning,Montréal Canadiens,spread,home,156,325,169,-1.5,-1.5,0.0,2026-05-04T00:11:40.863080+00:00
betonlineag,NHL,6ff22480704fc10dca4fb5f56513a4f4,2026-05-03T22:10:00+00:00,Tampa Bay Lightning,Montréal Canadiens,spread,home,170,171,1,-1.5,-1.5,0.0,2026-05-03T22:07:23.694839+00:00
draftkings,NHL,6ff22480704fc10dca4fb5f56513a4f4,2026-05-03T22:11:31+00:00,Tampa Bay Lightning,Montréal Canadiens,total,over,124,-110,-234,5.5,3.5,-2.0,2026-05-04T00:11:40.863080+00:00
betmgm,NHL,6ff22480704fc10dca4fb5f56513a4f4,2026-05-03T22:11:31+00:00,Tampa Bay Lightning,Montréal Canadiens,total,over,-135,100,235,5.0,3.5,-1.5,2026-05-04T00:11:40.863080+00:00
fanduel,NHL,6ff22480704fc10dca4fb5f56513a4f4,2026-05-03T22:11:31+00:00,Tampa Bay Lightning,Montréal Canadiens,total,over,120,-120,-240,5.5,3.5,-2.0,2026-05-04T00:11:40.863080+00:00
betonlineag,NHL,6ff22480704fc10dca4fb5f56513a4f4,2026-05-03T22:10:00+00:00,Tampa Bay Lightning,Montréal Canadiens,total,over,128,-126,-254,5.5,5.0,-0.5,2026-05-03T22:07:23.694839+00:00
draftkings,NHL,6ff22480704fc10dca4fb5f56513a4f4,2026-05-03T22:11:31+00:00,Tampa Bay Lightning,Montréal Canadiens,total,under,-148,-120,28,5.5,3.5,-2.0,2026-05-04T00:11:40.863080+00:00
betmgm,NHL,6ff22480704fc10dca4fb5f56513a4f4,2026-05-03T22:11:31+00:00,Tampa Bay Lightning,Montréal Canadiens,total,under,110,-135,-245,5.0,3.5,-1.5,2026-05-04T00:11:40.863080+00:00
fanduel,NHL,6ff22480704fc10dca4fb5f56513a4f4,2026-05-03T22:11:31+00:00,Tampa Bay Lightning,Montréal Canadiens,total,under,-148,-108,40,5.5,3.5,-2.0,2026-05-04T00:11:40.863080+00:00
betonlineag,NHL,6ff22480704fc10dca4fb5f56513a4f4,2026-05-03T22:10:00+00:00,Tampa Bay Lightning,Montréal Canadiens,total,under,-148,110,258,5.5,5.0,-0.5,2026-05-03T22:07:23.694839+00:00
fanduel,NHL,7e034282e0ef033daa6d2f5e974f2933,2026-05-10T23:00:00+00:00,Montréal Canadiens,Buffalo Sabres,moneyline,away,108,105,-3,,,,2026-05-09T19:10:15.700893+00:00
betonlineag,NHL,7e034282e0ef033daa6d2f5e974f2933,2026-05-10T23:00:00+00:00,Montréal Canadiens,Buffalo Sabres,moneyline,away,106,106,0,,,,2026-05-09T19:10:15.700893+00:00
betmgm,NHL,7e034282e0ef033daa6d2f5e974f2933,2026-05-10T23:00:00+00:00,Montréal Canadiens,Buffalo Sabres,moneyline,away,105,105,0,,,,2026-05-09T19:10:15.700893+00:00
draftkings,NHL,7e034282e0ef033daa6d2f5e974f2933,2026-05-10T23:00:00+00:00,Montréal Canadiens,Buffalo Sabres,moneyline,away,105,102,-3,,,,2026-05-09T19:10:15.700893+00:00
fanduel,NHL,7e034282e0ef033daa6d2f5e974f2933,2026-05-10T23:00:00+00:00,Montréal Canadiens,Buffalo Sabres,moneyline,home,-130,-126,4,,,,2026-05-09T19:10:15.700893+00:00
betonlineag,NHL,7e034282e0ef033daa6d2f5e974f2933,2026-05-10T23:00:00+00:00,Montréal Canadiens,Buffalo Sabres,moneyline,home,-120,-120,0,,,,2026-05-09T19:10:15.700893+00:00
betmgm,NHL,7e034282e0ef033daa6d2f5e974f2933,2026-05-10T23:00:00+00:00,Montréal Canadiens,Buffalo Sabres,moneyline,home,-125,-125,0,,,,2026-05-09T19:10:15.700893+00:00
draftkings,NHL,7e034282e0ef033daa6d2f5e974f2933,2026-05-10T23:00:00+00:00,Montréal Canadiens,Buffalo Sabres,moneyline,home,-125,-122,3,,,,2026-05-09T19:10:15.700893+00:00
fanduel,NHL,7e034282e0ef033daa6d2f5e974f2933,2026-05-10T23:00:00+00:00,Montréal Canadiens,Buffalo Sabres,spread,away,-220,-220,0,1.5,1.5,0.0,2026-05-09T19:10:15.700893+00:00
betonlineag,NHL,7e034282e0ef033daa6d2f5e974f2933,2026-05-10T23:00:00+00:00,Montréal Canadiens,Buffalo Sabres,spread,away,-245,-245,0,1.5,1.5,0.0,2026-05-09T19:10:15.700893+00:00
betmgm,NHL,7e034282e0ef033daa6d2f5e974f2933,2026-05-10T23:00:00+00:00,Montréal Canadiens,Buffalo Sabres,spread,away,-235,-235,0,1.5,1.5,0.0,2026-05-09T19:10:15.700893+00:00
draftkings,NHL,7e034282e0ef033daa6d2f5e974f2933,2026-05-10T23:00:00+00:00,Montréal Canadiens,Buffalo Sabres,spread,away,-245,-245,0,1.5,1.5,0.0,2026-05-09T19:10:15.700893+00:00
fanduel,NHL,7e034282e0ef033daa6d2f5e974f2933,2026-05-10T23:00:00+00:00,Montréal Canadiens,Buffalo Sabres,spread,home,176,176,0,-1.5,-1.5,0.0,2026-05-09T19:10:15.700893+00:00
betonlineag,NHL,7e034282e0ef033daa6d2f5e974f2933,2026-05-10T23:00:00+00:00,Montréal Canadiens,Buffalo Sabres,spread,home,203,203,0,-1.5,-1.5,0.0,2026-05-09T19:10:15.700893+00:00
betmgm,NHL,7e034282e0ef033daa6d2f5e974f2933,2026-05-10T23:00:00+00:00,Montréal Canadiens,Buffalo Sabres,spread,home,190,190,0,-1.5,-1.5,0.0,2026-05-09T19:10:15.700893+00:00
draftkings,NHL,7e034282e0ef033daa6d2f5e974f2933,2026-05-10T23:00:00+00:00,Montréal Canadiens,Buffalo Sabres,spread,home,200,200,0,-1.5,-1.5,0.0,2026-05-09T19:10:15.700893+00:00
fanduel,NHL,7e034282e0ef033daa6d2f5e974f2933,2026-05-10T23:00:00+00:00,Montréal Canadiens,Buffalo Sabres,total,over,-138,-132,6,5.5,5.5,0.0,2026-05-09T19:10:15.700893+00:00
betonlineag,NHL,7e034282e0ef033daa6d2f5e974f2933,2026-05-10T23:00:00+00:00,Montréal Canadiens,Buffalo Sabres,total,over,-108,101,209,6.0,6.0,0.0,2026-05-09T19:10:15.700893+00:00
betmgm,NHL,7e034282e0ef033daa6d2f5e974f2933,2026-05-10T23:00:00+00:00,Montréal Canadiens,Buffalo Sabres,total,over,-110,-105,5,6.0,6.0,0.0,2026-05-09T19:10:15.700893+00:00
draftkings,NHL,7e034282e0ef033daa6d2f5e974f2933,2026-05-10T23:00:00+00:00,Montréal Canadiens,Buffalo Sabres,total,over,-135,-130,5,5.5,5.5,0.0,2026-05-09T19:10:15.700893+00:00
fanduel,NHL,7e034282e0ef033daa6d2f5e974f2933,2026-05-10T23:00:00+00:00,Montréal Canadiens,Buffalo Sabres,total,under,112,108,-4,5.5,5.5,0.0,2026-05-09T19:10:15.700893+00:00
betonlineag,NHL,7e034282e0ef033daa6d2f5e974f2933,2026-05-10T23:00:00+00:00,Montréal Canadiens,Buffalo Sabres,total,under,-108,-117,-9,6.0,6.0,0.0,2026-05-09T19:10:15.700893+00:00
betmgm,NHL,7e034282e0ef033daa6d2f5e974f2933,2026-05-10T23:00:00+00:00,Montréal Canadiens,Buffalo Sabres,total,under,-110,-115,-5,6.0,6.0,0.0,2026-05-09T19:10:15.700893+00:00
draftkings,NHL,7e034282e0ef033daa6d2f5e974f2933,2026-05-10T23:00:00+00:00,Montréal Canadiens,Buffalo Sabres,total,under,114,110,-4,5.5,5.5,0.0,2026-05-09T19:10:15.700893+00:00
fanduel,NHL,8458afd03d1b3e8305f8e6362cd8e3b7,2026-05-06T23:10:36+00:00,Buffalo Sabres,Montréal Canadiens,moneyline,away,106,240,134,,,,2026-05-06T23:55:20.854648+00:00
betonlineag,NHL,8458afd03d1b3e8305f8e6362cd8e3b7,2026-05-06T23:10:36+00:00,Buffalo Sabres,Montréal Canadiens,moneyline,away,121,124,3,,,,2026-05-06T22:55:47.117703+00:00
betmgm,NHL,8458afd03d1b3e8305f8e6362cd8e3b7,2026-05-06T23:10:36+00:00,Buffalo Sabres,Montréal Canadiens,moneyline,away,105,195,90,,,,2026-05-06T23:55:20.854648+00:00
draftkings,NHL,8458afd03d1b3e8305f8e6362cd8e3b7,2026-05-06T23:10:36+00:00,Buffalo Sabres,Montréal Canadiens,moneyline,away,105,200,95,,,,2026-05-06T23:55:20.854648+00:00
fanduel,NHL,8458afd03d1b3e8305f8e6362cd8e3b7,2026-05-06T23:10:36+00:00,Buffalo Sabres,Montréal Canadiens,moneyline,home,-128,-330,-202,,,,2026-05-06T23:55:20.854648+00:00
betonlineag,NHL,8458afd03d1b3e8305f8e6362cd8e3b7,2026-05-06T23:10:36+00:00,Buffalo Sabres,Montréal Canadiens,moneyline,home,-137,-141,-4,,,,2026-05-06T22:55:47.117703+00:00
betmgm,NHL,8458afd03d1b3e8305f8e6362cd8e3b7,2026-05-06T23:10:36+00:00,Buffalo Sabres,Montréal Canadiens,moneyline,home,-125,-250,-125,,,,2026-05-06T23:55:20.854648+00:00
draftkings,NHL,8458afd03d1b3e8305f8e6362cd8e3b7,2026-05-06T23:10:36+00:00,Buffalo Sabres,Montréal Canadiens,moneyline,home,-125,-270,-145,,,,2026-05-06T23:55:20.854648+00:00
fanduel,NHL,8458afd03d1b3e8305f8e6362cd8e3b7,2026-05-06T23:10:36+00:00,Buffalo Sabres,Montréal Canadiens,spread,away,-220,-113,107,1.5,1.5,0.0,2026-05-06T23:55:20.854648+00:00
betonlineag,NHL,8458afd03d1b3e8305f8e6362cd8e3b7,2026-05-06T23:10:36+00:00,Buffalo Sabres,Montréal Canadiens,spread,away,-225,-220,5,1.5,1.5,0.0,2026-05-06T22:55:47.117703+00:00
betmgm,NHL,8458afd03d1b3e8305f8e6362cd8e3b7,2026-05-06T23:10:36+00:00,Buffalo Sabres,Montréal Canadiens,spread,away,-235,-150,85,1.5,1.5,0.0,2026-05-06T23:55:20.854648+00:00
draftkings,NHL,8458afd03d1b3e8305f8e6362cd8e3b7,2026-05-06T23:10:36+00:00,Buffalo Sabres,Montréal Canadiens,spread,away,-218,-120,98,1.5,1.5,0.0,2026-05-06T23:55:20.854648+00:00
fanduel,NHL,8458afd03d1b3e8305f8e6362cd8e3b7,2026-05-06T23:10:36+00:00,Buffalo Sabres,Montréal Canadiens,spread,home,176,-115,-291,-1.5,-1.5,0.0,2026-05-06T23:55:20.854648+00:00
betonlineag,NHL,8458afd03d1b3e8305f8e6362cd8e3b7,2026-05-06T23:10:36+00:00,Buffalo Sabres,Montréal Canadiens,spread,home,189,186,-3,-1.5,-1.5,0.0,2026-05-06T22:55:47.117703+00:00
betmgm,NHL,8458afd03d1b3e8305f8e6362cd8e3b7,2026-05-06T23:10:36+00:00,Buffalo Sabres,Montréal Canadiens,spread,home,195,110,-85,-1.5,-1.5,0.0,2026-05-06T23:55:20.854648+00:00
draftkings,NHL,8458afd03d1b3e8305f8e6362cd8e3b7,2026-05-06T23:10:36+00:00,Buffalo Sabres,Montréal Canadiens,spread,home,180,-110,-290,-1.5,-1.5,0.0,2026-05-06T23:55:20.854648+00:00
fanduel,NHL,8458afd03d1b3e8305f8e6362cd8e3b7,2026-05-06T23:10:36+00:00,Buffalo Sabres,Montréal Canadiens,total,over,-128,138,266,5.5,7.5,2.0,2026-05-06T23:55:20.854648+00:00
betonlineag,NHL,8458afd03d1b3e8305f8e6362cd8e3b7,2026-05-06T23:10:36+00:00,Buffalo Sabres,Montréal Canadiens,total,over,-120,-130,-10,5.5,5.5,0.0,2026-05-06T22:55:47.117703+00:00
betmgm,NHL,8458afd03d1b3e8305f8e6362cd8e3b7,2026-05-06T23:10:36+00:00,Buffalo Sabres,Montréal Canadiens,total,over,-120,115,235,5.5,7.5,2.0,2026-05-06T23:55:20.854648+00:00
draftkings,NHL,8458afd03d1b3e8305f8e6362cd8e3b7,2026-05-06T23:10:36+00:00,Buffalo Sabres,Montréal Canadiens,total,over,-135,140,275,5.5,7.5,2.0,2026-05-06T23:55:20.854648+00:00
fanduel,NHL,8458afd03d1b3e8305f8e6362cd8e3b7,2026-05-06T23:10:36+00:00,Buffalo Sabres,Montréal Canadiens,total,under,104,-182,-286,5.5,7.5,2.0,2026-05-06T23:55:20.854648+00:00
betonlineag,NHL,8458afd03d1b3e8305f8e6362cd8e3b7,2026-05-06T23:10:36+00:00,Buffalo Sabres,Montréal Canadiens,total,under,104,113,9,5.5,5.5,0.0,2026-05-06T22:55:47.117703+00:00
betmgm,NHL,8458afd03d1b3e8305f8e6362cd8e3b7,2026-05-06T23:10:36+00:00,Buffalo Sabres,Montréal Canadiens,total,under,100,-155,-255,5.5,7.5,2.0,2026-05-06T23:55:20.854648+00:00
draftkings,NHL,8458afd03d1b3e8305f8e6362cd8e3b7,2026-05-06T23:10:36+00:00,Buffalo Sabres,Montréal Canadiens,total,under,114,-180,-294,5.5,7.5,2.0,2026-05-06T23:55:20.854648+00:00
draftkings,NHL,928fcf1398f0f1814ca5aeebaae169b7,2026-05-11T01:40:00+00:00,Anaheim Ducks,Vegas Golden Knights,moneyline,away,-122,-122,0,,,,2026-05-09T19:10:15.700893+00:00
betmgm,NHL,928fcf1398f0f1814ca5aeebaae169b7,2026-05-11T01:40:00+00:00,Anaheim Ducks,Vegas Golden Knights,moneyline,away,-118,-118,0,,,,2026-05-09T19:10:15.700893+00:00
fanduel,NHL,928fcf1398f0f1814ca5aeebaae169b7,2026-05-11T01:40:00+00:00,Anaheim Ducks,Vegas Golden Knights,moneyline,away,-113,-114,-1,,,,2026-05-09T19:10:15.700893+00:00
betonlineag,NHL,928fcf1398f0f1814ca5aeebaae169b7,2026-05-11T01:40:00+00:00,Anaheim Ducks,Vegas Golden Knights,moneyline,away,-115,-115,0,,,,2026-05-09T19:10:15.700893+00:00
draftkings,NHL,928fcf1398f0f1814ca5aeebaae169b7,2026-05-11T01:40:00+00:00,Anaheim Ducks,Vegas Golden Knights,moneyline,home,102,102,0,,,,2026-05-09T19:10:15.700893+00:00
betmgm,NHL,928fcf1398f0f1814ca5aeebaae169b7,2026-05-11T01:40:00+00:00,Anaheim Ducks,Vegas Golden Knights,moneyline,home,-102,-102,0,,,,2026-05-09T19:10:15.700893+00:00
fanduel,NHL,928fcf1398f0f1814ca5aeebaae169b7,2026-05-11T01:40:00+00:00,Anaheim Ducks,Vegas Golden Knights,moneyline,home,-106,-105,1,,,,2026-05-09T19:10:15.700893+00:00
betonlineag,NHL,928fcf1398f0f1814ca5aeebaae169b7,2026-05-11T01:40:00+00:00,Anaheim Ducks,Vegas Golden Knights,moneyline,home,101,101,0,,,,2026-05-09T19:10:15.700893+00:00
draftkings,NHL,928fcf1398f0f1814ca5aeebaae169b7,2026-05-11T01:40:00+00:00,Anaheim Ducks,Vegas Golden Knights,spread,away,205,205,0,-1.5,-1.5,0.0,2026-05-09T19:10:15.700893+00:00
betmgm,NHL,928fcf1398f0f1814ca5aeebaae169b7,2026-05-11T01:40:00+00:00,Anaheim Ducks,Vegas Golden Knights,spread,away,195,195,0,-1.5,-1.5,0.0,2026-05-09T19:10:15.700893+00:00
fanduel,NHL,928fcf1398f0f1814ca5aeebaae169b7,2026-05-11T01:40:00+00:00,Anaheim Ducks,Vegas Golden Knights,spread,away,190,198,8,-1.5,-1.5,0.0,2026-05-09T19:10:15.700893+00:00
betonlineag,NHL,928fcf1398f0f1814ca5aeebaae169b7,2026-05-11T01:40:00+00:00,Anaheim Ducks,Vegas Golden Knights,spread,away,200,207,7,-1.5,-1.5,0.0,2026-05-09T19:10:15.700893+00:00
draftkings,NHL,928fcf1398f0f1814ca5aeebaae169b7,2026-05-11T01:40:00+00:00,Anaheim Ducks,Vegas Golden Knights,spread,home,-250,-250,0,1.5,1.5,0.0,2026-05-09T19:10:15.700893+00:00
betmgm,NHL,928fcf1398f0f1814ca5aeebaae169b7,2026-05-11T01:40:00+00:00,Anaheim Ducks,Vegas Golden Knights,spread,home,-235,-235,0,1.5,1.5,0.0,2026-05-09T19:10:15.700893+00:00
fanduel,NHL,928fcf1398f0f1814ca5aeebaae169b7,2026-05-11T01:40:00+00:00,Anaheim Ducks,Vegas Golden Knights,spread,home,-240,-250,-10,1.5,1.5,0.0,2026-05-09T19:10:15.700893+00:00
betonlineag,NHL,928fcf1398f0f1814ca5aeebaae169b7,2026-05-11T01:40:00+00:00,Anaheim Ducks,Vegas Golden Knights,spread,home,-240,-250,-10,1.5,1.5,0.0,2026-05-09T19:10:15.700893+00:00
draftkings,NHL,928fcf1398f0f1814ca5aeebaae169b7,2026-05-11T01:40:00+00:00,Anaheim Ducks,Vegas Golden Knights,total,over,-112,-108,4,6.5,6.5,0.0,2026-05-09T19:10:15.700893+00:00
betmgm,NHL,928fcf1398f0f1814ca5aeebaae169b7,2026-05-11T01:40:00+00:00,Anaheim Ducks,Vegas Golden Knights,total,over,-110,-105,5,6.5,6.5,0.0,2026-05-09T19:10:15.700893+00:00
fanduel,NHL,928fcf1398f0f1814ca5aeebaae169b7,2026-05-11T01:40:00+00:00,Anaheim Ducks,Vegas Golden Knights,total,over,-106,-108,-2,6.5,6.5,0.0,2026-05-09T19:10:15.700893+00:00
betonlineag,NHL,928fcf1398f0f1814ca5aeebaae169b7,2026-05-11T01:40:00+00:00,Anaheim Ducks,Vegas Golden Knights,total,over,-112,102,214,6.5,6.5,0.0,2026-05-09T19:10:15.700893+00:00
draftkings,NHL,928fcf1398f0f1814ca5aeebaae169b7,2026-05-11T01:40:00+00:00,Anaheim Ducks,Vegas Golden Knights,total,under,-108,-112,-4,6.5,6.5,0.0,2026-05-09T19:10:15.700893+00:00
betmgm,NHL,928fcf1398f0f1814ca5aeebaae169b7,2026-05-11T01:40:00+00:00,Anaheim Ducks,Vegas Golden Knights,total,under,-110,-115,-5,6.5,6.5,0.0,2026-05-09T19:10:15.700893+00:00
fanduel,NHL,928fcf1398f0f1814ca5aeebaae169b7,2026-05-11T01:40:00+00:00,Anaheim Ducks,Vegas Golden Knights,total,under,-114,-112,2,6.5,6.5,0.0,2026-05-09T19:10:15.700893+00:00
betonlineag,NHL,928fcf1398f0f1814ca5aeebaae169b7,2026-05-11T01:40:00+00:00,Anaheim Ducks,Vegas Golden Knights,total,under,-104,-118,-14,6.5,6.5,0.0,2026-05-09T19:10:15.700893+00:00
fanduel,NHL,dd40fd7156c9a60a0ce8365206fc9310,2026-05-04T01:10:15+00:00,Colorado Avalanche,Minnesota Wild,moneyline,away,150,144,-6,,,,2026-05-04T02:40:21.309637+00:00
betmgm,NHL,dd40fd7156c9a60a0ce8365206fc9310,2026-05-04T01:10:15+00:00,Colorado Avalanche,Minnesota Wild,moneyline,away,155,140,-15,,,,2026-05-04T02:40:21.309637+00:00
betonlineag,NHL,dd40fd7156c9a60a0ce8365206fc9310,2026-05-04T01:10:15+00:00,Colorado Avalanche,Minnesota Wild,moneyline,away,160,170,10,,,,2026-05-04T00:11:40.863080+00:00
draftkings,NHL,dd40fd7156c9a60a0ce8365206fc9310,2026-05-04T01:10:15+00:00,Colorado Avalanche,Minnesota Wild,moneyline,away,160,130,-30,,,,2026-05-04T02:40:21.309637+00:00
fanduel,NHL,dd40fd7156c9a60a0ce8365206fc9310,2026-05-04T01:10:15+00:00,Colorado Avalanche,Minnesota Wild,moneyline,home,-182,-186,-4,,,,2026-05-04T02:40:21.309637+00:00
betmgm,NHL,dd40fd7156c9a60a0ce8365206fc9310,2026-05-04T01:10:15+00:00,Colorado Avalanche,Minnesota Wild,moneyline,home,-190,-175,15,,,,2026-05-04T02:40:21.309637+00:00
betonlineag,NHL,dd40fd7156c9a60a0ce8365206fc9310,2026-05-04T01:10:15+00:00,Colorado Avalanche,Minnesota Wild,moneyline,home,-183,-194,-11,,,,2026-05-04T00:11:40.863080+00:00
draftkings,NHL,dd40fd7156c9a60a0ce8365206fc9310,2026-05-04T01:10:15+00:00,Colorado Avalanche,Minnesota Wild,moneyline,home,-192,-166,26,,,,2026-05-04T02:40:21.309637+00:00
fanduel,NHL,dd40fd7156c9a60a0ce8365206fc9310,2026-05-04T01:10:15+00:00,Colorado Avalanche,Minnesota Wild,spread,away,-154,-265,-111,1.5,1.5,0.0,2026-05-04T02:40:21.309637+00:00
betmgm,NHL,dd40fd7156c9a60a0ce8365206fc9310,2026-05-04T01:10:15+00:00,Colorado Avalanche,Minnesota Wild,spread,away,-160,-300,-140,1.5,1.5,0.0,2026-05-04T02:40:21.309637+00:00
betonlineag,NHL,dd40fd7156c9a60a0ce8365206fc9310,2026-05-04T01:10:15+00:00,Colorado Avalanche,Minnesota Wild,spread,away,-160,-153,7,1.5,1.5,0.0,2026-05-04T00:11:40.863080+00:00
draftkings,NHL,dd40fd7156c9a60a0ce8365206fc9310,2026-05-04T01:10:15+00:00,Colorado Avalanche,Minnesota Wild,spread,away,-166,-280,-114,1.5,1.5,0.0,2026-05-04T02:40:21.309637+00:00
fanduel,NHL,dd40fd7156c9a60a0ce8365206fc9310,2026-05-04T01:10:15+00:00,Colorado Avalanche,Minnesota Wild,spread,home,126,195,69,-1.5,-1.5,0.0,2026-05-04T02:40:21.309637+00:00
betmgm,NHL,dd40fd7156c9a60a0ce8365206fc9310,2026-05-04T01:10:15+00:00,Colorado Avalanche,Minnesota Wild,spread,home,135,210,75,-1.5,-1.5,0.0,2026-05-04T02:40:21.309637+00:00
betonlineag,NHL,dd40fd7156c9a60a0ce8365206fc9310,2026-05-04T01:10:15+00:00,Colorado Avalanche,Minnesota Wild,spread,home,140,133,-7,-1.5,-1.5,0.0,2026-05-04T00:11:40.863080+00:00
draftkings,NHL,dd40fd7156c9a60a0ce8365206fc9310,2026-05-04T01:10:15+00:00,Colorado Avalanche,Minnesota Wild,spread,home,140,210,70,-1.5,-1.5,0.0,2026-05-04T02:40:21.309637+00:00
fanduel,NHL,dd40fd7156c9a60a0ce8365206fc9310,2026-05-04T01:10:15+00:00,Colorado Avalanche,Minnesota Wild,total,over,-132,182,314,5.5,11.5,6.0,2026-05-04T02:40:21.309637+00:00
betmgm,NHL,dd40fd7156c9a60a0ce8365206fc9310,2026-05-04T01:10:15+00:00,Colorado Avalanche,Minnesota Wild,total,over,100,-235,-335,6.0,10.5,4.5,2026-05-04T02:40:21.309637+00:00
betonlineag,NHL,dd40fd7156c9a60a0ce8365206fc9310,2026-05-04T01:10:15+00:00,Colorado Avalanche,Minnesota Wild,total,over,-127,-110,17,5.5,6.0,0.5,2026-05-04T00:11:40.863080+00:00
draftkings,NHL,dd40fd7156c9a60a0ce8365206fc9310,2026-05-04T01:10:15+00:00,Colorado Avalanche,Minnesota Wild,total,over,-125,-215,-90,5.5,10.5,5.0,2026-05-04T02:40:21.309637+00:00
fanduel,NHL,dd40fd7156c9a60a0ce8365206fc9310,2026-05-04T01:10:15+00:00,Colorado Avalanche,Minnesota Wild,total,under,108,-245,-353,5.5,11.5,6.0,2026-05-04T02:40:21.309637+00:00
betmgm,NHL,dd40fd7156c9a60a0ce8365206fc9310,2026-05-04T01:10:15+00:00,Colorado Avalanche,Minnesota Wild,total,under,-120,175,295,6.0,10.5,4.5,2026-05-04T02:40:21.309637+00:00
betonlineag,NHL,dd40fd7156c9a60a0ce8365206fc9310,2026-05-04T01:10:15+00:00,Colorado Avalanche,Minnesota Wild,total,under,111,-106,-217,5.5,6.0,0.5,2026-05-04T00:11:40.863080+00:00
draftkings,NHL,dd40fd7156c9a60a0ce8365206fc9310,2026-05-04T01:10:15+00:00,Colorado Avalanche,Minnesota Wild,total,under,105,165,60,5.5,10.5,5.0,2026-05-04T02:40:21.309637+00:00
fanduel,NHL,df8e2f4e8a0bfcff34d6bbd0619bc3dd,2026-05-05T01:50:18+00:00,Vegas Golden Knights,Anaheim Ducks,moneyline,away,140,130,-10,,,,2026-05-05T02:33:59.199478+00:00
draftkings,NHL,df8e2f4e8a0bfcff34d6bbd0619bc3dd,2026-05-05T01:50:18+00:00,Vegas Golden Knights,Anaheim Ducks,moneyline,away,140,130,-10,,,,2026-05-05T02:33:59.199478+00:00
betmgm,NHL,df8e2f4e8a0bfcff34d6bbd0619bc3dd,2026-05-05T01:50:18+00:00,Vegas Golden Knights,Anaheim Ducks,moneyline,away,135,130,-5,,,,2026-05-05T02:33:59.199478+00:00
betonlineag,NHL,df8e2f4e8a0bfcff34d6bbd0619bc3dd,2026-05-05T01:40:18+00:00,Vegas Golden Knights,Anaheim Ducks,moneyline,away,141,144,3,,,,2026-05-05T00:02:46.023361+00:00
fanduel,NHL,df8e2f4e8a0bfcff34d6bbd0619bc3dd,2026-05-05T01:50:18+00:00,Vegas Golden Knights,Anaheim Ducks,moneyline,home,-170,-170,0,,,,2026-05-05T02:33:59.199478+00:00
draftkings,NHL,df8e2f4e8a0bfcff34d6bbd0619bc3dd,2026-05-05T01:50:18+00:00,Vegas Golden Knights,Anaheim Ducks,moneyline,home,-166,-166,0,,,,2026-05-05T02:33:59.199478+00:00
betmgm,NHL,df8e2f4e8a0bfcff34d6bbd0619bc3dd,2026-05-05T01:50:18+00:00,Vegas Golden Knights,Anaheim Ducks,moneyline,home,-165,-160,5,,,,2026-05-05T02:33:59.199478+00:00
betonlineag,NHL,df8e2f4e8a0bfcff34d6bbd0619bc3dd,2026-05-05T01:40:18+00:00,Vegas Golden Knights,Anaheim Ducks,moneyline,home,-160,-164,-4,,,,2026-05-05T00:02:46.023361+00:00
fanduel,NHL,df8e2f4e8a0bfcff34d6bbd0619bc3dd,2026-05-05T01:50:18+00:00,Vegas Golden Knights,Anaheim Ducks,spread,away,-170,-215,-45,1.5,1.5,0.0,2026-05-05T02:33:59.199478+00:00
draftkings,NHL,df8e2f4e8a0bfcff34d6bbd0619bc3dd,2026-05-05T01:50:18+00:00,Vegas Golden Knights,Anaheim Ducks,spread,away,-180,-215,-35,1.5,1.5,0.0,2026-05-05T02:33:59.199478+00:00
betmgm,NHL,df8e2f4e8a0bfcff34d6bbd0619bc3dd,2026-05-05T01:50:18+00:00,Vegas Golden Knights,Anaheim Ducks,spread,away,-175,-235,-60,1.5,1.5,0.0,2026-05-05T02:33:59.199478+00:00
betonlineag,NHL,df8e2f4e8a0bfcff34d6bbd0619bc3dd,2026-05-05T01:40:18+00:00,Vegas Golden Knights,Anaheim Ducks,spread,away,-180,-175,5,1.5,1.5,0.0,2026-05-05T00:02:46.023361+00:00
fanduel,NHL,df8e2f4e8a0bfcff34d6bbd0619bc3dd,2026-05-05T01:50:18+00:00,Vegas Golden Knights,Anaheim Ducks,spread,home,138,162,24,-1.5,-1.5,0.0,2026-05-05T02:33:59.199478+00:00
draftkings,NHL,df8e2f4e8a0bfcff34d6bbd0619bc3dd,2026-05-05T01:50:18+00:00,Vegas Golden Knights,Anaheim Ducks,spread,home,150,165,15,-1.5,-1.5,0.0,2026-05-05T02:33:59.199478+00:00
betmgm,NHL,df8e2f4e8a0bfcff34d6bbd0619bc3dd,2026-05-05T01:50:18+00:00,Vegas Golden Knights,Anaheim Ducks,spread,home,145,175,30,-1.5,-1.5,0.0,2026-05-05T02:33:59.199478+00:00
betonlineag,NHL,df8e2f4e8a0bfcff34d6bbd0619bc3dd,2026-05-05T01:40:18+00:00,Vegas Golden Knights,Anaheim Ducks,spread,home,157,153,-4,-1.5,-1.5,0.0,2026-05-05T00:02:46.023361+00:00
fanduel,NHL,df8e2f4e8a0bfcff34d6bbd0619bc3dd,2026-05-05T01:50:18+00:00,Vegas Golden Knights,Anaheim Ducks,total,over,110,-138,-248,6.5,4.5,-2.0,2026-05-05T02:33:59.199478+00:00
draftkings,NHL,df8e2f4e8a0bfcff34d6bbd0619bc3dd,2026-05-05T01:50:18+00:00,Vegas Golden Knights,Anaheim Ducks,total,over,114,-135,-249,6.5,4.5,-2.0,2026-05-05T02:33:59.199478+00:00
betmgm,NHL,df8e2f4e8a0bfcff34d6bbd0619bc3dd,2026-05-05T01:50:18+00:00,Vegas Golden Knights,Anaheim Ducks,total,over,-118,-140,-22,6.0,4.5,-1.5,2026-05-05T02:33:59.199478+00:00
betonlineag,NHL,df8e2f4e8a0bfcff34d6bbd0619bc3dd,2026-05-05T01:40:18+00:00,Vegas Golden Knights,Anaheim Ducks,total,over,-110,-114,-4,6.0,6.5,0.5,2026-05-05T00:02:46.023361+00:00
fanduel,NHL,df8e2f4e8a0bfcff34d6bbd0619bc3dd,2026-05-05T01:50:18+00:00,Vegas Golden Knights,Anaheim Ducks,total,under,-134,106,240,6.5,4.5,-2.0,2026-05-05T02:33:59.199478+00:00
draftkings,NHL,df8e2f4e8a0bfcff34d6bbd0619bc3dd,2026-05-05T01:50:18+00:00,Vegas Golden Knights,Anaheim Ducks,total,under,-135,105,240,6.5,4.5,-2.0,2026-05-05T02:33:59.199478+00:00
betmgm,NHL,df8e2f4e8a0bfcff34d6bbd0619bc3dd,2026-05-05T01:50:18+00:00,Vegas Golden Knights,Anaheim Ducks,total,under,-102,105,207,6.0,4.5,-1.5,2026-05-05T02:33:59.199478+00:00
betonlineag,NHL,df8e2f4e8a0bfcff34d6bbd0619bc3dd,2026-05-05T01:40:18+00:00,Vegas Golden Knights,Anaheim Ducks,total,under,-106,-102,4,6.0,6.5,0.5,2026-05-05T00:02:46.023361+00:00
fanduel,NHL,fbc314d1e8c60127f6b1a302f544af53,2026-05-06T00:10:08+00:00,Colorado Avalanche,Minnesota Wild,moneyline,away,168,158,-10,,,,2026-05-05T23:53:49.663484+00:00
draftkings,NHL,fbc314d1e8c60127f6b1a302f544af53,2026-05-06T00:10:08+00:00,Colorado Avalanche,Minnesota Wild,moneyline,away,170,170,0,,,,2026-05-05T23:53:49.663484+00:00
betonlineag,NHL,fbc314d1e8c60127f6b1a302f544af53,2026-05-06T00:10:08+00:00,Colorado Avalanche,Minnesota Wild,moneyline,away,172,171,-1,,,,2026-05-05T23:53:49.663484+00:00
betmgm,NHL,fbc314d1e8c60127f6b1a302f544af53,2026-05-06T00:10:08+00:00,Colorado Avalanche,Minnesota Wild,moneyline,away,170,3300,3130,,,,2026-05-06T02:38:10.554035+00:00
fanduel,NHL,fbc314d1e8c60127f6b1a302f544af53,2026-05-06T00:10:08+00:00,Colorado Avalanche,Minnesota Wild,moneyline,home,-205,-192,13,,,,2026-05-05T23:53:49.663484+00:00
draftkings,NHL,fbc314d1e8c60127f6b1a302f544af53,2026-05-06T00:10:08+00:00,Colorado Avalanche,Minnesota Wild,moneyline,home,-205,-205,0,,,,2026-05-05T23:53:49.663484+00:00
betonlineag,NHL,fbc314d1e8c60127f6b1a302f544af53,2026-05-06T00:10:08+00:00,Colorado Avalanche,Minnesota Wild,moneyline,home,-197,-196,1,,,,2026-05-05T23:53:49.663484+00:00
betmgm,NHL,fbc314d1e8c60127f6b1a302f544af53,2026-05-06T00:10:08+00:00,Colorado Avalanche,Minnesota Wild,moneyline,home,-210,-10000,-9790,,,,2026-05-06T02:38:10.554035+00:00
fanduel,NHL,fbc314d1e8c60127f6b1a302f544af53,2026-05-06T00:10:08+00:00,Colorado Avalanche,Minnesota Wild,spread,away,-144,158,302,1.5,2.5,1.0,2026-05-06T02:38:10.554035+00:00
draftkings,NHL,fbc314d1e8c60127f6b1a302f544af53,2026-05-06T00:10:08+00:00,Colorado Avalanche,Minnesota Wild,spread,away,-148,130,278,1.5,2.5,1.0,2026-05-06T02:38:10.554035+00:00
betonlineag,NHL,fbc314d1e8c60127f6b1a302f544af53,2026-05-06T00:10:08+00:00,Colorado Avalanche,Minnesota Wild,spread,away,-145,-150,-5,1.5,1.5,0.0,2026-05-05T23:53:49.663484+00:00
betmgm,NHL,fbc314d1e8c60127f6b1a302f544af53,2026-05-06T00:10:08+00:00,Colorado Avalanche,Minnesota Wild,spread,away,-140,125,265,1.5,2.5,1.0,2026-05-06T02:38:10.554035+00:00
fanduel,NHL,fbc314d1e8c60127f6b1a302f544af53,2026-05-06T00:10:08+00:00,Colorado Avalanche,Minnesota Wild,spread,home,118,-215,-333,-1.5,-2.5,-1.0,2026-05-06T02:38:10.554035+00:00
draftkings,NHL,fbc314d1e8c60127f6b1a302f544af53,2026-05-06T00:10:08+00:00,Colorado Avalanche,Minnesota Wild,spread,home,124,-166,-290,-1.5,-2.5,-1.0,2026-05-06T02:38:10.554035+00:00
betonlineag,NHL,fbc314d1e8c60127f6b1a302f544af53,2026-05-06T00:10:08+00:00,Colorado Avalanche,Minnesota Wild,spread,home,125,130,5,-1.5,-1.5,0.0,2026-05-05T23:53:49.663484+00:00
betmgm,NHL,fbc314d1e8c60127f6b1a302f544af53,2026-05-06T00:10:08+00:00,Colorado Avalanche,Minnesota Wild,spread,home,115,-165,-280,-1.5,-2.5,-1.0,2026-05-06T02:38:10.554035+00:00
fanduel,NHL,fbc314d1e8c60127f6b1a302f544af53,2026-05-06T00:10:08+00:00,Colorado Avalanche,Minnesota Wild,total,over,-104,-440,-336,6.5,6.5,0.0,2026-05-06T02:38:10.554035+00:00
draftkings,NHL,fbc314d1e8c60127f6b1a302f544af53,2026-05-06T00:10:08+00:00,Colorado Avalanche,Minnesota Wild,total,over,-105,-360,-255,6.5,6.5,0.0,2026-05-06T02:38:10.554035+00:00
betonlineag,NHL,fbc314d1e8c60127f6b1a302f544af53,2026-05-06T00:10:08+00:00,Colorado Avalanche,Minnesota Wild,total,over,101,-103,-204,6.5,6.5,0.0,2026-05-05T23:53:49.663484+00:00
betmgm,NHL,fbc314d1e8c60127f6b1a302f544af53,2026-05-06T00:10:08+00:00,Colorado Avalanche,Minnesota Wild,total,over,-105,-105,0,6.5,6.5,0.0,2026-05-05T23:53:49.663484+00:00
fanduel,NHL,fbc314d1e8c60127f6b1a302f544af53,2026-05-06T00:10:08+00:00,Colorado Avalanche,Minnesota Wild,total,under,-118,300,418,6.5,6.5,0.0,2026-05-06T02:38:10.554035+00:00
draftkings,NHL,fbc314d1e8c60127f6b1a302f544af53,2026-05-06T00:10:08+00:00,Colorado Avalanche,Minnesota Wild,total,under,-115,260,375,6.5,6.5,0.0,2026-05-06T02:38:10.554035+00:00
betonlineag,NHL,fbc314d1e8c60127f6b1a302f544af53,2026-05-06T00:10:08+00:00,Colorado Avalanche,Minnesota Wild,total,under,-117,-113,4,6.5,6.5,0.0,2026-05-05T23:53:49.663484+00:00
betmgm,NHL,fbc314d1e8c60127f6b1a302f544af53,2026-05-06T00:10:08+00:00,Colorado Avalanche,Minnesota Wild,total,under,-115,-115,0,6.5,6.5,0.0,2026-05-05T23:53:49.663484+00:00
fanduel,NHL,ff32d091f70d6cbd0449e919d784e5fc,2026-05-09T22:10:00+00:00,Philadelphia Flyers,Carolina Hurricanes,moneyline,away,-170,-194,-24,,,,2026-05-09T19:10:15.700893+00:00
draftkings,NHL,ff32d091f70d6cbd0449e919d784e5fc,2026-05-09T22:10:00+00:00,Philadelphia Flyers,Carolina Hurricanes,moneyline,away,-175,-192,-17,,,,2026-05-09T19:10:15.700893+00:00
betmgm,NHL,ff32d091f70d6cbd0449e919d784e5fc,2026-05-09T22:10:00+00:00,Philadelphia Flyers,Carolina Hurricanes,moneyline,away,-185,-200,-15,,,,2026-05-09T19:10:15.700893+00:00
betonlineag,NHL,ff32d091f70d6cbd0449e919d784e5fc,2026-05-09T22:10:00+00:00,Philadelphia Flyers,Carolina Hurricanes,moneyline,away,-180,-189,-9,,,,2026-05-09T19:10:15.700893+00:00
fanduel,NHL,ff32d091f70d6cbd0449e919d784e5fc,2026-05-09T22:10:00+00:00,Philadelphia Flyers,Carolina Hurricanes,moneyline,home,140,160,20,,,,2026-05-09T19:10:15.700893+00:00
draftkings,NHL,ff32d091f70d6cbd0449e919d784e5fc,2026-05-09T22:10:00+00:00,Philadelphia Flyers,Carolina Hurricanes,moneyline,home,145,160,15,,,,2026-05-09T19:10:15.700893+00:00
betmgm,NHL,ff32d091f70d6cbd0449e919d784e5fc,2026-05-09T22:10:00+00:00,Philadelphia Flyers,Carolina Hurricanes,moneyline,home,150,165,15,,,,2026-05-09T19:10:15.700893+00:00
betonlineag,NHL,ff32d091f70d6cbd0449e919d784e5fc,2026-05-09T22:10:00+00:00,Philadelphia Flyers,Carolina Hurricanes,moneyline,home,158,165,7,,,,2026-05-09T19:10:15.700893+00:00
fanduel,NHL,ff32d091f70d6cbd0449e919d784e5fc,2026-05-09T22:10:00+00:00,Philadelphia Flyers,Carolina Hurricanes,spread,away,142,132,-10,-1.5,-1.5,0.0,2026-05-09T19:10:15.700893+00:00
draftkings,NHL,ff32d091f70d6cbd0449e919d784e5fc,2026-05-09T22:10:00+00:00,Philadelphia Flyers,Carolina Hurricanes,spread,away,150,136,-14,-1.5,-1.5,0.0,2026-05-09T19:10:15.700893+00:00
betmgm,NHL,ff32d091f70d6cbd0449e919d784e5fc,2026-05-09T22:10:00+00:00,Philadelphia Flyers,Carolina Hurricanes,spread,away,140,130,-10,-1.5,-1.5,0.0,2026-05-09T19:10:15.700893+00:00
betonlineag,NHL,ff32d091f70d6cbd0449e919d784e5fc,2026-05-09T22:10:00+00:00,Philadelphia Flyers,Carolina Hurricanes,spread,away,145,142,-3,-1.5,-1.5,0.0,2026-05-09T19:10:15.700893+00:00
fanduel,NHL,ff32d091f70d6cbd0449e919d784e5fc,2026-05-09T22:10:00+00:00,Philadelphia Flyers,Carolina Hurricanes,spread,home,-176,-162,14,1.5,1.5,0.0,2026-05-09T19:10:15.700893+00:00
draftkings,NHL,ff32d091f70d6cbd0449e919d784e5fc,2026-05-09T22:10:00+00:00,Philadelphia Flyers,Carolina Hurricanes,spread,home,-180,-162,18,1.5,1.5,0.0,2026-05-09T19:10:15.700893+00:00
betmgm,NHL,ff32d091f70d6cbd0449e919d784e5fc,2026-05-09T22:10:00+00:00,Philadelphia Flyers,Carolina Hurricanes,spread,home,-170,-155,15,1.5,1.5,0.0,2026-05-09T19:10:15.700893+00:00
betonlineag,NHL,ff32d091f70d6cbd0449e919d784e5fc,2026-05-09T22:10:00+00:00,Philadelphia Flyers,Carolina Hurricanes,spread,home,-165,-162,3,1.5,1.5,0.0,2026-05-09T19:10:15.700893+00:00
fanduel,NHL,ff32d091f70d6cbd0449e919d784e5fc,2026-05-09T22:10:00+00:00,Philadelphia Flyers,Carolina Hurricanes,total,over,126,118,-8,5.5,5.5,0.0,2026-05-09T19:10:15.700893+00:00
draftkings,NHL,ff32d091f70d6cbd0449e919d784e5fc,2026-05-09T22:10:00+00:00,Philadelphia Flyers,Carolina Hurricanes,total,over,120,120,0,5.5,5.5,0.0,2026-05-09T19:10:15.700893+00:00
betmgm,NHL,ff32d091f70d6cbd0449e919d784e5fc,2026-05-09T22:10:00+00:00,Philadelphia Flyers,Carolina Hurricanes,total,over,115,118,3,5.5,5.5,0.0,2026-05-09T19:10:15.700893+00:00
betonlineag,NHL,ff32d091f70d6cbd0449e919d784e5fc,2026-05-09T22:10:00+00:00,Philadelphia Flyers,Carolina Hurricanes,total,over,121,117,-4,5.5,5.5,0.0,2026-05-09T19:10:15.700893+00:00
fanduel,NHL,ff32d091f70d6cbd0449e919d784e5fc,2026-05-09T22:10:00+00:00,Philadelphia Flyers,Carolina Hurricanes,total,under,-154,-144,10,5.5,5.5,0.0,2026-05-09T19:10:15.700893+00:00
draftkings,NHL,ff32d091f70d6cbd0449e919d784e5fc,2026-05-09T22:10:00+00:00,Philadelphia Flyers,Carolina Hurricanes,total,under,-142,-142,0,5.5,5.5,0.0,2026-05-09T19:10:15.700893+00:00
betmgm,NHL,ff32d091f70d6cbd0449e919d784e5fc,2026-05-09T22:10:00+00:00,Philadelphia Flyers,Carolina Hurricanes,total,under,-140,-140,0,5.5,5.5,0.0,2026-05-09T19:10:15.700893+00:00
betonlineag,NHL,ff32d091f70d6cbd0449e919d784e5fc,2026-05-09T22:10:00+00:00,Philadelphia Flyers,Carolina Hurricanes,total,under,-140,-135,5,5.5,5.5,0.0,2026-05-09T19:10:15.700893+00:00
fanduel,NHL,nhl_stub_001,2026-05-16T18:23:40.360499+00:00,Toronto Maple Leafs,Montreal Canadiens,moneyline,away,135,135,0,,,,2026-05-15T18:23:40.425079+00:00
fanduel,NHL,nhl_stub_001,2026-05-16T18:23:40.360499+00:00,Toronto Maple Leafs,Montreal Canadiens,moneyline,home,-155,-155,0,,,,2026-05-15T18:23:40.425079+00:00
fanduel,NHL,nhl_stub_001,2026-05-16T18:23:40.360499+00:00,Toronto Maple Leafs,Montreal Canadiens,spread,away,-105,-105,0,1.5,1.5,0.0,2026-05-15T18:23:40.425079+00:00
fanduel,NHL,nhl_stub_001,2026-05-16T18:23:40.360499+00:00,Toronto Maple Leafs,Montreal Canadiens,spread,home,-115,-115,0,-1.5,-1.5,0.0,2026-05-15T18:23:40.425079+00:00
fanduel,NHL,nhl_stub_001,2026-05-16T18:23:40.360499+00:00,Toronto Maple Leafs,Montreal Canadiens,total,over,-110,-110,0,6.5,6.5,0.0,2026-05-15T18:23:40.425079+00:00
fanduel,NHL,nhl_stub_001,2026-05-16T18:23:40.360499+00:00,Toronto Maple Leafs,Montreal Canadiens,total,under,-110,-110,0,6.5,6.5,0.0,2026-05-15T18:23:40.425079+00:00
fanduel,NHL,nhl_stub_002,2026-05-16T21:23:40.360499+00:00,Vegas Golden Knights,Colorado Avalanche,moneyline,away,110,110,0,,,,2026-05-15T18:23:40.425079+00:00
fanduel,NHL,nhl_stub_002,2026-05-16T21:23:40.360499+00:00,Vegas Golden Knights,Colorado Avalanche,moneyline,home,-130,-130,0,,,,2026-05-15T18:23:40.425079+00:00
fanduel,NHL,nhl_stub_002,2026-05-16T21:23:40.360499+00:00,Vegas Golden Knights,Colorado Avalanche,spread,away,-125,-125,0,1.5,1.5,0.0,2026-05-15T18:23:40.425079+00:00
fanduel,NHL,nhl_stub_002,2026-05-16T21:23:40.360499+00:00,Vegas Golden Knights,Colorado Avalanche,spread,home,105,105,0,-1.5,-1.5,0.0,2026-05-15T18:23:40.425079+00:00
fanduel,NHL,nhl_stub_002,2026-05-16T21:23:40.360499+00:00,Vegas Golden Knights,Colorado Avalanche,total,over,-105,-105,0,5.5,5.5,0.0,2026-05-15T18:23:40.425079+00:00
fanduel,NHL,nhl_stub_002,2026-05-16T21:23:40.360499+00:00,Vegas Golden Knights,Colorado Avalanche,total,under,-115,-115,0,5.5,5.5,0.0,2026-05-15T18:23:40.425079+00:00
fanduel,WNBA,05ba9c19c44fa11daedbeb4c4eaf9aab,2026-05-09T02:05:19+00:00,Seattle Storm,Golden State Valkyries,moneyline,away,-196,-290,-94,,,,2026-05-09T02:39:35.910447+00:00
draftkings,WNBA,05ba9c19c44fa11daedbeb4c4eaf9aab,2026-05-09T02:05:19+00:00,Seattle Storm,Golden State Valkyries,moneyline,away,-205,-330,-125,,,,2026-05-09T02:39:35.910447+00:00
betmgm,WNBA,05ba9c19c44fa11daedbeb4c4eaf9aab,2026-05-09T02:05:19+00:00,Seattle Storm,Golden State Valkyries,moneyline,away,-200,-300,-100,,,,2026-05-09T02:39:35.910447+00:00
betonlineag,WNBA,05ba9c19c44fa11daedbeb4c4eaf9aab,2026-05-09T02:00:00+00:00,Seattle Storm,Golden State Valkyries,moneyline,away,-243,-240,3,,,,2026-05-08T23:58:37.280018+00:00
fanduel,WNBA,05ba9c19c44fa11daedbeb4c4eaf9aab,2026-05-09T02:05:19+00:00,Seattle Storm,Golden State Valkyries,moneyline,home,158,215,57,,,,2026-05-09T02:39:35.910447+00:00
draftkings,WNBA,05ba9c19c44fa11daedbeb4c4eaf9aab,2026-05-09T02:05:19+00:00,Seattle Storm,Golden State Valkyries,moneyline,home,170,240,70,,,,2026-05-09T02:39:35.910447+00:00
betmgm,WNBA,05ba9c19c44fa11daedbeb4c4eaf9aab,2026-05-09T02:05:19+00:00,Seattle Storm,Golden State Valkyries,moneyline,home,165,220,55,,,,2026-05-09T02:39:35.910447+00:00
betonlineag,WNBA,05ba9c19c44fa11daedbeb4c4eaf9aab,2026-05-09T02:00:00+00:00,Seattle Storm,Golden State Valkyries,moneyline,home,202,200,-2,,,,2026-05-08T23:58:37.280018+00:00
fanduel,WNBA,05ba9c19c44fa11daedbeb4c4eaf9aab,2026-05-09T02:05:19+00:00,Seattle Storm,Golden State Valkyries,spread,away,-106,100,206,-4.5,-6.5,-2.0,2026-05-09T02:39:35.910447+00:00
draftkings,WNBA,05ba9c19c44fa11daedbeb4c4eaf9aab,2026-05-09T02:05:19+00:00,Seattle Storm,Golden State Valkyries,spread,away,-110,-110,0,-4.5,-6.5,-2.0,2026-05-09T02:39:35.910447+00:00
betonlineag,WNBA,05ba9c19c44fa11daedbeb4c4eaf9aab,2026-05-09T02:00:00+00:00,Seattle Storm,Golden State Valkyries,spread,away,-105,-110,-5,-4.5,-6.0,-1.5,2026-05-08T23:58:37.280018+00:00
betmgm,WNBA,05ba9c19c44fa11daedbeb4c4eaf9aab,2026-05-09T02:05:19+00:00,Seattle Storm,Golden State Valkyries,spread,away,-110,-110,0,-4.5,-6.5,-2.0,2026-05-09T02:39:35.910447+00:00
fanduel,WNBA,05ba9c19c44fa11daedbeb4c4eaf9aab,2026-05-09T02:05:19+00:00,Seattle Storm,Golden State Valkyries,spread,home,-114,-132,-18,4.5,6.5,2.0,2026-05-09T02:39:35.910447+00:00
draftkings,WNBA,05ba9c19c44fa11daedbeb4c4eaf9aab,2026-05-09T02:05:19+00:00,Seattle Storm,Golden State Valkyries,spread,home,-110,-120,-10,4.5,6.5,2.0,2026-05-09T02:39:35.910447+00:00
betonlineag,WNBA,05ba9c19c44fa11daedbeb4c4eaf9aab,2026-05-09T02:00:00+00:00,Seattle Storm,Golden State Valkyries,spread,home,-115,-110,5,4.5,6.0,1.5,2026-05-08T23:58:37.280018+00:00
betmgm,WNBA,05ba9c19c44fa11daedbeb4c4eaf9aab,2026-05-09T02:05:19+00:00,Seattle Storm,Golden State Valkyries,spread,home,-110,-118,-8,4.5,6.5,2.0,2026-05-09T02:39:35.910447+00:00
fanduel,WNBA,05ba9c19c44fa11daedbeb4c4eaf9aab,2026-05-09T02:05:19+00:00,Seattle Storm,Golden State Valkyries,total,over,-110,-110,0,154.5,164.5,10.0,2026-05-09T02:39:35.910447+00:00
draftkings,WNBA,05ba9c19c44fa11daedbeb4c4eaf9aab,2026-05-09T02:05:19+00:00,Seattle Storm,Golden State Valkyries,total,over,-110,-110,0,154.5,164.5,10.0,2026-05-09T02:39:35.910447+00:00
betonlineag,WNBA,05ba9c19c44fa11daedbeb4c4eaf9aab,2026-05-09T02:00:00+00:00,Seattle Storm,Golden State Valkyries,total,over,-110,-110,0,154.5,157.0,2.5,2026-05-08T23:58:37.280018+00:00
betmgm,WNBA,05ba9c19c44fa11daedbeb4c4eaf9aab,2026-05-09T02:05:19+00:00,Seattle Storm,Golden State Valkyries,total,over,-110,-115,-5,154.5,163.5,9.0,2026-05-09T02:39:35.910447+00:00
fanduel,WNBA,05ba9c19c44fa11daedbeb4c4eaf9aab,2026-05-09T02:05:19+00:00,Seattle Storm,Golden State Valkyries,total,under,-110,-120,-10,154.5,164.5,10.0,2026-05-09T02:39:35.910447+00:00
draftkings,WNBA,05ba9c19c44fa11daedbeb4c4eaf9aab,2026-05-09T02:05:19+00:00,Seattle Storm,Golden State Valkyries,total,under,-110,-120,-10,154.5,164.5,10.0,2026-05-09T02:39:35.910447+00:00
betonlineag,WNBA,05ba9c19c44fa11daedbeb4c4eaf9aab,2026-05-09T02:00:00+00:00,Seattle Storm,Golden State Valkyries,total,under,-110,-110,0,154.5,157.0,2.5,2026-05-08T23:58:37.280018+00:00
betmgm,WNBA,05ba9c19c44fa11daedbeb4c4eaf9aab,2026-05-09T02:05:19+00:00,Seattle Storm,Golden State Valkyries,total,under,-110,-110,0,154.5,163.5,9.0,2026-05-09T02:39:35.910447+00:00
fanduel,WNBA,0a89169769259ffdecf38de610ab1c48,2026-05-10T19:00:00+00:00,Washington Mystics,New York Liberty,moneyline,away,-250,-265,-15,,,,2026-05-09T19:10:15.700893+00:00
draftkings,WNBA,0a89169769259ffdecf38de610ab1c48,2026-05-10T19:00:00+00:00,Washington Mystics,New York Liberty,moneyline,away,-285,-298,-13,,,,2026-05-09T19:10:15.700893+00:00
betmgm,WNBA,0a89169769259ffdecf38de610ab1c48,2026-05-10T19:00:00+00:00,Washington Mystics,New York Liberty,moneyline,away,-295,-295,0,,,,2026-05-09T19:10:15.700893+00:00
fanduel,WNBA,0a89169769259ffdecf38de610ab1c48,2026-05-10T19:00:00+00:00,Washington Mystics,New York Liberty,moneyline,home,198,210,12,,,,2026-05-09T19:10:15.700893+00:00
draftkings,WNBA,0a89169769259ffdecf38de610ab1c48,2026-05-10T19:00:00+00:00,Washington Mystics,New York Liberty,moneyline,home,230,240,10,,,,2026-05-09T19:10:15.700893+00:00
betmgm,WNBA,0a89169769259ffdecf38de610ab1c48,2026-05-10T19:00:00+00:00,Washington Mystics,New York Liberty,moneyline,home,230,230,0,,,,2026-05-09T19:10:15.700893+00:00
fanduel,WNBA,0a89169769259ffdecf38de610ab1c48,2026-05-10T19:00:00+00:00,Washington Mystics,New York Liberty,spread,away,-112,-106,6,-5.5,-6.5,-1.0,2026-05-09T19:10:15.700893+00:00
draftkings,WNBA,0a89169769259ffdecf38de610ab1c48,2026-05-10T19:00:00+00:00,Washington Mystics,New York Liberty,spread,away,-110,-115,-5,-6.5,-6.5,0.0,2026-05-09T19:10:15.700893+00:00
betonlineag,WNBA,0a89169769259ffdecf38de610ab1c48,2026-05-10T19:00:00+00:00,Washington Mystics,New York Liberty,spread,away,-110,-110,0,-6.5,-6.5,0.0,2026-05-09T19:10:15.700893+00:00
betmgm,WNBA,0a89169769259ffdecf38de610ab1c48,2026-05-10T19:00:00+00:00,Washington Mystics,New York Liberty,spread,away,-110,-110,0,-6.5,-6.5,0.0,2026-05-09T19:10:15.700893+00:00
fanduel,WNBA,0a89169769259ffdecf38de610ab1c48,2026-05-10T19:00:00+00:00,Washington Mystics,New York Liberty,spread,home,-108,-114,-6,5.5,6.5,1.0,2026-05-09T19:10:15.700893+00:00
draftkings,WNBA,0a89169769259ffdecf38de610ab1c48,2026-05-10T19:00:00+00:00,Washington Mystics,New York Liberty,spread,home,-110,-105,5,6.5,6.5,0.0,2026-05-09T19:10:15.700893+00:00
betonlineag,WNBA,0a89169769259ffdecf38de610ab1c48,2026-05-10T19:00:00+00:00,Washington Mystics,New York Liberty,spread,home,-110,-110,0,6.5,6.5,0.0,2026-05-09T19:10:15.700893+00:00
betmgm,WNBA,0a89169769259ffdecf38de610ab1c48,2026-05-10T19:00:00+00:00,Washington Mystics,New York Liberty,spread,home,-110,-110,0,6.5,6.5,0.0,2026-05-09T19:10:15.700893+00:00
fanduel,WNBA,0a89169769259ffdecf38de610ab1c48,2026-05-10T19:00:00+00:00,Washington Mystics,New York Liberty,total,over,-106,-106,0,157.5,157.5,0.0,2026-05-09T19:10:15.700893+00:00
draftkings,WNBA,0a89169769259ffdecf38de610ab1c48,2026-05-10T19:00:00+00:00,Washington Mystics,New York Liberty,total,over,-110,-110,0,158.5,158.5,0.0,2026-05-09T19:10:15.700893+00:00
betonlineag,WNBA,0a89169769259ffdecf38de610ab1c48,2026-05-10T19:00:00+00:00,Washington Mystics,New York Liberty,total,over,-110,-110,0,158.5,158.5,0.0,2026-05-09T19:10:15.700893+00:00
betmgm,WNBA,0a89169769259ffdecf38de610ab1c48,2026-05-10T19:00:00+00:00,Washington Mystics,New York Liberty,total,over,-110,-110,0,158.5,158.5,0.0,2026-05-09T19:10:15.700893+00:00
fanduel,WNBA,0a89169769259ffdecf38de610ab1c48,2026-05-10T19:00:00+00:00,Washington Mystics,New York Liberty,total,under,-114,-114,0,157.5,157.5,0.0,2026-05-09T19:10:15.700893+00:00
draftkings,WNBA,0a89169769259ffdecf38de610ab1c48,2026-05-10T19:00:00+00:00,Washington Mystics,New York Liberty,total,under,-110,-110,0,158.5,158.5,0.0,2026-05-09T19:10:15.700893+00:00
betonlineag,WNBA,0a89169769259ffdecf38de610ab1c48,2026-05-10T19:00:00+00:00,Washington Mystics,New York Liberty,total,under,-110,-110,0,158.5,158.5,0.0,2026-05-09T19:10:15.700893+00:00
betmgm,WNBA,0a89169769259ffdecf38de610ab1c48,2026-05-10T19:00:00+00:00,Washington Mystics,New York Liberty,total,under,-110,-110,0,158.5,158.5,0.0,2026-05-09T19:10:15.700893+00:00
fanduel,WNBA,0f8c28106a569b3b61d33ef0c0e272ec,2026-05-09T19:35:00+00:00,Las Vegas Aces,Phoenix Mercury,moneyline,away,235,350,115,,,,2026-05-09T19:10:15.700893+00:00
draftkings,WNBA,0f8c28106a569b3b61d33ef0c0e272ec,2026-05-09T19:35:00+00:00,Las Vegas Aces,Phoenix Mercury,moneyline,away,260,350,90,,,,2026-05-09T19:10:15.700893+00:00
betmgm,WNBA,0f8c28106a569b3b61d33ef0c0e272ec,2026-05-09T19:35:00+00:00,Las Vegas Aces,Phoenix Mercury,moneyline,away,240,340,100,,,,2026-05-09T19:10:15.700893+00:00
betonlineag,WNBA,0f8c28106a569b3b61d33ef0c0e272ec,2026-05-09T19:35:00+00:00,Las Vegas Aces,Phoenix Mercury,moneyline,away,280,354,74,,,,2026-05-09T19:10:15.700893+00:00
fanduel,WNBA,0f8c28106a569b3b61d33ef0c0e272ec,2026-05-09T19:35:00+00:00,Las Vegas Aces,Phoenix Mercury,moneyline,home,-300,-480,-180,,,,2026-05-09T19:10:15.700893+00:00
draftkings,WNBA,0f8c28106a569b3b61d33ef0c0e272ec,2026-05-09T19:35:00+00:00,Las Vegas Aces,Phoenix Mercury,moneyline,home,-325,-455,-130,,,,2026-05-09T19:10:15.700893+00:00
betmgm,WNBA,0f8c28106a569b3b61d33ef0c0e272ec,2026-05-09T19:35:00+00:00,Las Vegas Aces,Phoenix Mercury,moneyline,home,-300,-450,-150,,,,2026-05-09T19:10:15.700893+00:00
betonlineag,WNBA,0f8c28106a569b3b61d33ef0c0e272ec,2026-05-09T19:35:00+00:00,Las Vegas Aces,Phoenix Mercury,moneyline,home,-350,-455,-105,,,,2026-05-09T19:10:15.700893+00:00
fanduel,WNBA,0f8c28106a569b3b61d33ef0c0e272ec,2026-05-09T19:35:00+00:00,Las Vegas Aces,Phoenix Mercury,spread,away,-110,-110,0,7.0,9.5,2.5,2026-05-09T19:10:15.700893+00:00
draftkings,WNBA,0f8c28106a569b3b61d33ef0c0e272ec,2026-05-09T19:35:00+00:00,Las Vegas Aces,Phoenix Mercury,spread,away,-110,-108,2,7.5,9.5,2.0,2026-05-09T19:10:15.700893+00:00
betonlineag,WNBA,0f8c28106a569b3b61d33ef0c0e272ec,2026-05-09T19:35:00+00:00,Las Vegas Aces,Phoenix Mercury,spread,away,-110,-105,5,7.0,9.5,2.5,2026-05-09T19:10:15.700893+00:00
betmgm,WNBA,0f8c28106a569b3b61d33ef0c0e272ec,2026-05-09T19:35:00+00:00,Las Vegas Aces,Phoenix Mercury,spread,away,-115,-110,5,7.5,9.5,2.0,2026-05-09T19:10:15.700893+00:00
fanduel,WNBA,0f8c28106a569b3b61d33ef0c0e272ec,2026-05-09T19:35:00+00:00,Las Vegas Aces,Phoenix Mercury,spread,home,-110,-110,0,-7.0,-9.5,-2.5,2026-05-09T19:10:15.700893+00:00
draftkings,WNBA,0f8c28106a569b3b61d33ef0c0e272ec,2026-05-09T19:35:00+00:00,Las Vegas Aces,Phoenix Mercury,spread,home,-110,-112,-2,-7.5,-9.5,-2.0,2026-05-09T19:10:15.700893+00:00
betonlineag,WNBA,0f8c28106a569b3b61d33ef0c0e272ec,2026-05-09T19:35:00+00:00,Las Vegas Aces,Phoenix Mercury,spread,home,-110,-115,-5,-7.0,-9.5,-2.5,2026-05-09T19:10:15.700893+00:00
betmgm,WNBA,0f8c28106a569b3b61d33ef0c0e272ec,2026-05-09T19:35:00+00:00,Las Vegas Aces,Phoenix Mercury,spread,home,-105,-110,-5,-7.5,-9.5,-2.0,2026-05-09T19:10:15.700893+00:00
fanduel,WNBA,0f8c28106a569b3b61d33ef0c0e272ec,2026-05-09T19:35:00+00:00,Las Vegas Aces,Phoenix Mercury,total,over,-110,-112,-2,165.5,167.5,2.0,2026-05-09T19:10:15.700893+00:00
draftkings,WNBA,0f8c28106a569b3b61d33ef0c0e272ec,2026-05-09T19:35:00+00:00,Las Vegas Aces,Phoenix Mercury,total,over,-110,-115,-5,167.5,167.5,0.0,2026-05-09T19:10:15.700893+00:00
betonlineag,WNBA,0f8c28106a569b3b61d33ef0c0e272ec,2026-05-09T19:35:00+00:00,Las Vegas Aces,Phoenix Mercury,total,over,-110,-110,0,167.0,167.5,0.5,2026-05-09T19:10:15.700893+00:00
betmgm,WNBA,0f8c28106a569b3b61d33ef0c0e272ec,2026-05-09T19:35:00+00:00,Las Vegas Aces,Phoenix Mercury,total,over,-105,-110,-5,167.5,167.5,0.0,2026-05-09T19:10:15.700893+00:00
fanduel,WNBA,0f8c28106a569b3b61d33ef0c0e272ec,2026-05-09T19:35:00+00:00,Las Vegas Aces,Phoenix Mercury,total,under,-110,-108,2,165.5,167.5,2.0,2026-05-09T19:10:15.700893+00:00
draftkings,WNBA,0f8c28106a569b3b61d33ef0c0e272ec,2026-05-09T19:35:00+00:00,Las Vegas Aces,Phoenix Mercury,total,under,-110,-105,5,167.5,167.5,0.0,2026-05-09T19:10:15.700893+00:00
betonlineag,WNBA,0f8c28106a569b3b61d33ef0c0e272ec,2026-05-09T19:35:00+00:00,Las Vegas Aces,Phoenix Mercury,total,under,-110,-110,0,167.0,167.5,0.5,2026-05-09T19:10:15.700893+00:00
betmgm,WNBA,0f8c28106a569b3b61d33ef0c0e272ec,2026-05-09T19:35:00+00:00,Las Vegas Aces,Phoenix Mercury,total,under,-115,-110,5,167.5,167.5,0.0,2026-05-09T19:10:15.700893+00:00
fanduel,WNBA,394a702a8e29834913f57266c9f99c51,2026-05-08T23:30:00+00:00,New York Liberty,Connecticut Sun,moneyline,away,980,470,-510,,,,2026-05-08T22:30:43.088904+00:00
draftkings,WNBA,394a702a8e29834913f57266c9f99c51,2026-05-08T23:33:43+00:00,New York Liberty,Connecticut Sun,moneyline,away,1100,3000,1900,,,,2026-05-08T23:58:37.280018+00:00
betmgm,WNBA,394a702a8e29834913f57266c9f99c51,2026-05-08T23:33:43+00:00,New York Liberty,Connecticut Sun,moneyline,away,1000,1600,600,,,,2026-05-08T23:58:37.280018+00:00
betonlineag,WNBA,394a702a8e29834913f57266c9f99c51,2026-05-08T23:30:00+00:00,New York Liberty,Connecticut Sun,moneyline,away,520,446,-74,,,,2026-05-08T22:30:43.088904+00:00
fanduel,WNBA,394a702a8e29834913f57266c9f99c51,2026-05-08T23:30:00+00:00,New York Liberty,Connecticut Sun,moneyline,home,-2200,-700,1500,,,,2026-05-08T22:30:43.088904+00:00
draftkings,WNBA,394a702a8e29834913f57266c9f99c51,2026-05-08T23:33:43+00:00,New York Liberty,Connecticut Sun,moneyline,home,-2100,-20000,-17900,,,,2026-05-08T23:58:37.280018+00:00
betmgm,WNBA,394a702a8e29834913f57266c9f99c51,2026-05-08T23:33:43+00:00,New York Liberty,Connecticut Sun,moneyline,home,-2000,-10000,-8000,,,,2026-05-08T23:58:37.280018+00:00
betonlineag,WNBA,394a702a8e29834913f57266c9f99c51,2026-05-08T23:30:00+00:00,New York Liberty,Connecticut Sun,moneyline,home,-725,-600,125,,,,2026-05-08T22:30:43.088904+00:00
fanduel,WNBA,394a702a8e29834913f57266c9f99c51,2026-05-08T23:33:43+00:00,New York Liberty,Connecticut Sun,spread,away,-112,102,214,17.5,22.5,5.0,2026-05-08T23:58:37.280018+00:00
draftkings,WNBA,394a702a8e29834913f57266c9f99c51,2026-05-08T23:33:43+00:00,New York Liberty,Connecticut Sun,spread,away,-110,-120,-10,17.5,25.5,8.0,2026-05-08T23:58:37.280018+00:00
betonlineag,WNBA,394a702a8e29834913f57266c9f99c51,2026-05-08T23:30:00+00:00,New York Liberty,Connecticut Sun,spread,away,-110,-105,5,17.0,9.0,-8.0,2026-05-08T22:30:43.088904+00:00
betmgm,WNBA,394a702a8e29834913f57266c9f99c51,2026-05-08T23:33:43+00:00,New York Liberty,Connecticut Sun,spread,away,-110,-115,-5,17.5,27.5,10.0,2026-05-08T23:58:37.280018+00:00
fanduel,WNBA,394a702a8e29834913f57266c9f99c51,2026-05-08T23:33:43+00:00,New York Liberty,Connecticut Sun,spread,home,-108,-136,-28,-17.5,-22.5,-5.0,2026-05-08T23:58:37.280018+00:00
draftkings,WNBA,394a702a8e29834913f57266c9f99c51,2026-05-08T23:33:43+00:00,New York Liberty,Connecticut Sun,spread,home,-110,-110,0,-17.5,-25.5,-8.0,2026-05-08T23:58:37.280018+00:00
betonlineag,WNBA,394a702a8e29834913f57266c9f99c51,2026-05-08T23:30:00+00:00,New York Liberty,Connecticut Sun,spread,home,-110,-115,-5,-17.0,-9.0,8.0,2026-05-08T22:30:43.088904+00:00
betmgm,WNBA,394a702a8e29834913f57266c9f99c51,2026-05-08T23:33:43+00:00,New York Liberty,Connecticut Sun,spread,home,-110,-110,0,-17.5,-27.5,-10.0,2026-05-08T23:58:37.280018+00:00
fanduel,WNBA,394a702a8e29834913f57266c9f99c51,2026-05-08T23:33:43+00:00,New York Liberty,Connecticut Sun,total,over,-110,-108,2,162.5,168.5,6.0,2026-05-08T23:58:37.280018+00:00
draftkings,WNBA,394a702a8e29834913f57266c9f99c51,2026-05-08T23:33:43+00:00,New York Liberty,Connecticut Sun,total,over,-110,-120,-10,163.5,168.5,5.0,2026-05-08T23:58:37.280018+00:00
betonlineag,WNBA,394a702a8e29834913f57266c9f99c51,2026-05-08T23:30:00+00:00,New York Liberty,Connecticut Sun,total,over,-110,-118,-8,161.5,160.0,-1.5,2026-05-08T22:30:43.088904+00:00
betmgm,WNBA,394a702a8e29834913f57266c9f99c51,2026-05-08T23:33:43+00:00,New York Liberty,Connecticut Sun,total,over,-118,-120,-2,161.5,167.5,6.0,2026-05-08T23:58:37.280018+00:00
fanduel,WNBA,394a702a8e29834913f57266c9f99c51,2026-05-08T23:33:43+00:00,New York Liberty,Connecticut Sun,total,under,-110,-122,-12,162.5,168.5,6.0,2026-05-08T23:58:37.280018+00:00
draftkings,WNBA,394a702a8e29834913f57266c9f99c51,2026-05-08T23:33:43+00:00,New York Liberty,Connecticut Sun,total,under,-110,-110,0,163.5,168.5,5.0,2026-05-08T23:58:37.280018+00:00
betonlineag,WNBA,394a702a8e29834913f57266c9f99c51,2026-05-08T23:30:00+00:00,New York Liberty,Connecticut Sun,total,under,-110,-102,8,161.5,160.0,-1.5,2026-05-08T22:30:43.088904+00:00
betmgm,WNBA,394a702a8e29834913f57266c9f99c51,2026-05-08T23:33:43+00:00,New York Liberty,Connecticut Sun,total,under,-110,-105,5,161.5,167.5,6.0,2026-05-08T23:58:37.280018+00:00
fanduel,WNBA,59ccb1234de8d321e51b7bd80ffabf94,2026-05-10T17:00:00+00:00,Connecticut Sun,Seattle Storm,moneyline,away,-128,-148,-20,,,,2026-05-09T19:10:15.700893+00:00
draftkings,WNBA,59ccb1234de8d321e51b7bd80ffabf94,2026-05-10T17:00:00+00:00,Connecticut Sun,Seattle Storm,moneyline,away,-142,-142,0,,,,2026-05-09T19:10:15.700893+00:00
betmgm,WNBA,59ccb1234de8d321e51b7bd80ffabf94,2026-05-10T17:00:00+00:00,Connecticut Sun,Seattle Storm,moneyline,away,-145,-145,0,,,,2026-05-09T19:10:15.700893+00:00
fanduel,WNBA,59ccb1234de8d321e51b7bd80ffabf94,2026-05-10T17:00:00+00:00,Connecticut Sun,Seattle Storm,moneyline,home,104,120,16,,,,2026-05-09T19:10:15.700893+00:00
draftkings,WNBA,59ccb1234de8d321e51b7bd80ffabf94,2026-05-10T17:00:00+00:00,Connecticut Sun,Seattle Storm,moneyline,home,120,120,0,,,,2026-05-09T19:10:15.700893+00:00
betmgm,WNBA,59ccb1234de8d321e51b7bd80ffabf94,2026-05-10T17:00:00+00:00,Connecticut Sun,Seattle Storm,moneyline,home,120,120,0,,,,2026-05-09T19:10:15.700893+00:00
fanduel,WNBA,59ccb1234de8d321e51b7bd80ffabf94,2026-05-10T17:00:00+00:00,Connecticut Sun,Seattle Storm,spread,away,-110,-110,0,-1.5,-2.5,-1.0,2026-05-09T19:10:15.700893+00:00
draftkings,WNBA,59ccb1234de8d321e51b7bd80ffabf94,2026-05-10T17:00:00+00:00,Connecticut Sun,Seattle Storm,spread,away,-110,-110,0,-2.5,-2.5,0.0,2026-05-09T19:10:15.700893+00:00
betonlineag,WNBA,59ccb1234de8d321e51b7bd80ffabf94,2026-05-10T17:00:00+00:00,Connecticut Sun,Seattle Storm,spread,away,-110,-110,0,-2.5,-2.5,0.0,2026-05-09T19:10:15.700893+00:00
betmgm,WNBA,59ccb1234de8d321e51b7bd80ffabf94,2026-05-10T17:00:00+00:00,Connecticut Sun,Seattle Storm,spread,away,-110,-110,0,-2.5,-2.5,0.0,2026-05-09T19:10:15.700893+00:00
fanduel,WNBA,59ccb1234de8d321e51b7bd80ffabf94,2026-05-10T17:00:00+00:00,Connecticut Sun,Seattle Storm,spread,home,-110,-110,0,1.5,2.5,1.0,2026-05-09T19:10:15.700893+00:00
draftkings,WNBA,59ccb1234de8d321e51b7bd80ffabf94,2026-05-10T17:00:00+00:00,Connecticut Sun,Seattle Storm,spread,home,-110,-110,0,2.5,2.5,0.0,2026-05-09T19:10:15.700893+00:00
betonlineag,WNBA,59ccb1234de8d321e51b7bd80ffabf94,2026-05-10T17:00:00+00:00,Connecticut Sun,Seattle Storm,spread,home,-110,-110,0,2.5,2.5,0.0,2026-05-09T19:10:15.700893+00:00
betmgm,WNBA,59ccb1234de8d321e51b7bd80ffabf94,2026-05-10T17:00:00+00:00,Connecticut Sun,Seattle Storm,spread,home,-110,-110,0,2.5,2.5,0.0,2026-05-09T19:10:15.700893+00:00
fanduel,WNBA,59ccb1234de8d321e51b7bd80ffabf94,2026-05-10T17:00:00+00:00,Connecticut Sun,Seattle Storm,total,over,-105,-105,0,161.5,161.5,0.0,2026-05-09T19:10:15.700893+00:00
draftkings,WNBA,59ccb1234de8d321e51b7bd80ffabf94,2026-05-10T17:00:00+00:00,Connecticut Sun,Seattle Storm,total,over,-110,-110,0,160.5,160.5,0.0,2026-05-09T19:10:15.700893+00:00
betonlineag,WNBA,59ccb1234de8d321e51b7bd80ffabf94,2026-05-10T17:00:00+00:00,Connecticut Sun,Seattle Storm,total,over,-110,-110,0,160.5,160.5,0.0,2026-05-09T19:10:15.700893+00:00
betmgm,WNBA,59ccb1234de8d321e51b7bd80ffabf94,2026-05-10T17:00:00+00:00,Connecticut Sun,Seattle Storm,total,over,-110,-110,0,160.5,160.5,0.0,2026-05-09T19:10:15.700893+00:00
fanduel,WNBA,59ccb1234de8d321e51b7bd80ffabf94,2026-05-10T17:00:00+00:00,Connecticut Sun,Seattle Storm,total,under,-115,-115,0,161.5,161.5,0.0,2026-05-09T19:10:15.700893+00:00
draftkings,WNBA,59ccb1234de8d321e51b7bd80ffabf94,2026-05-10T17:00:00+00:00,Connecticut Sun,Seattle Storm,total,under,-110,-110,0,160.5,160.5,0.0,2026-05-09T19:10:15.700893+00:00
betonlineag,WNBA,59ccb1234de8d321e51b7bd80ffabf94,2026-05-10T17:00:00+00:00,Connecticut Sun,Seattle Storm,total,under,-110,-110,0,160.5,160.5,0.0,2026-05-09T19:10:15.700893+00:00
betmgm,WNBA,59ccb1234de8d321e51b7bd80ffabf94,2026-05-10T17:00:00+00:00,Connecticut Sun,Seattle Storm,total,under,-110,-110,0,160.5,160.5,0.0,2026-05-09T19:10:15.700893+00:00
fanduel,WNBA,616912e86364746bdaa3f23d68819458,2026-05-10T01:00:00+00:00,Portland Fire,Chicago Sky,moneyline,away,-178,-250,-72,,,,2026-05-09T19:10:15.700893+00:00
draftkings,WNBA,616912e86364746bdaa3f23d68819458,2026-05-10T01:00:00+00:00,Portland Fire,Chicago Sky,moneyline,away,-170,-245,-75,,,,2026-05-09T19:10:15.700893+00:00
betmgm,WNBA,616912e86364746bdaa3f23d68819458,2026-05-10T01:00:00+00:00,Portland Fire,Chicago Sky,moneyline,away,-165,-250,-85,,,,2026-05-09T19:10:15.700893+00:00
betonlineag,WNBA,616912e86364746bdaa3f23d68819458,2026-05-10T01:00:00+00:00,Portland Fire,Chicago Sky,moneyline,away,-195,-242,-47,,,,2026-05-09T19:10:15.700893+00:00
fanduel,WNBA,616912e86364746bdaa3f23d68819458,2026-05-10T01:00:00+00:00,Portland Fire,Chicago Sky,moneyline,home,144,198,54,,,,2026-05-09T19:10:15.700893+00:00
draftkings,WNBA,616912e86364746bdaa3f23d68819458,2026-05-10T01:00:00+00:00,Portland Fire,Chicago Sky,moneyline,home,142,200,58,,,,2026-05-09T19:10:15.700893+00:00
betmgm,WNBA,616912e86364746bdaa3f23d68819458,2026-05-10T01:00:00+00:00,Portland Fire,Chicago Sky,moneyline,home,140,200,60,,,,2026-05-09T19:10:15.700893+00:00
betonlineag,WNBA,616912e86364746bdaa3f23d68819458,2026-05-10T01:00:00+00:00,Portland Fire,Chicago Sky,moneyline,home,170,201,31,,,,2026-05-09T19:10:15.700893+00:00
fanduel,WNBA,616912e86364746bdaa3f23d68819458,2026-05-10T01:00:00+00:00,Portland Fire,Chicago Sky,spread,away,-110,-108,2,-3.5,-5.5,-2.0,2026-05-09T19:10:15.700893+00:00
draftkings,WNBA,616912e86364746bdaa3f23d68819458,2026-05-10T01:00:00+00:00,Portland Fire,Chicago Sky,spread,away,-105,-110,-5,-3.5,-5.5,-2.0,2026-05-09T19:10:15.700893+00:00
betonlineag,WNBA,616912e86364746bdaa3f23d68819458,2026-05-10T01:00:00+00:00,Portland Fire,Chicago Sky,spread,away,-110,-110,0,-3.5,-5.5,-2.0,2026-05-09T19:10:15.700893+00:00
betmgm,WNBA,616912e86364746bdaa3f23d68819458,2026-05-10T01:00:00+00:00,Portland Fire,Chicago Sky,spread,away,-115,-110,5,-4.5,-5.5,-1.0,2026-05-09T19:10:15.700893+00:00
fanduel,WNBA,616912e86364746bdaa3f23d68819458,2026-05-10T01:00:00+00:00,Portland Fire,Chicago Sky,spread,home,-110,-112,-2,3.5,5.5,2.0,2026-05-09T19:10:15.700893+00:00
draftkings,WNBA,616912e86364746bdaa3f23d68819458,2026-05-10T01:00:00+00:00,Portland Fire,Chicago Sky,spread,home,-115,-110,5,3.5,5.5,2.0,2026-05-09T19:10:15.700893+00:00
betonlineag,WNBA,616912e86364746bdaa3f23d68819458,2026-05-10T01:00:00+00:00,Portland Fire,Chicago Sky,spread,home,-110,-110,0,3.5,5.5,2.0,2026-05-09T19:10:15.700893+00:00
betmgm,WNBA,616912e86364746bdaa3f23d68819458,2026-05-10T01:00:00+00:00,Portland Fire,Chicago Sky,spread,home,-105,-110,-5,4.5,5.5,1.0,2026-05-09T19:10:15.700893+00:00
fanduel,WNBA,616912e86364746bdaa3f23d68819458,2026-05-10T01:00:00+00:00,Portland Fire,Chicago Sky,total,over,-110,-118,-8,158.5,162.5,4.0,2026-05-09T19:10:15.700893+00:00
draftkings,WNBA,616912e86364746bdaa3f23d68819458,2026-05-10T01:00:00+00:00,Portland Fire,Chicago Sky,total,over,-110,-108,2,158.5,163.5,5.0,2026-05-09T19:10:15.700893+00:00
betonlineag,WNBA,616912e86364746bdaa3f23d68819458,2026-05-10T01:00:00+00:00,Portland Fire,Chicago Sky,total,over,-110,-110,0,158.5,163.0,4.5,2026-05-09T19:10:15.700893+00:00
betmgm,WNBA,616912e86364746bdaa3f23d68819458,2026-05-10T01:00:00+00:00,Portland Fire,Chicago Sky,total,over,-115,-110,5,158.5,163.5,5.0,2026-05-09T19:10:15.700893+00:00
fanduel,WNBA,616912e86364746bdaa3f23d68819458,2026-05-10T01:00:00+00:00,Portland Fire,Chicago Sky,total,under,-110,-104,6,158.5,162.5,4.0,2026-05-09T19:10:15.700893+00:00
draftkings,WNBA,616912e86364746bdaa3f23d68819458,2026-05-10T01:00:00+00:00,Portland Fire,Chicago Sky,total,under,-110,-112,-2,158.5,163.5,5.0,2026-05-09T19:10:15.700893+00:00
betonlineag,WNBA,616912e86364746bdaa3f23d68819458,2026-05-10T01:00:00+00:00,Portland Fire,Chicago Sky,total,under,-110,-110,0,158.5,163.0,4.5,2026-05-09T19:10:15.700893+00:00
betmgm,WNBA,616912e86364746bdaa3f23d68819458,2026-05-10T01:00:00+00:00,Portland Fire,Chicago Sky,total,under,-105,-118,-13,158.5,163.5,5.0,2026-05-09T19:10:15.700893+00:00
fanduel,WNBA,7963aa3e6d6d0fb209840befe67daa94,2026-05-03T23:11:00+00:00,Dallas Wings,Las Vegas Aces,moneyline,away,-250,-210,40,,,,2026-05-03T23:11:27.828923+00:00
betmgm,WNBA,7963aa3e6d6d0fb209840befe67daa94,2026-05-03T23:11:00+00:00,Dallas Wings,Las Vegas Aces,moneyline,away,-220,-185,35,,,,2026-05-03T23:11:27.828923+00:00
fanduel,WNBA,7963aa3e6d6d0fb209840befe67daa94,2026-05-03T23:11:00+00:00,Dallas Wings,Las Vegas Aces,moneyline,home,198,162,-36,,,,2026-05-03T23:11:27.828923+00:00
betmgm,WNBA,7963aa3e6d6d0fb209840befe67daa94,2026-05-03T23:11:00+00:00,Dallas Wings,Las Vegas Aces,moneyline,home,180,150,-30,,,,2026-05-03T23:11:27.828923+00:00
fanduel,WNBA,7963aa3e6d6d0fb209840befe67daa94,2026-05-03T23:11:00+00:00,Dallas Wings,Las Vegas Aces,spread,away,-112,-110,2,-5.5,-4.5,1.0,2026-05-03T23:11:27.828923+00:00
betonlineag,WNBA,7963aa3e6d6d0fb209840befe67daa94,2026-05-03T23:11:00+00:00,Dallas Wings,Las Vegas Aces,spread,away,-110,-110,0,-5.5,-3.5,2.0,2026-05-03T23:11:27.828923+00:00
betmgm,WNBA,7963aa3e6d6d0fb209840befe67daa94,2026-05-03T23:11:00+00:00,Dallas Wings,Las Vegas Aces,spread,away,-110,-105,5,-5.5,-4.5,1.0,2026-05-03T23:11:27.828923+00:00
fanduel,WNBA,7963aa3e6d6d0fb209840befe67daa94,2026-05-03T23:11:00+00:00,Dallas Wings,Las Vegas Aces,spread,home,-108,-120,-12,5.5,4.5,-1.0,2026-05-03T23:11:27.828923+00:00
betonlineag,WNBA,7963aa3e6d6d0fb209840befe67daa94,2026-05-03T23:11:00+00:00,Dallas Wings,Las Vegas Aces,spread,home,-110,-110,0,5.5,3.5,-2.0,2026-05-03T23:11:27.828923+00:00
betmgm,WNBA,7963aa3e6d6d0fb209840befe67daa94,2026-05-03T23:11:00+00:00,Dallas Wings,Las Vegas Aces,spread,home,-110,-115,-5,5.5,4.5,-1.0,2026-05-03T23:11:27.828923+00:00
fanduel,WNBA,7963aa3e6d6d0fb209840befe67daa94,2026-05-03T23:11:00+00:00,Dallas Wings,Las Vegas Aces,total,over,-112,-108,4,168.5,172.5,4.0,2026-05-03T23:11:27.828923+00:00
betonlineag,WNBA,7963aa3e6d6d0fb209840befe67daa94,2026-05-03T23:11:00+00:00,Dallas Wings,Las Vegas Aces,total,over,-110,-115,-5,170.0,172.0,2.0,2026-05-03T23:11:27.828923+00:00
betmgm,WNBA,7963aa3e6d6d0fb209840befe67daa94,2026-05-03T23:11:00+00:00,Dallas Wings,Las Vegas Aces,total,over,-110,-120,-10,169.5,171.5,2.0,2026-05-03T23:11:27.828923+00:00
fanduel,WNBA,7963aa3e6d6d0fb209840befe67daa94,2026-05-03T23:11:00+00:00,Dallas Wings,Las Vegas Aces,total,under,-108,-122,-14,168.5,172.5,4.0,2026-05-03T23:11:27.828923+00:00
betonlineag,WNBA,7963aa3e6d6d0fb209840befe67daa94,2026-05-03T23:11:00+00:00,Dallas Wings,Las Vegas Aces,total,under,-110,-105,5,170.0,172.0,2.0,2026-05-03T23:11:27.828923+00:00
betmgm,WNBA,7963aa3e6d6d0fb209840befe67daa94,2026-05-03T23:11:00+00:00,Dallas Wings,Las Vegas Aces,total,under,-110,-110,0,169.5,171.5,2.0,2026-05-03T23:11:27.828923+00:00
fanduel,WNBA,86895b0b3f3f6acd26e598a8e69158ce,2026-05-03T21:00:00+00:00,Connecticut Sun,New York Liberty,moneyline,away,-590,-720,-130,,,,2026-05-03T21:10:53.148231+00:00
betmgm,WNBA,86895b0b3f3f6acd26e598a8e69158ce,2026-05-03T21:00:00+00:00,Connecticut Sun,New York Liberty,moneyline,away,-550,-600,-50,,,,2026-05-03T21:10:53.148231+00:00
fanduel,WNBA,86895b0b3f3f6acd26e598a8e69158ce,2026-05-03T21:00:00+00:00,Connecticut Sun,New York Liberty,moneyline,home,410,450,40,,,,2026-05-03T21:10:53.148231+00:00
betmgm,WNBA,86895b0b3f3f6acd26e598a8e69158ce,2026-05-03T21:00:00+00:00,Connecticut Sun,New York Liberty,moneyline,home,400,375,-25,,,,2026-05-03T21:10:53.148231+00:00
fanduel,WNBA,86895b0b3f3f6acd26e598a8e69158ce,2026-05-03T21:00:00+00:00,Connecticut Sun,New York Liberty,spread,away,-110,-114,-4,-10.5,-9.5,1.0,2026-05-03T23:11:27.828923+00:00
betmgm,WNBA,86895b0b3f3f6acd26e598a8e69158ce,2026-05-03T21:00:00+00:00,Connecticut Sun,New York Liberty,spread,away,-118,500,618,-10.5,-12.5,-2.0,2026-05-03T23:11:27.828923+00:00
betonlineag,WNBA,86895b0b3f3f6acd26e598a8e69158ce,2026-05-03T21:00:00+00:00,Connecticut Sun,New York Liberty,spread,away,-110,-110,0,-10.5,-8.5,2.0,2026-05-03T21:10:53.148231+00:00
fanduel,WNBA,86895b0b3f3f6acd26e598a8e69158ce,2026-05-03T21:00:00+00:00,Connecticut Sun,New York Liberty,spread,home,-110,-114,-4,10.5,9.5,-1.0,2026-05-03T23:11:27.828923+00:00
betmgm,WNBA,86895b0b3f3f6acd26e598a8e69158ce,2026-05-03T21:00:00+00:00,Connecticut Sun,New York Liberty,spread,home,-102,-800,-698,10.5,12.5,2.0,2026-05-03T23:11:27.828923+00:00
betonlineag,WNBA,86895b0b3f3f6acd26e598a8e69158ce,2026-05-03T21:00:00+00:00,Connecticut Sun,New York Liberty,spread,home,-110,-110,0,10.5,8.5,-2.0,2026-05-03T21:10:53.148231+00:00
fanduel,WNBA,86895b0b3f3f6acd26e598a8e69158ce,2026-05-03T21:00:00+00:00,Connecticut Sun,New York Liberty,total,over,-110,-138,-28,161.5,160.5,-1.0,2026-05-03T21:10:53.148231+00:00
betmgm,WNBA,86895b0b3f3f6acd26e598a8e69158ce,2026-05-03T21:00:00+00:00,Connecticut Sun,New York Liberty,total,over,-110,400,510,161.5,146.5,-15.0,2026-05-03T23:11:27.828923+00:00
betonlineag,WNBA,86895b0b3f3f6acd26e598a8e69158ce,2026-05-03T21:00:00+00:00,Connecticut Sun,New York Liberty,total,over,-115,-115,0,161.5,165.0,3.5,2026-05-03T21:10:53.148231+00:00
fanduel,WNBA,86895b0b3f3f6acd26e598a8e69158ce,2026-05-03T21:00:00+00:00,Connecticut Sun,New York Liberty,total,under,-110,104,214,161.5,160.5,-1.0,2026-05-03T21:10:53.148231+00:00
betmgm,WNBA,86895b0b3f3f6acd26e598a8e69158ce,2026-05-03T21:00:00+00:00,Connecticut Sun,New York Liberty,total,under,-110,-625,-515,161.5,146.5,-15.0,2026-05-03T23:11:27.828923+00:00
betonlineag,WNBA,86895b0b3f3f6acd26e598a8e69158ce,2026-05-03T21:00:00+00:00,Connecticut Sun,New York Liberty,total,under,-105,-105,0,161.5,165.0,3.5,2026-05-03T21:10:53.148231+00:00
fanduel,WNBA,b692d09e8b6baf1cbac0e813043179bf,2026-05-10T00:00:00+00:00,Minnesota Lynx,Atlanta Dream,moneyline,away,-140,-194,-54,,,,2026-05-09T19:10:15.700893+00:00
draftkings,WNBA,b692d09e8b6baf1cbac0e813043179bf,2026-05-10T00:00:00+00:00,Minnesota Lynx,Atlanta Dream,moneyline,away,-155,-205,-50,,,,2026-05-09T19:10:15.700893+00:00
betmgm,WNBA,b692d09e8b6baf1cbac0e813043179bf,2026-05-10T00:00:00+00:00,Minnesota Lynx,Atlanta Dream,moneyline,away,-145,-200,-55,,,,2026-05-09T19:10:15.700893+00:00
betonlineag,WNBA,b692d09e8b6baf1cbac0e813043179bf,2026-05-10T00:00:00+00:00,Minnesota Lynx,Atlanta Dream,moneyline,away,-170,-190,-20,,,,2026-05-09T19:10:15.700893+00:00
fanduel,WNBA,b692d09e8b6baf1cbac0e813043179bf,2026-05-10T00:00:00+00:00,Minnesota Lynx,Atlanta Dream,moneyline,home,112,156,44,,,,2026-05-09T19:10:15.700893+00:00
draftkings,WNBA,b692d09e8b6baf1cbac0e813043179bf,2026-05-10T00:00:00+00:00,Minnesota Lynx,Atlanta Dream,moneyline,home,130,170,40,,,,2026-05-09T19:10:15.700893+00:00
betmgm,WNBA,b692d09e8b6baf1cbac0e813043179bf,2026-05-10T00:00:00+00:00,Minnesota Lynx,Atlanta Dream,moneyline,home,120,165,45,,,,2026-05-09T19:10:15.700893+00:00
betonlineag,WNBA,b692d09e8b6baf1cbac0e813043179bf,2026-05-10T00:00:00+00:00,Minnesota Lynx,Atlanta Dream,moneyline,home,149,165,16,,,,2026-05-09T19:10:15.700893+00:00
fanduel,WNBA,b692d09e8b6baf1cbac0e813043179bf,2026-05-10T00:00:00+00:00,Minnesota Lynx,Atlanta Dream,spread,away,-114,-110,4,-1.5,-4.5,-3.0,2026-05-09T19:10:15.700893+00:00
draftkings,WNBA,b692d09e8b6baf1cbac0e813043179bf,2026-05-10T00:00:00+00:00,Minnesota Lynx,Atlanta Dream,spread,away,-112,-115,-3,-2.5,-4.5,-2.0,2026-05-09T19:10:15.700893+00:00
betonlineag,WNBA,b692d09e8b6baf1cbac0e813043179bf,2026-05-10T00:00:00+00:00,Minnesota Lynx,Atlanta Dream,spread,away,-110,-110,0,-2.5,-4.5,-2.0,2026-05-09T19:10:15.700893+00:00
betmgm,WNBA,b692d09e8b6baf1cbac0e813043179bf,2026-05-10T00:00:00+00:00,Minnesota Lynx,Atlanta Dream,spread,away,-110,-115,-5,-2.5,-4.5,-2.0,2026-05-09T19:10:15.700893+00:00
fanduel,WNBA,b692d09e8b6baf1cbac0e813043179bf,2026-05-10T00:00:00+00:00,Minnesota Lynx,Atlanta Dream,spread,home,-106,-110,-4,1.5,4.5,3.0,2026-05-09T19:10:15.700893+00:00
draftkings,WNBA,b692d09e8b6baf1cbac0e813043179bf,2026-05-10T00:00:00+00:00,Minnesota Lynx,Atlanta Dream,spread,home,-108,-105,3,2.5,4.5,2.0,2026-05-09T19:10:15.700893+00:00
betonlineag,WNBA,b692d09e8b6baf1cbac0e813043179bf,2026-05-10T00:00:00+00:00,Minnesota Lynx,Atlanta Dream,spread,home,-110,-110,0,2.5,4.5,2.0,2026-05-09T19:10:15.700893+00:00
betmgm,WNBA,b692d09e8b6baf1cbac0e813043179bf,2026-05-10T00:00:00+00:00,Minnesota Lynx,Atlanta Dream,spread,home,-110,-105,5,2.5,4.5,2.0,2026-05-09T19:10:15.700893+00:00
fanduel,WNBA,b692d09e8b6baf1cbac0e813043179bf,2026-05-10T00:00:00+00:00,Minnesota Lynx,Atlanta Dream,total,over,-112,-118,-6,157.5,158.5,1.0,2026-05-09T19:10:15.700893+00:00
draftkings,WNBA,b692d09e8b6baf1cbac0e813043179bf,2026-05-10T00:00:00+00:00,Minnesota Lynx,Atlanta Dream,total,over,-110,-112,-2,157.5,158.5,1.0,2026-05-09T19:10:15.700893+00:00
betonlineag,WNBA,b692d09e8b6baf1cbac0e813043179bf,2026-05-10T00:00:00+00:00,Minnesota Lynx,Atlanta Dream,total,over,-110,-112,-2,157.5,159.0,1.5,2026-05-09T19:10:15.700893+00:00
betmgm,WNBA,b692d09e8b6baf1cbac0e813043179bf,2026-05-10T00:00:00+00:00,Minnesota Lynx,Atlanta Dream,total,over,-110,-115,-5,157.5,158.5,1.0,2026-05-09T19:10:15.700893+00:00
fanduel,WNBA,b692d09e8b6baf1cbac0e813043179bf,2026-05-10T00:00:00+00:00,Minnesota Lynx,Atlanta Dream,total,under,-108,-104,4,157.5,158.5,1.0,2026-05-09T19:10:15.700893+00:00
draftkings,WNBA,b692d09e8b6baf1cbac0e813043179bf,2026-05-10T00:00:00+00:00,Minnesota Lynx,Atlanta Dream,total,under,-110,-108,2,157.5,158.5,1.0,2026-05-09T19:10:15.700893+00:00
betonlineag,WNBA,b692d09e8b6baf1cbac0e813043179bf,2026-05-10T00:00:00+00:00,Minnesota Lynx,Atlanta Dream,total,under,-110,-108,2,157.5,159.0,1.5,2026-05-09T19:10:15.700893+00:00
betmgm,WNBA,b692d09e8b6baf1cbac0e813043179bf,2026-05-10T00:00:00+00:00,Minnesota Lynx,Atlanta Dream,total,under,-110,-105,5,157.5,158.5,1.0,2026-05-09T19:10:15.700893+00:00
draftkings,WNBA,cc10e0482e68ed9de54b97d21c46596e,2026-05-08T23:34:15+00:00,Toronto Tempo,Washington Mystics,moneyline,away,114,-160,-274,,,,2026-05-08T23:58:37.280018+00:00
fanduel,WNBA,cc10e0482e68ed9de54b97d21c46596e,2026-05-08T23:34:15+00:00,Toronto Tempo,Washington Mystics,moneyline,away,106,-146,-252,,,,2026-05-08T23:58:37.280018+00:00
betmgm,WNBA,cc10e0482e68ed9de54b97d21c46596e,2026-05-08T23:34:15+00:00,Toronto Tempo,Washington Mystics,moneyline,away,105,-160,-265,,,,2026-05-08T23:58:37.280018+00:00
betonlineag,WNBA,cc10e0482e68ed9de54b97d21c46596e,2026-05-08T23:30:00+00:00,Toronto Tempo,Washington Mystics,moneyline,away,-102,-103,-1,,,,2026-05-08T22:30:43.088904+00:00
draftkings,WNBA,cc10e0482e68ed9de54b97d21c46596e,2026-05-08T23:34:15+00:00,Toronto Tempo,Washington Mystics,moneyline,home,-135,124,259,,,,2026-05-08T23:58:37.280018+00:00
fanduel,WNBA,cc10e0482e68ed9de54b97d21c46596e,2026-05-08T23:34:15+00:00,Toronto Tempo,Washington Mystics,moneyline,home,-130,114,244,,,,2026-05-08T23:58:37.280018+00:00
betmgm,WNBA,cc10e0482e68ed9de54b97d21c46596e,2026-05-08T23:34:15+00:00,Toronto Tempo,Washington Mystics,moneyline,home,-125,125,250,,,,2026-05-08T23:58:37.280018+00:00
betonlineag,WNBA,cc10e0482e68ed9de54b97d21c46596e,2026-05-08T23:30:00+00:00,Toronto Tempo,Washington Mystics,moneyline,home,-118,-117,1,,,,2026-05-08T22:30:43.088904+00:00
draftkings,WNBA,cc10e0482e68ed9de54b97d21c46596e,2026-05-08T23:34:15+00:00,Toronto Tempo,Washington Mystics,spread,away,-118,-110,8,2.5,-2.5,-5.0,2026-05-08T23:58:37.280018+00:00
fanduel,WNBA,cc10e0482e68ed9de54b97d21c46596e,2026-05-08T23:34:15+00:00,Toronto Tempo,Washington Mystics,spread,away,-110,-125,-15,1.5,-1.5,-3.0,2026-05-08T23:58:37.280018+00:00
betonlineag,WNBA,cc10e0482e68ed9de54b97d21c46596e,2026-05-08T23:30:00+00:00,Toronto Tempo,Washington Mystics,spread,away,-110,-108,2,1.5,1.0,-0.5,2026-05-08T22:30:43.088904+00:00
betmgm,WNBA,cc10e0482e68ed9de54b97d21c46596e,2026-05-08T23:34:15+00:00,Toronto Tempo,Washington Mystics,spread,away,-110,-118,-8,1.5,-2.5,-4.0,2026-05-08T23:58:37.280018+00:00
draftkings,WNBA,cc10e0482e68ed9de54b97d21c46596e,2026-05-08T23:34:15+00:00,Toronto Tempo,Washington Mystics,spread,home,-102,-120,-18,-2.5,2.5,5.0,2026-05-08T23:58:37.280018+00:00
fanduel,WNBA,cc10e0482e68ed9de54b97d21c46596e,2026-05-08T23:34:15+00:00,Toronto Tempo,Washington Mystics,spread,home,-110,-106,4,-1.5,1.5,3.0,2026-05-08T23:58:37.280018+00:00
betonlineag,WNBA,cc10e0482e68ed9de54b97d21c46596e,2026-05-08T23:30:00+00:00,Toronto Tempo,Washington Mystics,spread,home,-110,-112,-2,-1.5,-1.0,0.5,2026-05-08T22:30:43.088904+00:00
betmgm,WNBA,cc10e0482e68ed9de54b97d21c46596e,2026-05-08T23:34:15+00:00,Toronto Tempo,Washington Mystics,spread,home,-110,-110,0,-1.5,2.5,4.0,2026-05-08T23:58:37.280018+00:00
draftkings,WNBA,cc10e0482e68ed9de54b97d21c46596e,2026-05-08T23:34:15+00:00,Toronto Tempo,Washington Mystics,total,over,-110,-110,0,160.5,147.5,-13.0,2026-05-08T23:58:37.280018+00:00
fanduel,WNBA,cc10e0482e68ed9de54b97d21c46596e,2026-05-08T23:34:15+00:00,Toronto Tempo,Washington Mystics,total,over,-110,-102,8,159.5,148.5,-11.0,2026-05-08T23:58:37.280018+00:00
betonlineag,WNBA,cc10e0482e68ed9de54b97d21c46596e,2026-05-08T23:30:00+00:00,Toronto Tempo,Washington Mystics,total,over,-110,-105,5,159.5,161.0,1.5,2026-05-08T22:30:43.088904+00:00
betmgm,WNBA,cc10e0482e68ed9de54b97d21c46596e,2026-05-08T23:34:15+00:00,Toronto Tempo,Washington Mystics,total,over,-110,-118,-8,159.5,145.5,-14.0,2026-05-08T23:58:37.280018+00:00
draftkings,WNBA,cc10e0482e68ed9de54b97d21c46596e,2026-05-08T23:34:15+00:00,Toronto Tempo,Washington Mystics,total,under,-110,-120,-10,160.5,147.5,-13.0,2026-05-08T23:58:37.280018+00:00
fanduel,WNBA,cc10e0482e68ed9de54b97d21c46596e,2026-05-08T23:34:15+00:00,Toronto Tempo,Washington Mystics,total,under,-110,-130,-20,159.5,148.5,-11.0,2026-05-08T23:58:37.280018+00:00
betonlineag,WNBA,cc10e0482e68ed9de54b97d21c46596e,2026-05-08T23:30:00+00:00,Toronto Tempo,Washington Mystics,total,under,-110,-115,-5,159.5,161.0,1.5,2026-05-08T22:30:43.088904+00:00
betmgm,WNBA,cc10e0482e68ed9de54b97d21c46596e,2026-05-08T23:34:15+00:00,Toronto Tempo,Washington Mystics,total,under,-110,-110,0,159.5,145.5,-14.0,2026-05-08T23:58:37.280018+00:00
fanduel,WNBA,d106ac0c53a87b8b75a03ed7dc47c0c9,2026-05-03T19:03:00+00:00,Atlanta Dream,Washington Mystics,moneyline,away,220,215,-5,,,,2026-05-03T19:06:50.749736+00:00
betmgm,WNBA,d106ac0c53a87b8b75a03ed7dc47c0c9,2026-05-03T19:03:00+00:00,Atlanta Dream,Washington Mystics,moneyline,away,220,185,-35,,,,2026-05-03T19:06:50.749736+00:00
fanduel,WNBA,d106ac0c53a87b8b75a03ed7dc47c0c9,2026-05-03T19:03:00+00:00,Atlanta Dream,Washington Mystics,moneyline,home,-290,-290,0,,,,2026-05-03T19:06:50.749736+00:00
betmgm,WNBA,d106ac0c53a87b8b75a03ed7dc47c0c9,2026-05-03T19:03:00+00:00,Atlanta Dream,Washington Mystics,moneyline,home,-275,-250,25,,,,2026-05-03T19:06:50.749736+00:00
fanduel,WNBA,d106ac0c53a87b8b75a03ed7dc47c0c9,2026-05-03T19:03:00+00:00,Atlanta Dream,Washington Mystics,spread,away,-110,110,220,6.5,4.5,-2.0,2026-05-03T19:06:50.749736+00:00
betmgm,WNBA,d106ac0c53a87b8b75a03ed7dc47c0c9,2026-05-03T19:03:00+00:00,Atlanta Dream,Washington Mystics,spread,away,-110,-118,-8,6.5,6.5,0.0,2026-05-03T19:06:50.749736+00:00
betonlineag,WNBA,d106ac0c53a87b8b75a03ed7dc47c0c9,2026-05-03T19:03:00+00:00,Atlanta Dream,Washington Mystics,spread,away,-110,-110,0,6.5,5.5,-1.0,2026-05-03T19:06:50.749736+00:00
fanduel,WNBA,d106ac0c53a87b8b75a03ed7dc47c0c9,2026-05-03T19:03:00+00:00,Atlanta Dream,Washington Mystics,spread,home,-110,-146,-36,-6.5,-4.5,2.0,2026-05-03T19:06:50.749736+00:00
betmgm,WNBA,d106ac0c53a87b8b75a03ed7dc47c0c9,2026-05-03T19:03:00+00:00,Atlanta Dream,Washington Mystics,spread,home,-110,-110,0,-6.5,-6.5,0.0,2026-05-03T19:06:50.749736+00:00
betonlineag,WNBA,d106ac0c53a87b8b75a03ed7dc47c0c9,2026-05-03T19:03:00+00:00,Atlanta Dream,Washington Mystics,spread,home,-110,-110,0,-6.5,-5.5,1.0,2026-05-03T19:06:50.749736+00:00
fanduel,WNBA,d106ac0c53a87b8b75a03ed7dc47c0c9,2026-05-03T19:03:00+00:00,Atlanta Dream,Washington Mystics,total,over,-110,-118,-8,159.5,162.5,3.0,2026-05-03T19:06:50.749736+00:00
betmgm,WNBA,d106ac0c53a87b8b75a03ed7dc47c0c9,2026-05-03T19:03:00+00:00,Atlanta Dream,Washington Mystics,total,over,-110,-110,0,159.5,164.5,5.0,2026-05-03T19:06:50.749736+00:00
betonlineag,WNBA,d106ac0c53a87b8b75a03ed7dc47c0c9,2026-05-03T19:03:00+00:00,Atlanta Dream,Washington Mystics,total,over,-115,-110,5,159.5,162.0,2.5,2026-05-03T19:06:50.749736+00:00
fanduel,WNBA,d106ac0c53a87b8b75a03ed7dc47c0c9,2026-05-03T19:03:00+00:00,Atlanta Dream,Washington Mystics,total,under,-110,-112,-2,159.5,162.5,3.0,2026-05-03T19:06:50.749736+00:00
betmgm,WNBA,d106ac0c53a87b8b75a03ed7dc47c0c9,2026-05-03T19:03:00+00:00,Atlanta Dream,Washington Mystics,total,under,-110,-115,-5,159.5,164.5,5.0,2026-05-03T19:06:50.749736+00:00
betonlineag,WNBA,d106ac0c53a87b8b75a03ed7dc47c0c9,2026-05-03T19:03:00+00:00,Atlanta Dream,Washington Mystics,total,under,-105,-110,-5,159.5,162.0,2.5,2026-05-03T19:06:50.749736+00:00
fanduel,WNBA,e1cb98ab4553cf00aa43cfb488c8b853,2026-05-03T23:10:00+00:00,Portland Fire,Los Angeles Sparks,moneyline,away,-280,-360,-80,,,,2026-05-03T23:11:27.828923+00:00
betmgm,WNBA,e1cb98ab4553cf00aa43cfb488c8b853,2026-05-03T23:10:00+00:00,Portland Fire,Los Angeles Sparks,moneyline,away,-275,-295,-20,,,,2026-05-03T23:11:27.828923+00:00
fanduel,WNBA,e1cb98ab4553cf00aa43cfb488c8b853,2026-05-03T23:10:00+00:00,Portland Fire,Los Angeles Sparks,moneyline,home,220,260,40,,,,2026-05-03T23:11:27.828923+00:00
betmgm,WNBA,e1cb98ab4553cf00aa43cfb488c8b853,2026-05-03T23:10:00+00:00,Portland Fire,Los Angeles Sparks,moneyline,home,220,210,-10,,,,2026-05-03T23:11:27.828923+00:00
fanduel,WNBA,e1cb98ab4553cf00aa43cfb488c8b853,2026-05-03T23:10:00+00:00,Portland Fire,Los Angeles Sparks,spread,away,-110,-118,-8,-6.5,-7.5,-1.0,2026-05-03T23:11:27.828923+00:00
betonlineag,WNBA,e1cb98ab4553cf00aa43cfb488c8b853,2026-05-03T23:10:00+00:00,Portland Fire,Los Angeles Sparks,spread,away,-110,-115,-5,-7.5,-8.0,-0.5,2026-05-03T23:11:27.828923+00:00
fanduel,WNBA,e1cb98ab4553cf00aa43cfb488c8b853,2026-05-03T23:10:00+00:00,Portland Fire,Los Angeles Sparks,spread,home,-110,-112,-2,6.5,7.5,1.0,2026-05-03T23:11:27.828923+00:00
betonlineag,WNBA,e1cb98ab4553cf00aa43cfb488c8b853,2026-05-03T23:10:00+00:00,Portland Fire,Los Angeles Sparks,spread,home,-110,-105,5,7.5,8.0,0.5,2026-05-03T23:11:27.828923+00:00
fanduel,WNBA,e1cb98ab4553cf00aa43cfb488c8b853,2026-05-03T23:10:00+00:00,Portland Fire,Los Angeles Sparks,total,over,-108,110,218,169.5,171.5,2.0,2026-05-03T23:11:27.828923+00:00
betmgm,WNBA,e1cb98ab4553cf00aa43cfb488c8b853,2026-05-03T23:10:00+00:00,Portland Fire,Los Angeles Sparks,total,over,-110,-110,0,170.5,170.5,0.0,2026-05-03T23:11:27.828923+00:00
betonlineag,WNBA,e1cb98ab4553cf00aa43cfb488c8b853,2026-05-03T23:10:00+00:00,Portland Fire,Los Angeles Sparks,total,over,-110,-115,-5,171.0,172.0,1.0,2026-05-03T23:11:27.828923+00:00
fanduel,WNBA,e1cb98ab4553cf00aa43cfb488c8b853,2026-05-03T23:10:00+00:00,Portland Fire,Los Angeles Sparks,total,under,-112,-146,-34,169.5,171.5,2.0,2026-05-03T23:11:27.828923+00:00
betmgm,WNBA,e1cb98ab4553cf00aa43cfb488c8b853,2026-05-03T23:10:00+00:00,Portland Fire,Los Angeles Sparks,total,under,-110,-115,-5,170.5,170.5,0.0,2026-05-03T23:11:27.828923+00:00
betonlineag,WNBA,e1cb98ab4553cf00aa43cfb488c8b853,2026-05-03T23:10:00+00:00,Portland Fire,Los Angeles Sparks,total,under,-110,-105,5,171.0,172.0,1.0,2026-05-03T23:11:27.828923+00:00
fanduel,WNBA,e28d54c8b0fc7378902ab7a5c361d19d,2026-05-09T17:03:36+00:00,Indiana Fever,Dallas Wings,moneyline,away,250,-215,-465,,,,2026-05-09T19:10:15.700893+00:00
draftkings,WNBA,e28d54c8b0fc7378902ab7a5c361d19d,2026-05-09T17:03:36+00:00,Indiana Fever,Dallas Wings,moneyline,away,260,-220,-480,,,,2026-05-09T19:10:15.700893+00:00
betmgm,WNBA,e28d54c8b0fc7378902ab7a5c361d19d,2026-05-09T17:03:36+00:00,Indiana Fever,Dallas Wings,moneyline,away,230,-185,-415,,,,2026-05-09T19:10:15.700893+00:00
betonlineag,WNBA,e28d54c8b0fc7378902ab7a5c361d19d,2026-05-09T17:00:00+00:00,Indiana Fever,Dallas Wings,moneyline,away,230,192,-38,,,,2026-05-09T15:39:24.873304+00:00
fanduel,WNBA,e28d54c8b0fc7378902ab7a5c361d19d,2026-05-09T17:03:36+00:00,Indiana Fever,Dallas Wings,moneyline,home,-325,164,489,,,,2026-05-09T19:10:15.700893+00:00
draftkings,WNBA,e28d54c8b0fc7378902ab7a5c361d19d,2026-05-09T17:03:36+00:00,Indiana Fever,Dallas Wings,moneyline,home,-325,170,495,,,,2026-05-09T19:10:15.700893+00:00
betmgm,WNBA,e28d54c8b0fc7378902ab7a5c361d19d,2026-05-09T17:03:36+00:00,Indiana Fever,Dallas Wings,moneyline,home,-295,140,435,,,,2026-05-09T19:10:15.700893+00:00
betonlineag,WNBA,e28d54c8b0fc7378902ab7a5c361d19d,2026-05-09T17:00:00+00:00,Indiana Fever,Dallas Wings,moneyline,home,-280,-230,50,,,,2026-05-09T15:39:24.873304+00:00
fanduel,WNBA,e28d54c8b0fc7378902ab7a5c361d19d,2026-05-09T17:03:36+00:00,Indiana Fever,Dallas Wings,spread,away,-106,-122,-16,7.5,-1.5,-9.0,2026-05-09T19:10:15.700893+00:00
draftkings,WNBA,e28d54c8b0fc7378902ab7a5c361d19d,2026-05-09T17:03:36+00:00,Indiana Fever,Dallas Wings,spread,away,-110,-120,-10,7.5,-1.5,-9.0,2026-05-09T19:10:15.700893+00:00
betmgm,WNBA,e28d54c8b0fc7378902ab7a5c361d19d,2026-05-09T17:03:36+00:00,Indiana Fever,Dallas Wings,spread,away,-105,-110,-5,7.5,-1.5,-9.0,2026-05-09T19:10:15.700893+00:00
betonlineag,WNBA,e28d54c8b0fc7378902ab7a5c361d19d,2026-05-09T17:00:00+00:00,Indiana Fever,Dallas Wings,spread,away,-110,-115,-5,7.5,5.5,-2.0,2026-05-09T15:39:24.873304+00:00
fanduel,WNBA,e28d54c8b0fc7378902ab7a5c361d19d,2026-05-09T17:03:36+00:00,Indiana Fever,Dallas Wings,spread,home,-114,-108,6,-7.5,1.5,9.0,2026-05-09T19:10:15.700893+00:00
draftkings,WNBA,e28d54c8b0fc7378902ab7a5c361d19d,2026-05-09T17:03:36+00:00,Indiana Fever,Dallas Wings,spread,home,-110,-110,0,-7.5,1.5,9.0,2026-05-09T19:10:15.700893+00:00
betmgm,WNBA,e28d54c8b0fc7378902ab7a5c361d19d,2026-05-09T17:03:36+00:00,Indiana Fever,Dallas Wings,spread,home,-115,-118,-3,-7.5,1.5,9.0,2026-05-09T19:10:15.700893+00:00
betonlineag,WNBA,e28d54c8b0fc7378902ab7a5c361d19d,2026-05-09T17:00:00+00:00,Indiana Fever,Dallas Wings,spread,home,-110,-105,5,-7.5,-5.5,2.0,2026-05-09T15:39:24.873304+00:00
fanduel,WNBA,e28d54c8b0fc7378902ab7a5c361d19d,2026-05-09T17:03:36+00:00,Indiana Fever,Dallas Wings,total,over,-110,-120,-10,175.5,195.5,20.0,2026-05-09T17:53:10.498267+00:00
draftkings,WNBA,e28d54c8b0fc7378902ab7a5c361d19d,2026-05-09T17:03:36+00:00,Indiana Fever,Dallas Wings,total,over,-110,-115,-5,175.5,209.5,34.0,2026-05-09T19:10:15.700893+00:00
betmgm,WNBA,e28d54c8b0fc7378902ab7a5c361d19d,2026-05-09T17:03:36+00:00,Indiana Fever,Dallas Wings,total,over,-105,-120,-15,175.5,210.5,35.0,2026-05-09T19:10:15.700893+00:00
betonlineag,WNBA,e28d54c8b0fc7378902ab7a5c361d19d,2026-05-09T17:00:00+00:00,Indiana Fever,Dallas Wings,total,over,-110,-113,-3,176.0,178.5,2.5,2026-05-09T15:39:24.873304+00:00
fanduel,WNBA,e28d54c8b0fc7378902ab7a5c361d19d,2026-05-09T17:03:36+00:00,Indiana Fever,Dallas Wings,total,under,-110,-110,0,175.5,195.5,20.0,2026-05-09T17:53:10.498267+00:00
draftkings,WNBA,e28d54c8b0fc7378902ab7a5c361d19d,2026-05-09T17:03:36+00:00,Indiana Fever,Dallas Wings,total,under,-110,-115,-5,175.5,209.5,34.0,2026-05-09T19:10:15.700893+00:00
betmgm,WNBA,e28d54c8b0fc7378902ab7a5c361d19d,2026-05-09T17:03:36+00:00,Indiana Fever,Dallas Wings,total,under,-115,-105,10,175.5,210.5,35.0,2026-05-09T19:10:15.700893+00:00
betonlineag,WNBA,e28d54c8b0fc7378902ab7a5c361d19d,2026-05-09T17:00:00+00:00,Indiana Fever,Dallas Wings,total,under,-110,-107,3,176.0,178.5,2.5,2026-05-09T15:39:24.873304+00:00
