timestamp_utc,book,sport,event_id,event_start_time,home_team,away_team,market_type,outcome,price,line
2026-09-27T09:47:57.722612+00:00,fanduel,NFL,nfl_stub_001,2026-09-29T09:47:57.073242+00:00,Kansas City Chiefs,Buffalo Bills,moneyline,home,-150,
2026-09-27T09:47:57.722612+00:00,fanduel,NFL,nfl_stub_001,2026-09-29T09:47:57.073242+00:00,Kansas City Chiefs,Buffalo Bills,moneyline,away,130,
2026-09-27T09:47:57.722612+00:00,fanduel,NFL,nfl_stub_001,2026-09-29T09:47:57.073242+00:00,Kansas City Chiefs,Buffalo Bills,spread,home,-110,-3.0
2026-09-27T09:47:57.722612+00:00,fanduel,NFL,nfl_stub_001,2026-09-29T09:47:57.073242+00:00,Kansas City Chiefs,Buffalo Bills,spread,away,-110,3.0
2026-09-27T09:47:57.722612+00:00,fanduel,NFL,nfl_stub_001,2026-09-29T09:47:57.073242+00:00,Kansas City Chiefs,Buffalo Bills,total,over,-110,47.5
2026-09-27T09:47:57.722612+00:00,fanduel,NFL,nfl_stub_001,2026-09-29T09:47:57.073242+00:00,Kansas City Chiefs,Buffalo Bills,total,under,-110,47.5
2026-09-27T09:47:57.722612+00:00,fanduel,NFL,nfl_stub_002,2026-09-30T09:47:57.073242+00:00,San Francisco 49ers,Dallas Cowboys,moneyline,home,-180,
2026-09-27T09:47:57.722612+00:00,fanduel,NFL,nfl_stub_002,2026-09-30T09:47:57.073242+00:00,San Francisco 49ers,Dallas Cowboys,moneyline,away,155,
2026-09-27T09:47:57.722612+00:00,fanduel,NFL,nfl_stub_002,2026-09-30T09:47:57.073242+00:00,San Francisco 49ers,Dallas Cowboys,spread,home,-105,-4.0
2026-09-27T09:47:57.722612+00:00,fanduel,NFL,nfl_stub_002,2026-09-30T09:47:57.073242+00:00,San Francisco 49ers,Dallas Cowboys,spread,away,-115,4.0
2026-09-27T09:47:57.722612+00:00,fanduel,NFL,nfl_stub_002,2026-09-30T09:47:57.073242+00:00,San Francisco 49ers,Dallas Cowboys,total,over,-108,49.0
2026-09-27T09:47:57.722612+00:00,fanduel,NFL,nfl_stub_002,2026-09-30T09:47:57.073242+00:00,San Francisco 49ers,Dallas Cowboys,total,under,-112,49.0
2026-09-27T09:47:57.722612+00:00,fanduel,NBA,nba_stub_001,2026-09-28T09:47:57.199864+00:00,Los Angeles Lakers,Boston Celtics,moneyline,home,120,
2026-09-27T09:47:57.722612+00:00,fanduel,NBA,nba_stub_001,2026-09-28T09:47:57.199864+00:00,Los Angeles Lakers,Boston Celtics,moneyline,away,-140,
2026-09-27T09:47:57.722612+00:00,fanduel,NBA,nba_stub_001,2026-09-28T09:47:57.199864+00:00,Los Angeles Lakers,Boston Celtics,spread,home,-110,2.5
2026-09-27T09:47:57.722612+00:00,fanduel,NBA,nba_stub_001,2026-09-28T09:47:57.199864+00:00,Los Angeles Lakers,Boston Celtics,spread,away,-110,-2.5
2026-09-27T09:47:57.722612+00:00,fanduel,NBA,nba_stub_001,2026-09-28T09:47:57.199864+00:00,Los Angeles Lakers,Boston Celtics,total,over,-110,225.5
2026-09-27T09:47:57.722612+00:00,fanduel,NBA,nba_stub_001,2026-09-28T09:47:57.199864+00:00,Los Angeles Lakers,Boston Celtics,total,under,-110,225.5
2026-09-27T09:47:57.722612+00:00,fanduel,NBA,nba_stub_002,2026-09-28T12:47:57.199864+00:00,Golden State Warriors,Phoenix Suns,moneyline,home,-165,
2026-09-27T09:47:57.722612+00:00,fanduel,NBA,nba_stub_002,2026-09-28T12:47:57.199864+00:00,Golden State Warriors,Phoenix Suns,moneyline,away,145,
2026-09-27T09:47:57.722612+00:00,fanduel,NBA,nba_stub_002,2026-09-28T12:47:57.199864+00:00,Golden State Warriors,Phoenix Suns,spread,home,-108,-4.0
2026-09-27T09:47:57.722612+00:00,fanduel,NBA,nba_stub_002,2026-09-28T12:47:57.199864+00:00,Golden State Warriors,Phoenix Suns,spread,away,-112,4.0
2026-09-27T09:47:57.722612+00:00,fanduel,NBA,nba_stub_002,2026-09-28T12:47:57.199864+00:00,Golden State Warriors,Phoenix Suns,total,over,-105,232.0
2026-09-27T09:47:57.722612+00:00,fanduel,NBA,nba_stub_002,2026-09-28T12:47:57.199864+00:00,Golden State Warriors,Phoenix Suns,total,under,-115,232.0
2026-09-27T09:47:57.722612+00:00,fanduel,NBA,nba_stub_001,2026-09-28T09:47:57.454299+00:00,Los Angeles Lakers,Boston Celtics,moneyline,home,120,
2026-09-27T09:47:57.722612+00:00,fanduel,NBA,nba_stub_001,2026-09-28T09:47:57.454299+00:00,Los Angeles Lakers,Boston Celtics,moneyline,away,-140,
2026-09-27T09:47:57.722612+00:00,fanduel,NBA,nba_stub_001,2026-09-28T09:47:57.454299+00:00,Los Angeles Lakers,Boston Celtics,spread,home,-110,2.5
2026-09-27T09:47:57.722612+00:00,fanduel,NBA,nba_stub_001,2026-09-28T09:47:57.454299+00:00,Los Angeles Lakers,Boston Celtics,spread,away,-110,-2.5
2026-09-27T09:47:57.722612+00:00,fanduel,NBA,nba_stub_001,2026-09-28T09:47:57.454299+00:00,Los Angeles Lakers,Boston Celtics,total,over,-110,225.5
2026-09-27T09:47:57.722612+00:00,fanduel,NBA,nba_stub_001,2026-09-28T09:47:57.454299+00:00,Los Angeles Lakers,Boston Celtics,total,under,-110,225.5
2026-09-27T09:47:57.722612+00:00,fanduel,NBA,nba_stub_002,2026-09-28T12:47:57.454299+00:00,Golden State Warriors,Phoenix Suns,moneyline,home,-165,
2026-09-27T09:47:57.722612+00:00,fanduel,NBA,nba_stub_002,2026-09-28T12:47:57.454299+00:00,Golden State Warriors,Phoenix Suns,moneyline,away,145,
2026-09-27T09:47:57.722612+00:00,fanduel,NBA,nba_stub_002,2026-09-28T12:47:57.454299+00:00,Golden State Warriors,Phoenix Suns,spread,home,-108,-4.0
2026-09-27T09:47:57.722612+00:00,fanduel,NBA,nba_stub_002,2026-09-28T12:47:57.454299+00:00,Golden State Warriors,Phoenix Suns,spread,away,-112,4.0
2026-09-27T09:47:57.722612+00:00,fanduel,NBA,nba_stub_002,2026-09-28T12:47:57.454299+00:00,Golden State Warriors,Phoenix Suns,total,over,-105,232.0
2026-09-27T09:47:57.722612+00:00,fanduel,NBA,nba_stub_002,2026-09-28T12:47:57.454299+00:00,Golden State Warriors,Phoenix Suns,total,under,-115,232.0
2026-09-27T09:47:57.722612+00:00,fanduel,NHL,nhl_stub_001,2026-09-28T09:47:57.593992+00:00,Toronto Maple Leafs,Montreal Canadiens,moneyline,home,-155,
2026-09-27T09:47:57.722612+00:00,fanduel,NHL,nhl_stub_001,2026-09-28T09:47:57.593992+00:00,Toronto Maple Leafs,Montreal Canadiens,moneyline,away,135,
2026-09-27T09:47:57.722612+00:00,fanduel,NHL,nhl_stub_001,2026-09-28T09:47:57.593992+00:00,Toronto Maple Leafs,Montreal Canadiens,spread,home,-115,-1.5
2026-09-27T09:47:57.722612+00:00,fanduel,NHL,nhl_stub_001,2026-09-28T09:47:57.593992+00:00,Toronto Maple Leafs,Montreal Canadiens,spread,away,-105,1.5
2026-09-27T09:47:57.722612+00:00,fanduel,NHL,nhl_stub_001,2026-09-28T09:47:57.593992+00:00,Toronto Maple Leafs,Montreal Canadiens,total,over,-110,6.5
2026-09-27T09:47:57.722612+00:00,fanduel,NHL,nhl_stub_001,2026-09-28T09:47:57.593992+00:00,Toronto Maple Leafs,Montreal Canadiens,total,under,-110,6.5
2026-09-27T09:47:57.722612+00:00,fanduel,NHL,nhl_stub_002,2026-09-28T12:47:57.593992+00:00,Vegas Golden Knights,Colorado Avalanche,moneyline,home,-130,
2026-09-27T09:47:57.722612+00:00,fanduel,NHL,nhl_stub_002,2026-09-28T12:47:57.593992+00:00,Vegas Golden Knights,Colorado Avalanche,moneyline,away,110,
2026-09-27T09:47:57.722612+00:00,fanduel,NHL,nhl_stub_002,2026-09-28T12:47:57.593992+00:00,Vegas Golden Knights,Colorado Avalanche,spread,home,105,-1.5
2026-09-27T09:47:57.722612+00:00,fanduel,NHL,nhl_stub_002,2026-09-28T12:47:57.593992+00:00,Vegas Golden Knights,Colorado Avalanche,spread,away,-125,1.5
2026-09-27T09:47:57.722612+00:00,fanduel,NHL,nhl_stub_002,2026-09-28T12:47:57.593992+00:00,Vegas Golden Knights,Colorado Avalanche,total,over,-105,5.5
2026-09-27T09:47:57.722612+00:00,fanduel,NHL,nhl_stub_002,2026-09-28T12:47:57.593992+00:00,Vegas Golden Knights,Colorado Avalanche,total,under,-115,5.5
2026-09-27T09:47:57.722612+00:00,fanduel,MMA,mma_stub_001,2026-10-04T09:47:57.721040+00:00,Jon Jones,Stipe Miocic,moneyline,home,-250,
2026-09-27T09:47:57.722612+00:00,fanduel,MMA,mma_stub_001,2026-10-04T09:47:57.721040+00:00,Jon Jones,Stipe Miocic,moneyline,away,210,
2026-09-27T09:47:57.722612+00:00,fanduel,MMA,mma_stub_002,2026-10-04T11:47:57.721040+00:00,Islam Makhachev,Charles Oliveira,moneyline,home,-180,
2026-09-27T09:47:57.722612+00:00,fanduel,MMA,mma_stub_002,2026-10-04T11:47:57.721040+00:00,Islam Makhachev,Charles Oliveira,moneyline,away,155,
2026-09-27T10:15:00.387736+00:00,fanduel,NFL,nfl_stub_001,2026-09-29T10:14:59.975379+00:00,Kansas City Chiefs,Buffalo Bills,moneyline,home,-150,
2026-09-27T10:15:00.387736+00:00,fanduel,NFL,nfl_stub_001,2026-09-29T10:14:59.975379+00:00,Kansas City Chiefs,Buffalo Bills,moneyline,away,130,
2026-09-27T10:15:00.387736+00:00,fanduel,NFL,nfl_stub_001,2026-09-29T10:14:59.975379+00:00,Kansas City Chiefs,Buffalo Bills,spread,home,-110,-3.0
2026-09-27T10:15:00.387736+00:00,fanduel,NFL,nfl_stub_001,2026-09-29T10:14:59.975379+00:00,Kansas City Chiefs,Buffalo Bills,spread,away,-110,3.0
2026-09-27T10:15:00.387736+00:00,fanduel,NFL,nfl_stub_001,2026-09-29T10:14:59.975379+00:00,Kansas City Chiefs,Buffalo Bills,total,over,-110,47.5
2026-09-27T10:15:00.387736+00:00,fanduel,NFL,nfl_stub_001,2026-09-29T10:14:59.975379+00:00,Kansas City Chiefs,Buffalo Bills,total,under,-110,47.5
2026-09-27T10:15:00.387736+00:00,fanduel,NFL,nfl_stub_002,2026-09-30T10:14:59.975379+00:00,San Francisco 49ers,Dallas Cowboys,moneyline,home,-180,
2026-09-27T10:15:00.387736+00:00,fanduel,NFL,nfl_stub_002,2026-09-30T10:14:59.975379+00:00,San Francisco 49ers,Dallas Cowboys,moneyline,away,155,
2026-09-27T10:15:00.387736+00:00,fanduel,NFL,nfl_stub_002,2026-09-30T10:14:59.975379+00:00,San Francisco 49ers,Dallas Cowboys,spread,home,-105,-4.0
2026-09-27T10:15:00.387736+00:00,fanduel,NFL,nfl_stub_002,2026-09-30T10:14:59.975379+00:00,San Francisco 49ers,Dallas Cowboys,spread,away,-115,4.0
2026-09-27T10:15:00.387736+00:00,fanduel,NFL,nfl_stub_002,2026-09-30T10:14:59.975379+00:00,San Francisco 49ers,Dallas Cowboys,total,over,-108,49.0
2026-09-27T10:15:00.387736+00:00,fanduel,NFL,nfl_stub_002,2026-09-30T10:14:59.975379+00:00,San Francisco 49ers,Dallas Cowboys,total,under,-112,49.0
2026-09-27T10:15:00.387736+00:00,fanduel,NBA,nba_stub_001,2026-09-28T10:15:00.118250+00:00,Los Angeles Lakers,Boston Celtics,moneyline,home,120,
2026-09-27T10:15:00.387736+00:00,fanduel,NBA,nba_stub_001,2026-09-28T10:15:00.118250+00:00,Los Angeles Lakers,Boston Celtics,moneyline,away,-140,
2026-09-27T10:15:00.387736+00:00,fanduel,NBA,nba_stub_001,2026-09-28T10:15:00.118250+00:00,Los Angeles Lakers,Boston Celtics,spread,home,-110,2.5
2026-09-27T10:15:00.387736+00:00,fanduel,NBA,nba_stub_001,2026-09-28T10:15:00.118250+00:00,Los Angeles Lakers,Boston Celtics,spread,away,-110,-2.5
2026-09-27T10:15:00.387736+00:00,fanduel,NBA,nba_stub_001,2026-09-28T10:15:00.118250+00:00,Los Angeles Lakers,Boston Celtics,total,over,-110,225.5
2026-09-27T10:15:00.387736+00:00,fanduel,NBA,nba_stub_001,2026-09-28T10:15:00.118250+00:00,Los Angeles Lakers,Boston Celtics,total,under,-110,225.5
2026-09-27T10:15:00.387736+00:00,fanduel,NBA,nba_stub_002,2026-09-28T13:15:00.118250+00:00,Golden State Warriors,Phoenix Suns,moneyline,home,-165,
2026-09-27T10:15:00.387736+00:00,fanduel,NBA,nba_stub_002,2026-09-28T13:15:00.118250+00:00,Golden State Warriors,Phoenix Suns,moneyline,away,145,
2026-09-27T10:15:00.387736+00:00,fanduel,NBA,nba_stub_002,2026-09-28T13:15:00.118250+00:00,Golden State Warriors,Phoenix Suns,spread,home,-108,-4.0
2026-09-27T10:15:00.387736+00:00,fanduel,NBA,nba_stub_002,2026-09-28T13:15:00.118250+00:00,Golden State Warriors,Phoenix Suns,spread,away,-112,4.0
2026-09-27T10:15:00.387736+00:00,fanduel,NBA,nba_stub_002,2026-09-28T13:15:00.118250+00:00,Golden State Warriors,Phoenix Suns,total,over,-105,232.0
2026-09-27T10:15:00.387736+00:00,fanduel,NBA,nba_stub_002,2026-09-28T13:15:00.118250+00:00,Golden State Warriors,Phoenix Suns,total,under,-115,232.0
2026-09-27T10:15:00.387736+00:00,fanduel,NBA,nba_stub_001,2026-09-28T10:15:00.232135+00:00,Los Angeles Lakers,Boston Celtics,moneyline,home,120,
2026-09-27T10:15:00.387736+00:00,fanduel,NBA,nba_stub_001,2026-09-28T10:15:00.232135+00:00,Los Angeles Lakers,Boston Celtics,moneyline,away,-140,
2026-09-27T10:15:00.387736+00:00,fanduel,NBA,nba_stub_001,2026-09-28T10:15:00.232135+00:00,Los Angeles Lakers,Boston Celtics,spread,home,-110,2.5
2026-09-27T10:15:00.387736+00:00,fanduel,NBA,nba_stub_001,2026-09-28T10:15:00.232135+00:00,Los Angeles Lakers,Boston Celtics,spread,away,-110,-2.5
2026-09-27T10:15:00.387736+00:00,fanduel,NBA,nba_stub_001,2026-09-28T10:15:00.232135+00:00,Los Angeles Lakers,Boston Celtics,total,over,-110,225.5
2026-09-27T10:15:00.387736+00:00,fanduel,NBA,nba_stub_001,2026-09-28T10:15:00.232135+00:00,Los Angeles Lakers,Boston Celtics,total,under,-110,225.5
2026-09-27T10:15:00.387736+00:00,fanduel,NBA,nba_stub_002,2026-09-28T13:15:00.232135+00:00,Golden State Warriors,Phoenix Suns,moneyline,home,-165,
2026-09-27T10:15:00.387736+00:00,fanduel,NBA,nba_stub_002,2026-09-28T13:15:00.232135+00:00,Golden State Warriors,Phoenix Suns,moneyline,away,145,
2026-09-27T10:15:00.387736+00:00,fanduel,NBA,nba_stub_002,2026-09-28T13:15:00.232135+00:00,Golden State Warriors,Phoenix Suns,spread,home,-108,-4.0
2026-09-27T10:15:00.387736+00:00,fanduel,NBA,nba_stub_002,2026-09-28T13:15:00.232135+00:00,Golden State Warriors,Phoenix Suns,spread,away,-112,4.0
2026-09-27T10:15:00.387736+00:00,fanduel,NBA,nba_stub_002,2026-09-28T13:15:00.232135+00:00,Golden State Warriors,Phoenix Suns,total,over,-105,232.0
2026-09-27T10:15:00.387736+00:00,fanduel,NBA,nba_stub_002,2026-09-28T13:15:00.232135+00:00,Golden State Warriors,Phoenix Suns,total,under,-115,232.0
2026-09-27T10:15:00.387736+00:00,fanduel,NHL,nhl_stub_001,2026-09-28T10:15:00.328045+00:00,Toronto Maple Leafs,Montreal Canadiens,moneyline,home,-155,
2026-09-27T10:15:00.387736+00:00,fanduel,NHL,nhl_stub_001,2026-09-28T10:15:00.328045+00:00,Toronto Maple Leafs,Montreal Canadiens,moneyline,away,135,
2026-09-27T10:15:00.387736+00:00,fanduel,NHL,nhl_stub_001,2026-09-28T10:15:00.328045+00:00,Toronto Maple Leafs,Montreal Canadiens,spread,home,-115,-1.5
2026-09-27T10:15:00.387736+00:00,fanduel,NHL,nhl_stub_001,2026-09-28T10:15:00.328045+00:00,Toronto Maple Leafs,Montreal Canadiens,spread,away,-105,1.5
2026-09-27T10:15:00.387736+00:00,fanduel,NHL,nhl_stub_001,2026-09-28T10:15:00.328045+00:00,Toronto Maple Leafs,Montreal Canadiens,total,over,-110,6.5
2026-09-27T10:15:00.387736+00:00,fanduel,NHL,nhl_stub_001,2026-09-28T10:15:00.328045+00:00,Toronto Maple Leafs,Montreal Canadiens,total,under,-110,6.5
2026-09-27T10:15:00.387736+00:00,fanduel,NHL,nhl_stub_002,2026-09-28T13:15:00.328045+00:00,Vegas Golden Knights,Colorado Avalanche,moneyline,home,-130,
2026-09-27T10:15:00.387736+00:00,fanduel,NHL,nhl_stub_002,2026-09-28T13:15:00.328045+00:00,Vegas Golden Knights,Colorado Avalanche,moneyline,away,110,
2026-09-27T10:15:00.387736+00:00,fanduel,NHL,nhl_stub_002,2026-09-28T13:15:00.328045+00:00,Vegas Golden Knights,Colorado Avalanche,spread,home,105,-1.5
2026-09-27T10:15:00.387736+00:00,fanduel,NHL,nhl_stub_002,2026-09-28T13:15:00.328045+00:00,Vegas Golden Knights,Colorado Avalanche,spread,away,-125,1.5
2026-09-27T10:15:00.387736+00:00,fanduel,NHL,nhl_stub_002,2026-09-28T13:15:00.328045+00:00,Vegas Golden Knights,Colorado Avalanche,total,over,-105,5.5
2026-09-27T10:15:00.387736+00:00,fanduel,NHL,nhl_stub_002,2026-09-28T13:15:00.328045+00:00,Vegas Golden Knights,Colorado Avalanche,total,under,-115,5.5
2026-09-27T10:15:00.387736+00:00,fanduel,MMA,mma_stub_001,2026-10-04T10:15:00.386463+00:00,Jon Jones,Stipe Miocic,moneyline,home,-250,
2026-09-27T10:15:00.387736+00:00,fanduel,MMA,mma_stub_001,2026-10-04T10:15:00.386463+00:00,Jon Jones,Stipe Miocic,moneyline,away,210,
2026-09-27T10:15:00.387736+00:00,fanduel,MMA,mma_stub_002,2026-10-04T12:15:00.386463+00:00,Islam Makhachev,Charles Oliveira,moneyline,home,-180,
2026-09-27T10:15:00.387736+00:00,fanduel,MMA,mma_stub_002,2026-10-04T12:15:00.386463+00:00,Islam Makhachev,Charles Oliveira,moneyline,away,155,
2026-09-27T15:25:02.563241+00:00,fanduel,NFL,nfl_stub_001,2026-09-29T15:25:01.087460+00:00,Kansas City Chiefs,Buffalo Bills,moneyline,home,-150,
2026-09-27T15:25:02.563241+00:00,fanduel,NFL,nfl_stub_001,2026-09-29T15:25:01.087460+00:00,Kansas City Chiefs,Buffalo Bills,moneyline,away,130,
2026-09-27T15:25:02.563241+00:00,fanduel,NFL,nfl_stub_001,2026-09-29T15:25:01.087460+00:00,Kansas City Chiefs,Buffalo Bills,spread,home,-110,-3.0
2026-09-27T15:25:02.563241+00:00,fanduel,NFL,nfl_stub_001,2026-09-29T15:25:01.087460+00:00,Kansas City Chiefs,Buffalo Bills,spread,away,-110,3.0
2026-09-27T15:25:02.563241+00:00,fanduel,NFL,nfl_stub_001,2026-09-29T15:25:01.087460+00:00,Kansas City Chiefs,Buffalo Bills,total,over,-110,47.5
2026-09-27T15:25:02.563241+00:00,fanduel,NFL,nfl_stub_001,2026-09-29T15:25:01.087460+00:00,Kansas City Chiefs,Buffalo Bills,total,under,-110,47.5
2026-09-27T15:25:02.563241+00:00,fanduel,NFL,nfl_stub_002,2026-09-30T15:25:01.087460+00:00,San Francisco 49ers,Dallas Cowboys,moneyline,home,-180,
2026-09-27T15:25:02.563241+00:00,fanduel,NFL,nfl_stub_002,2026-09-30T15:25:01.087460+00:00,San Francisco 49ers,Dallas Cowboys,moneyline,away,155,
2026-09-27T15:25:02.563241+00:00,fanduel,NFL,nfl_stub_002,2026-09-30T15:25:01.087460+00:00,San Francisco 49ers,Dallas Cowboys,spread,home,-105,-4.0
2026-09-27T15:25:02.563241+00:00,fanduel,NFL,nfl_stub_002,2026-09-30T15:25:01.087460+00:00,San Francisco 49ers,Dallas Cowboys,spread,away,-115,4.0
2026-09-27T15:25:02.563241+00:00,fanduel,NFL,nfl_stub_002,2026-09-30T15:25:01.087460+00:00,San Francisco 49ers,Dallas Cowboys,total,over,-108,49.0
2026-09-27T15:25:02.563241+00:00,fanduel,NFL,nfl_stub_002,2026-09-30T15:25:01.087460+00:00,San Francisco 49ers,Dallas Cowboys,total,under,-112,49.0
2026-09-27T15:25:02.563241+00:00,fanduel,NBA,nba_stub_001,2026-09-28T15:25:01.429025+00:00,Los Angeles Lakers,Boston Celtics,moneyline,home,120,
2026-09-27T15:25:02.563241+00:00,fanduel,NBA,nba_stub_001,2026-09-28T15:25:01.429025+00:00,Los Angeles Lakers,Boston Celtics,moneyline,away,-140,
2026-09-27T15:25:02.563241+00:00,fanduel,NBA,nba_stub_001,2026-09-28T15:25:01.429025+00:00,Los Angeles Lakers,Boston Celtics,spread,home,-110,2.5
2026-09-27T15:25:02.563241+00:00,fanduel,NBA,nba_stub_001,2026-09-28T15:25:01.429025+00:00,Los Angeles Lakers,Boston Celtics,spread,away,-110,-2.5
2026-09-27T15:25:02.563241+00:00,fanduel,NBA,nba_stub_001,2026-09-28T15:25:01.429025+00:00,Los Angeles Lakers,Boston Celtics,total,over,-110,225.5
2026-09-27T15:25:02.563241+00:00,fanduel,NBA,nba_stub_001,2026-09-28T15:25:01.429025+00:00,Los Angeles Lakers,Boston Celtics,total,under,-110,225.5
2026-09-27T15:25:02.563241+00:00,fanduel,NBA,nba_stub_002,2026-09-28T18:25:01.429025+00:00,Golden State Warriors,Phoenix Suns,moneyline,home,-165,
2026-09-27T15:25:02.563241+00:00,fanduel,NBA,nba_stub_002,2026-09-28T18:25:01.429025+00:00,Golden State Warriors,Phoenix Suns,moneyline,away,145,
2026-09-27T15:25:02.563241+00:00,fanduel,NBA,nba_stub_002,2026-09-28T18:25:01.429025+00:00,Golden State Warriors,Phoenix Suns,spread,home,-108,-4.0
2026-09-27T15:25:02.563241+00:00,fanduel,NBA,nba_stub_002,2026-09-28T18:25:01.429025+00:00,Golden State Warriors,Phoenix Suns,spread,away,-112,4.0
2026-09-27T15:25:02.563241+00:00,fanduel,NBA,nba_stub_002,2026-09-28T18:25:01.429025+00:00,Golden State Warriors,Phoenix Suns,total,over,-105,232.0
2026-09-27T15:25:02.563241+00:00,fanduel,NBA,nba_stub_002,2026-09-28T18:25:01.429025+00:00,Golden State Warriors,Phoenix Suns,total,under,-115,232.0
2026-09-27T15:25:02.563241+00:00,fanduel,NBA,nba_stub_001,2026-09-28T15:25:02.037741+00:00,Los Angeles Lakers,Boston Celtics,moneyline,home,120,
2026-09-27T15:25:02.563241+00:00,fanduel,NBA,nba_stub_001,2026-09-28T15:25:02.037741+00:00,Los Angeles Lakers,Boston Celtics,moneyline,away,-140,
2026-09-27T15:25:02.563241+00:00,fanduel,NBA,nba_stub_001,2026-09-28T15:25:02.037741+00:00,Los Angeles Lakers,Boston Celtics,spread,home,-110,2.5
2026-09-27T15:25:02.563241+00:00,fanduel,NBA,nba_stub_001,2026-09-28T15:25:02.037741+00:00,Los Angeles Lakers,Boston Celtics,spread,away,-110,-2.5
2026-09-27T15:25:02.563241+00:00,fanduel,NBA,nba_stub_001,2026-09-28T15:25:02.037741+00:00,Los Angeles Lakers,Boston Celtics,total,over,-110,225.5
2026-09-27T15:25:02.563241+00:00,fanduel,NBA,nba_stub_001,2026-09-28T15:25:02.037741+00:00,Los Angeles Lakers,Boston Celtics,total,under,-110,225.5
2026-09-27T15:25:02.563241+00:00,fanduel,NBA,nba_stub_002,2026-09-28T18:25:02.037741+00:00,Golden State Warriors,Phoenix Suns,moneyline,home,-165,
2026-09-27T15:25:02.563241+00:00,fanduel,NBA,nba_stub_002,2026-09-28T18:25:02.037741+00:00,Golden State Warriors,Phoenix Suns,moneyline,away,145,
2026-09-27T15:25:02.563241+00:00,fanduel,NBA,nba_stub_002,2026-09-28T18:25:02.037741+00:00,Golden State Warriors,Phoenix Suns,spread,home,-108,-4.0
2026-09-27T15:25:02.563241+00:00,fanduel,NBA,nba_stub_002,2026-09-28T18:25:02.037741+00:00,Golden State Warriors,Phoenix Suns,spread,away,-112,4.0
2026-09-27T15:25:02.563241+00:00,fanduel,NBA,nba_stub_002,2026-09-28T18:25:02.037741+00:00,Golden State Warriors,Phoenix Suns,total,over,-105,232.0
2026-09-27T15:25:02.563241+00:00,fanduel,NBA,nba_stub_002,2026-09-28T18:25:02.037741+00:00,Golden State Warriors,Phoenix Suns,total,under,-115,232.0
2026-09-27T15:25:02.563241+00:00,fanduel,NHL,nhl_stub_001,2026-09-28T15:25:02.251555+00:00,Toronto Maple Leafs,Montreal Canadiens,moneyline,home,-155,
2026-09-27T15:25:02.563241+00:00,fanduel,NHL,nhl_stub_001,2026-09-28T15:25:02.251555+00:00,Toronto Maple Leafs,Montreal Canadiens,moneyline,away,135,
2026-09-27T15:25:02.563241+00:00,fanduel,NHL,nhl_stub_001,2026-09-28T15:25:02.251555+00:00,Toronto Maple Leafs,Montreal Canadiens,spread,home,-115,-1.5
2026-09-27T15:25:02.563241+00:00,fanduel,NHL,nhl_stub_001,2026-09-28T15:25:02.251555+00:00,Toronto Maple Leafs,Montreal Canadiens,spread,away,-105,1.5
2026-09-27T15:25:02.563241+00:00,fanduel,NHL,nhl_stub_001,2026-09-28T15:25:02.251555+00:00,Toronto Maple Leafs,Montreal Canadiens,total,over,-110,6.5
2026-09-27T15:25:02.563241+00:00,fanduel,NHL,nhl_stub_001,2026-09-28T15:25:02.251555+00:00,Toronto Maple Leafs,Montreal Canadiens,total,under,-110,6.5
2026-09-27T15:25:02.563241+00:00,fanduel,NHL,nhl_stub_002,2026-09-28T18:25:02.251555+00:00,Vegas Golden Knights,Colorado Avalanche,moneyline,home,-130,
2026-09-27T15:25:02.563241+00:00,fanduel,NHL,nhl_stub_002,2026-09-28T18:25:02.251555+00:00,Vegas Golden Knights,Colorado Avalanche,moneyline,away,110,
2026-09-27T15:25:02.563241+00:00,fanduel,NHL,nhl_stub_002,2026-09-28T18:25:02.251555+00:00,Vegas Golden Knights,Colorado Avalanche,spread,home,105,-1.5
2026-09-27T15:25:02.563241+00:00,fanduel,NHL,nhl_stub_002,2026-09-28T18:25:02.251555+00:00,Vegas Golden Knights,Colorado Avalanche,spread,away,-125,1.5
2026-09-27T15:25:02.563241+00:00,fanduel,NHL,nhl_stub_002,2026-09-28T18:25:02.251555+00:00,Vegas Golden Knights,Colorado Avalanche,total,over,-105,5.5
2026-09-27T15:25:02.563241+00:00,fanduel,NHL,nhl_stub_002,2026-09-28T18:25:02.251555+00:00,Vegas Golden Knights,Colorado Avalanche,total,under,-115,5.5
2026-09-27T15:25:02.563241+00:00,fanduel,MMA,mma_stub_001,2026-10-04T15:25:02.562044+00:00,Jon Jones,Stipe Miocic,moneyline,home,-250,
2026-09-27T15:25:02.563241+00:00,fanduel,MMA,mma_stub_001,2026-10-04T15:25:02.562044+00:00,Jon Jones,Stipe Miocic,moneyline,away,210,
2026-09-27T15:25:02.563241+00:00,fanduel,MMA,mma_stub_002,2026-10-04T17:25:02.562044+00:00,Islam Makhachev,Charles Oliveira,moneyline,home,-180,
2026-09-27T15:25:02.563241+00:00,fanduel,MMA,mma_stub_002,2026-10-04T17:25:02.562044+00:00,Islam Makhachev,Charles Oliveira,moneyline,away,155,
2026-09-27T19:59:05.911731+00:00,fanduel,NFL,nfl_stub_001,2026-09-29T19:59:05.511769+00:00,Kansas City Chiefs,Buffalo Bills,moneyline,home,-150,
2026-09-27T19:59:05.911731+00:00,fanduel,NFL,nfl_stub_001,2026-09-29T19:59:05.511769+00:00,Kansas City Chiefs,Buffalo Bills,moneyline,away,130,
2026-09-27T19:59:05.911731+00:00,fanduel,NFL,nfl_stub_001,2026-09-29T19:59:05.511769+00:00,Kansas City Chiefs,Buffalo Bills,spread,home,-110,-3.0
2026-09-27T19:59:05.911731+00:00,fanduel,NFL,nfl_stub_001,2026-09-29T19:59:05.511769+00:00,Kansas City Chiefs,Buffalo Bills,spread,away,-110,3.0
2026-09-27T19:59:05.911731+00:00,fanduel,NFL,nfl_stub_001,2026-09-29T19:59:05.511769+00:00,Kansas City Chiefs,Buffalo Bills,total,over,-110,47.5
2026-09-27T19:59:05.911731+00:00,fanduel,NFL,nfl_stub_001,2026-09-29T19:59:05.511769+00:00,Kansas City Chiefs,Buffalo Bills,total,under,-110,47.5
2026-09-27T19:59:05.911731+00:00,fanduel,NFL,nfl_stub_002,2026-09-30T19:59:05.511769+00:00,San Francisco 49ers,Dallas Cowboys,moneyline,home,-180,
2026-09-27T19:59:05.911731+00:00,fanduel,NFL,nfl_stub_002,2026-09-30T19:59:05.511769+00:00,San Francisco 49ers,Dallas Cowboys,moneyline,away,155,
2026-09-27T19:59:05.911731+00:00,fanduel,NFL,nfl_stub_002,2026-09-30T19:59:05.511769+00:00,San Francisco 49ers,Dallas Cowboys,spread,home,-105,-4.0
2026-09-27T19:59:05.911731+00:00,fanduel,NFL,nfl_stub_002,2026-09-30T19:59:05.511769+00:00,San Francisco 49ers,Dallas Cowboys,spread,away,-115,4.0
2026-09-27T19:59:05.911731+00:00,fanduel,NFL,nfl_stub_002,2026-09-30T19:59:05.511769+00:00,San Francisco 49ers,Dallas Cowboys,total,over,-108,49.0
2026-09-27T19:59:05.911731+00:00,fanduel,NFL,nfl_stub_002,2026-09-30T19:59:05.511769+00:00,San Francisco 49ers,Dallas Cowboys,total,under,-112,49.0
2026-09-27T19:59:05.911731+00:00,fanduel,NBA,nba_stub_001,2026-09-28T19:59:05.565107+00:00,Los Angeles Lakers,Boston Celtics,moneyline,home,120,
2026-09-27T19:59:05.911731+00:00,fanduel,NBA,nba_stub_001,2026-09-28T19:59:05.565107+00:00,Los Angeles Lakers,Boston Celtics,moneyline,away,-140,
2026-09-27T19:59:05.911731+00:00,fanduel,NBA,nba_stub_001,2026-09-28T19:59:05.565107+00:00,Los Angeles Lakers,Boston Celtics,spread,home,-110,2.5
2026-09-27T19:59:05.911731+00:00,fanduel,NBA,nba_stub_001,2026-09-28T19:59:05.565107+00:00,Los Angeles Lakers,Boston Celtics,spread,away,-110,-2.5
2026-09-27T19:59:05.911731+00:00,fanduel,NBA,nba_stub_001,2026-09-28T19:59:05.565107+00:00,Los Angeles Lakers,Boston Celtics,total,over,-110,225.5
2026-09-27T19:59:05.911731+00:00,fanduel,NBA,nba_stub_001,2026-09-28T19:59:05.565107+00:00,Los Angeles Lakers,Boston Celtics,total,under,-110,225.5
2026-09-27T19:59:05.911731+00:00,fanduel,NBA,nba_stub_002,2026-09-28T22:59:05.565107+00:00,Golden State Warriors,Phoenix Suns,moneyline,home,-165,
2026-09-27T19:59:05.911731+00:00,fanduel,NBA,nba_stub_002,2026-09-28T22:59:05.565107+00:00,Golden State Warriors,Phoenix Suns,moneyline,away,145,
2026-09-27T19:59:05.911731+00:00,fanduel,NBA,nba_stub_002,2026-09-28T22:59:05.565107+00:00,Golden State Warriors,Phoenix Suns,spread,home,-108,-4.0
2026-09-27T19:59:05.911731+00:00,fanduel,NBA,nba_stub_002,2026-09-28T22:59:05.565107+00:00,Golden State Warriors,Phoenix Suns,spread,away,-112,4.0
2026-09-27T19:59:05.911731+00:00,fanduel,NBA,nba_stub_002,2026-09-28T22:59:05.565107+00:00,Golden State Warriors,Phoenix Suns,total,over,-105,232.0
2026-09-27T19:59:05.911731+00:00,fanduel,NBA,nba_stub_002,2026-09-28T22:59:05.565107+00:00,Golden State Warriors,Phoenix Suns,total,under,-115,232.0
2026-09-27T19:59:05.911731+00:00,fanduel,NBA,nba_stub_001,2026-09-28T19:59:05.723452+00:00,Los Angeles Lakers,Boston Celtics,moneyline,home,120,
2026-09-27T19:59:05.911731+00:00,fanduel,NBA,nba_stub_001,2026-09-28T19:59:05.723452+00:00,Los Angeles Lakers,Boston Celtics,moneyline,away,-140,
2026-09-27T19:59:05.911731+00:00,fanduel,NBA,nba_stub_001,2026-09-28T19:59:05.723452+00:00,Los Angeles Lakers,Boston Celtics,spread,home,-110,2.5
2026-09-27T19:59:05.911731+00:00,fanduel,NBA,nba_stub_001,2026-09-28T19:59:05.723452+00:00,Los Angeles Lakers,Boston Celtics,spread,away,-110,-2.5
2026-09-27T19:59:05.911731+00:00,fanduel,NBA,nba_stub_001,2026-09-28T19:59:05.723452+00:00,Los Angeles Lakers,Boston Celtics,total,over,-110,225.5
2026-09-27T19:59:05.911731+00:00,fanduel,NBA,nba_stub_001,2026-09-28T19:59:05.723452+00:00,Los Angeles Lakers,Boston Celtics,total,under,-110,225.5
2026-09-27T19:59:05.911731+00:00,fanduel,NBA,nba_stub_002,2026-09-28T22:59:05.723452+00:00,Golden State Warriors,Phoenix Suns,moneyline,home,-165,
2026-09-27T19:59:05.911731+00:00,fanduel,NBA,nba_stub_002,2026-09-28T22:59:05.723452+00:00,Golden State Warriors,Phoenix Suns,moneyline,away,145,
2026-09-27T19:59:05.911731+00:00,fanduel,NBA,nba_stub_002,2026-09-28T22:59:05.723452+00:00,Golden State Warriors,Phoenix Suns,spread,home,-108,-4.0
2026-09-27T19:59:05.911731+00:00,fanduel,NBA,nba_stub_002,2026-09-28T22:59:05.723452+00:00,Golden State Warriors,Phoenix Suns,spread,away,-112,4.0
2026-09-27T19:59:05.911731+00:00,fanduel,NBA,nba_stub_002,2026-09-28T22:59:05.723452+00:00,Golden State Warriors,Phoenix Suns,total,over,-105,232.0
2026-09-27T19:59:05.911731+00:00,fanduel,NBA,nba_stub_002,2026-09-28T22:59:05.723452+00:00,Golden State Warriors,Phoenix Suns,total,under,-115,232.0
2026-09-27T19:59:05.911731+00:00,fanduel,NHL,nhl_stub_001,2026-09-28T19:59:05.854702+00:00,Toronto Maple Leafs,Montreal Canadiens,moneyline,home,-155,
2026-09-27T19:59:05.911731+00:00,fanduel,NHL,nhl_stub_001,2026-09-28T19:59:05.854702+00:00,Toronto Maple Leafs,Montreal Canadiens,moneyline,away,135,
2026-09-27T19:59:05.911731+00:00,fanduel,NHL,nhl_stub_001,2026-09-28T19:59:05.854702+00:00,Toronto Maple Leafs,Montreal Canadiens,spread,home,-115,-1.5
2026-09-27T19:59:05.911731+00:00,fanduel,NHL,nhl_stub_001,2026-09-28T19:59:05.854702+00:00,Toronto Maple Leafs,Montreal Canadiens,spread,away,-105,1.5
2026-09-27T19:59:05.911731+00:00,fanduel,NHL,nhl_stub_001,2026-09-28T19:59:05.854702+00:00,Toronto Maple Leafs,Montreal Canadiens,total,over,-110,6.5
2026-09-27T19:59:05.911731+00:00,fanduel,NHL,nhl_stub_001,2026-09-28T19:59:05.854702+00:00,Toronto Maple Leafs,Montreal Canadiens,total,under,-110,6.5
2026-09-27T19:59:05.911731+00:00,fanduel,NHL,nhl_stub_002,2026-09-28T22:59:05.854702+00:00,Vegas Golden Knights,Colorado Avalanche,moneyline,home,-130,
2026-09-27T19:59:05.911731+00:00,fanduel,NHL,nhl_stub_002,2026-09-28T22:59:05.854702+00:00,Vegas Golden Knights,Colorado Avalanche,moneyline,away,110,
2026-09-27T19:59:05.911731+00:00,fanduel,NHL,nhl_stub_002,2026-09-28T22:59:05.854702+00:00,Vegas Golden Knights,Colorado Avalanche,spread,home,105,-1.5
2026-09-27T19:59:05.911731+00:00,fanduel,NHL,nhl_stub_002,2026-09-28T22:59:05.854702+00:00,Vegas Golden Knights,Colorado Avalanche,spread,away,-125,1.5
2026-09-27T19:59:05.911731+00:00,fanduel,NHL,nhl_stub_002,2026-09-28T22:59:05.854702+00:00,Vegas Golden Knights,Colorado Avalanche,total,over,-105,5.5
2026-09-27T19:59:05.911731+00:00,fanduel,NHL,nhl_stub_002,2026-09-28T22:59:05.854702+00:00,Vegas Golden Knights,Colorado Avalanche,total,under,-115,5.5
2026-09-27T19:59:05.911731+00:00,fanduel,MMA,mma_stub_001,2026-10-04T19:59:05.910733+00:00,Jon Jones,Stipe Miocic,moneyline,home,-250,
2026-09-27T19:59:05.911731+00:00,fanduel,MMA,mma_stub_001,2026-10-04T19:59:05.910733+00:00,Jon Jones,Stipe Miocic,moneyline,away,210,
2026-09-27T19:59:05.911731+00:00,fanduel,MMA,mma_stub_002,2026-10-04T21:59:05.910733+00:00,Islam Makhachev,Charles Oliveira,moneyline,home,-180,
2026-09-27T19:59:05.911731+00:00,fanduel,MMA,mma_stub_002,2026-10-04T21:59:05.910733+00:00,Islam Makhachev,Charles Oliveira,moneyline,away,155,
2026-09-27T22:57:30.319568+00:00,fanduel,NFL,nfl_stub_001,2026-09-29T22:57:29.538108+00:00,Kansas City Chiefs,Buffalo Bills,moneyline,home,-150,
2026-09-27T22:57:30.319568+00:00,fanduel,NFL,nfl_stub_001,2026-09-29T22:57:29.538108+00:00,Kansas City Chiefs,Buffalo Bills,moneyline,away,130,
2026-09-27T22:57:30.319568+00:00,fanduel,NFL,nfl_stub_001,2026-09-29T22:57:29.538108+00:00,Kansas City Chiefs,Buffalo Bills,spread,home,-110,-3.0
2026-09-27T22:57:30.319568+00:00,fanduel,NFL,nfl_stub_001,2026-09-29T22:57:29.538108+00:00,Kansas City Chiefs,Buffalo Bills,spread,away,-110,3.0
2026-09-27T22:57:30.319568+00:00,fanduel,NFL,nfl_stub_001,2026-09-29T22:57:29.538108+00:00,Kansas City Chiefs,Buffalo Bills,total,over,-110,47.5
2026-09-27T22:57:30.319568+00:00,fanduel,NFL,nfl_stub_001,2026-09-29T22:57:29.538108+00:00,Kansas City Chiefs,Buffalo Bills,total,under,-110,47.5
2026-09-27T22:57:30.319568+00:00,fanduel,NFL,nfl_stub_002,2026-09-30T22:57:29.538108+00:00,San Francisco 49ers,Dallas Cowboys,moneyline,home,-180,
2026-09-27T22:57:30.319568+00:00,fanduel,NFL,nfl_stub_002,2026-09-30T22:57:29.538108+00:00,San Francisco 49ers,Dallas Cowboys,moneyline,away,155,
2026-09-27T22:57:30.319568+00:00,fanduel,NFL,nfl_stub_002,2026-09-30T22:57:29.538108+00:00,San Francisco 49ers,Dallas Cowboys,spread,home,-105,-4.0
2026-09-27T22:57:30.319568+00:00,fanduel,NFL,nfl_stub_002,2026-09-30T22:57:29.538108+00:00,San Francisco 49ers,Dallas Cowboys,spread,away,-115,4.0
2026-09-27T22:57:30.319568+00:00,fanduel,NFL,nfl_stub_002,2026-09-30T22:57:29.538108+00:00,San Francisco 49ers,Dallas Cowboys,total,over,-108,49.0
2026-09-27T22:57:30.319568+00:00,fanduel,NFL,nfl_stub_002,2026-09-30T22:57:29.538108+00:00,San Francisco 49ers,Dallas Cowboys,total,under,-112,49.0
2026-09-27T22:57:30.319568+00:00,fanduel,NBA,nba_stub_001,2026-09-28T22:57:29.734715+00:00,Los Angeles Lakers,Boston Celtics,moneyline,home,120,
2026-09-27T22:57:30.319568+00:00,fanduel,NBA,nba_stub_001,2026-09-28T22:57:29.734715+00:00,Los Angeles Lakers,Boston Celtics,moneyline,away,-140,
2026-09-27T22:57:30.319568+00:00,fanduel,NBA,nba_stub_001,2026-09-28T22:57:29.734715+00:00,Los Angeles Lakers,Boston Celtics,spread,home,-110,2.5
2026-09-27T22:57:30.319568+00:00,fanduel,NBA,nba_stub_001,2026-09-28T22:57:29.734715+00:00,Los Angeles Lakers,Boston Celtics,spread,away,-110,-2.5
2026-09-27T22:57:30.319568+00:00,fanduel,NBA,nba_stub_001,2026-09-28T22:57:29.734715+00:00,Los Angeles Lakers,Boston Celtics,total,over,-110,225.5
2026-09-27T22:57:30.319568+00:00,fanduel,NBA,nba_stub_001,2026-09-28T22:57:29.734715+00:00,Los Angeles Lakers,Boston Celtics,total,under,-110,225.5
2026-09-27T22:57:30.319568+00:00,fanduel,NBA,nba_stub_002,2026-09-29T01:57:29.734715+00:00,Golden State Warriors,Phoenix Suns,moneyline,home,-165,
2026-09-27T22:57:30.319568+00:00,fanduel,NBA,nba_stub_002,2026-09-29T01:57:29.734715+00:00,Golden State Warriors,Phoenix Suns,moneyline,away,145,
2026-09-27T22:57:30.319568+00:00,fanduel,NBA,nba_stub_002,2026-09-29T01:57:29.734715+00:00,Golden State Warriors,Phoenix Suns,spread,home,-108,-4.0
2026-09-27T22:57:30.319568+00:00,fanduel,NBA,nba_stub_002,2026-09-29T01:57:29.734715+00:00,Golden State Warriors,Phoenix Suns,spread,away,-112,4.0
2026-09-27T22:57:30.319568+00:00,fanduel,NBA,nba_stub_002,2026-09-29T01:57:29.734715+00:00,Golden State Warriors,Phoenix Suns,total,over,-105,232.0
2026-09-27T22:57:30.319568+00:00,fanduel,NBA,nba_stub_002,2026-09-29T01:57:29.734715+00:00,Golden State Warriors,Phoenix Suns,total,under,-115,232.0
2026-09-27T22:57:30.319568+00:00,fanduel,NBA,nba_stub_001,2026-09-28T22:57:30.025136+00:00,Los Angeles Lakers,Boston Celtics,moneyline,home,120,
2026-09-27T22:57:30.319568+00:00,fanduel,NBA,nba_stub_001,2026-09-28T22:57:30.025136+00:00,Los Angeles Lakers,Boston Celtics,moneyline,away,-140,
2026-09-27T22:57:30.319568+00:00,fanduel,NBA,nba_stub_001,2026-09-28T22:57:30.025136+00:00,Los Angeles Lakers,Boston Celtics,spread,home,-110,2.5
2026-09-27T22:57:30.319568+00:00,fanduel,NBA,nba_stub_001,2026-09-28T22:57:30.025136+00:00,Los Angeles Lakers,Boston Celtics,spread,away,-110,-2.5
2026-09-27T22:57:30.319568+00:00,fanduel,NBA,nba_stub_001,2026-09-28T22:57:30.025136+00:00,Los Angeles Lakers,Boston Celtics,total,over,-110,225.5
2026-09-27T22:57:30.319568+00:00,fanduel,NBA,nba_stub_001,2026-09-28T22:57:30.025136+00:00,Los Angeles Lakers,Boston Celtics,total,under,-110,225.5
2026-09-27T22:57:30.319568+00:00,fanduel,NBA,nba_stub_002,2026-09-29T01:57:30.025136+00:00,Golden State Warriors,Phoenix Suns,moneyline,home,-165,
2026-09-27T22:57:30.319568+00:00,fanduel,NBA,nba_stub_002,2026-09-29T01:57:30.025136+00:00,Golden State Warriors,Phoenix Suns,moneyline,away,145,
2026-09-27T22:57:30.319568+00:00,fanduel,NBA,nba_stub_002,2026-09-29T01:57:30.025136+00:00,Golden State Warriors,Phoenix Suns,spread,home,-108,-4.0
2026-09-27T22:57:30.319568+00:00,fanduel,NBA,nba_stub_002,2026-09-29T01:57:30.025136+00:00,Golden State Warriors,Phoenix Suns,spread,away,-112,4.0
2026-09-27T22:57:30.319568+00:00,fanduel,NBA,nba_stub_002,2026-09-29T01:57:30.025136+00:00,Golden State Warriors,Phoenix Suns,total,over,-105,232.0
2026-09-27T22:57:30.319568+00:00,fanduel,NBA,nba_stub_002,2026-09-29T01:57:30.025136+00:00,Golden State Warriors,Phoenix Suns,total,under,-115,232.0
2026-09-27T22:57:30.319568+00:00,fanduel,NHL,nhl_stub_001,2026-09-28T22:57:30.175734+00:00,Toronto Maple Leafs,Montreal Canadiens,moneyline,home,-155,
2026-09-27T22:57:30.319568+00:00,fanduel,NHL,nhl_stub_001,2026-09-28T22:57:30.175734+00:00,Toronto Maple Leafs,Montreal Canadiens,moneyline,away,135,
2026-09-27T22:57:30.319568+00:00,fanduel,NHL,nhl_stub_001,2026-09-28T22:57:30.175734+00:00,Toronto Maple Leafs,Montreal Canadiens,spread,home,-115,-1.5
2026-09-27T22:57:30.319568+00:00,fanduel,NHL,nhl_stub_001,2026-09-28T22:57:30.175734+00:00,Toronto Maple Leafs,Montreal Canadiens,spread,away,-105,1.5
2026-09-27T22:57:30.319568+00:00,fanduel,NHL,nhl_stub_001,2026-09-28T22:57:30.175734+00:00,Toronto Maple Leafs,Montreal Canadiens,total,over,-110,6.5
2026-09-27T22:57:30.319568+00:00,fanduel,NHL,nhl_stub_001,2026-09-28T22:57:30.175734+00:00,Toronto Maple Leafs,Montreal Canadiens,total,under,-110,6.5
2026-09-27T22:57:30.319568+00:00,fanduel,NHL,nhl_stub_002,2026-09-29T01:57:30.175734+00:00,Vegas Golden Knights,Colorado Avalanche,moneyline,home,-130,
2026-09-27T22:57:30.319568+00:00,fanduel,NHL,nhl_stub_002,2026-09-29T01:57:30.175734+00:00,Vegas Golden Knights,Colorado Avalanche,moneyline,away,110,
2026-09-27T22:57:30.319568+00:00,fanduel,NHL,nhl_stub_002,2026-09-29T01:57:30.175734+00:00,Vegas Golden Knights,Colorado Avalanche,spread,home,105,-1.5
2026-09-27T22:57:30.319568+00:00,fanduel,NHL,nhl_stub_002,2026-09-29T01:57:30.175734+00:00,Vegas Golden Knights,Colorado Avalanche,spread,away,-125,1.5
2026-09-27T22:57:30.319568+00:00,fanduel,NHL,nhl_stub_002,2026-09-29T01:57:30.175734+00:00,Vegas Golden Knights,Colorado Avalanche,total,over,-105,5.5
2026-09-27T22:57:30.319568+00:00,fanduel,NHL,nhl_stub_002,2026-09-29T01:57:30.175734+00:00,Vegas Golden Knights,Colorado Avalanche,total,under,-115,5.5
2026-09-27T22:57:30.319568+00:00,fanduel,MMA,mma_stub_001,2026-10-04T22:57:30.318101+00:00,Jon Jones,Stipe Miocic,moneyline,home,-250,
2026-09-27T22:57:30.319568+00:00,fanduel,MMA,mma_stub_001,2026-10-04T22:57:30.318101+00:00,Jon Jones,Stipe Miocic,moneyline,away,210,
2026-09-27T22:57:30.319568+00:00,fanduel,MMA,mma_stub_002,2026-10-05T00:57:30.318101+00:00,Islam Makhachev,Charles Oliveira,moneyline,home,-180,
2026-09-27T22:57:30.319568+00:00,fanduel,MMA,mma_stub_002,2026-10-05T00:57:30.318101+00:00,Islam Makhachev,Charles Oliveira,moneyline,away,155,
2026-09-28T01:32:11.118279+00:00,fanduel,NFL,nfl_stub_001,2026-09-30T01:32:10.615138+00:00,Kansas City Chiefs,Buffalo Bills,moneyline,home,-150,
2026-09-28T01:32:11.118279+00:00,fanduel,NFL,nfl_stub_001,2026-09-30T01:32:10.615138+00:00,Kansas City Chiefs,Buffalo Bills,moneyline,away,130,
2026-09-28T01:32:11.118279+00:00,fanduel,NFL,nfl_stub_001,2026-09-30T01:32:10.615138+00:00,Kansas City Chiefs,Buffalo Bills,spread,home,-110,-3.0
2026-09-28T01:32:11.118279+00:00,fanduel,NFL,nfl_stub_001,2026-09-30T01:32:10.615138+00:00,Kansas City Chiefs,Buffalo Bills,spread,away,-110,3.0
2026-09-28T01:32:11.118279+00:00,fanduel,NFL,nfl_stub_001,2026-09-30T01:32:10.615138+00:00,Kansas City Chiefs,Buffalo Bills,total,over,-110,47.5
2026-09-28T01:32:11.118279+00:00,fanduel,NFL,nfl_stub_001,2026-09-30T01:32:10.615138+00:00,Kansas City Chiefs,Buffalo Bills,total,under,-110,47.5
2026-09-28T01:32:11.118279+00:00,fanduel,NFL,nfl_stub_002,2026-10-01T01:32:10.615138+00:00,San Francisco 49ers,Dallas Cowboys,moneyline,home,-180,
2026-09-28T01:32:11.118279+00:00,fanduel,NFL,nfl_stub_002,2026-10-01T01:32:10.615138+00:00,San Francisco 49ers,Dallas Cowboys,moneyline,away,155,
2026-09-28T01:32:11.118279+00:00,fanduel,NFL,nfl_stub_002,2026-10-01T01:32:10.615138+00:00,San Francisco 49ers,Dallas Cowboys,spread,home,-105,-4.0
2026-09-28T01:32:11.118279+00:00,fanduel,NFL,nfl_stub_002,2026-10-01T01:32:10.615138+00:00,San Francisco 49ers,Dallas Cowboys,spread,away,-115,4.0
2026-09-28T01:32:11.118279+00:00,fanduel,NFL,nfl_stub_002,2026-10-01T01:32:10.615138+00:00,San Francisco 49ers,Dallas Cowboys,total,over,-108,49.0
2026-09-28T01:32:11.118279+00:00,fanduel,NFL,nfl_stub_002,2026-10-01T01:32:10.615138+00:00,San Francisco 49ers,Dallas Cowboys,total,under,-112,49.0
2026-09-28T01:32:11.118279+00:00,fanduel,NBA,nba_stub_001,2026-09-29T01:32:10.710606+00:00,Los Angeles Lakers,Boston Celtics,moneyline,home,120,
2026-09-28T01:32:11.118279+00:00,fanduel,NBA,nba_stub_001,2026-09-29T01:32:10.710606+00:00,Los Angeles Lakers,Boston Celtics,moneyline,away,-140,
2026-09-28T01:32:11.118279+00:00,fanduel,NBA,nba_stub_001,2026-09-29T01:32:10.710606+00:00,Los Angeles Lakers,Boston Celtics,spread,home,-110,2.5
2026-09-28T01:32:11.118279+00:00,fanduel,NBA,nba_stub_001,2026-09-29T01:32:10.710606+00:00,Los Angeles Lakers,Boston Celtics,spread,away,-110,-2.5
2026-09-28T01:32:11.118279+00:00,fanduel,NBA,nba_stub_001,2026-09-29T01:32:10.710606+00:00,Los Angeles Lakers,Boston Celtics,total,over,-110,225.5
2026-09-28T01:32:11.118279+00:00,fanduel,NBA,nba_stub_001,2026-09-29T01:32:10.710606+00:00,Los Angeles Lakers,Boston Celtics,total,under,-110,225.5
2026-09-28T01:32:11.118279+00:00,fanduel,NBA,nba_stub_002,2026-09-29T04:32:10.710606+00:00,Golden State Warriors,Phoenix Suns,moneyline,home,-165,
2026-09-28T01:32:11.118279+00:00,fanduel,NBA,nba_stub_002,2026-09-29T04:32:10.710606+00:00,Golden State Warriors,Phoenix Suns,moneyline,away,145,
2026-09-28T01:32:11.118279+00:00,fanduel,NBA,nba_stub_002,2026-09-29T04:32:10.710606+00:00,Golden State Warriors,Phoenix Suns,spread,home,-108,-4.0
2026-09-28T01:32:11.118279+00:00,fanduel,NBA,nba_stub_002,2026-09-29T04:32:10.710606+00:00,Golden State Warriors,Phoenix Suns,spread,away,-112,4.0
2026-09-28T01:32:11.118279+00:00,fanduel,NBA,nba_stub_002,2026-09-29T04:32:10.710606+00:00,Golden State Warriors,Phoenix Suns,total,over,-105,232.0
2026-09-28T01:32:11.118279+00:00,fanduel,NBA,nba_stub_002,2026-09-29T04:32:10.710606+00:00,Golden State Warriors,Phoenix Suns,total,under,-115,232.0
2026-09-28T01:32:11.118279+00:00,fanduel,NBA,nba_stub_001,2026-09-29T01:32:10.904177+00:00,Los Angeles Lakers,Boston Celtics,moneyline,home,120,
2026-09-28T01:32:11.118279+00:00,fanduel,NBA,nba_stub_001,2026-09-29T01:32:10.904177+00:00,Los Angeles Lakers,Boston Celtics,moneyline,away,-140,
2026-09-28T01:32:11.118279+00:00,fanduel,NBA,nba_stub_001,2026-09-29T01:32:10.904177+00:00,Los Angeles Lakers,Boston Celtics,spread,home,-110,2.5
2026-09-28T01:32:11.118279+00:00,fanduel,NBA,nba_stub_001,2026-09-29T01:32:10.904177+00:00,Los Angeles Lakers,Boston Celtics,spread,away,-110,-2.5
2026-09-28T01:32:11.118279+00:00,fanduel,NBA,nba_stub_001,2026-09-29T01:32:10.904177+00:00,Los Angeles Lakers,Boston Celtics,total,over,-110,225.5
2026-09-28T01:32:11.118279+00:00,fanduel,NBA,nba_stub_001,2026-09-29T01:32:10.904177+00:00,Los Angeles Lakers,Boston Celtics,total,under,-110,225.5
2026-09-28T01:32:11.118279+00:00,fanduel,NBA,nba_stub_002,2026-09-29T04:32:10.904177+00:00,Golden State Warriors,Phoenix Suns,moneyline,home,-165,
2026-09-28T01:32:11.118279+00:00,fanduel,NBA,nba_stub_002,2026-09-29T04:32:10.904177+00:00,Golden State Warriors,Phoenix Suns,moneyline,away,145,
2026-09-28T01:32:11.118279+00:00,fanduel,NBA,nba_stub_002,2026-09-29T04:32:10.904177+00:00,Golden State Warriors,Phoenix Suns,spread,home,-108,-4.0
2026-09-28T01:32:11.118279+00:00,fanduel,NBA,nba_stub_002,2026-09-29T04:32:10.904177+00:00,Golden State Warriors,Phoenix Suns,spread,away,-112,4.0
2026-09-28T01:32:11.118279+00:00,fanduel,NBA,nba_stub_002,2026-09-29T04:32:10.904177+00:00,Golden State Warriors,Phoenix Suns,total,over,-105,232.0
2026-09-28T01:32:11.118279+00:00,fanduel,NBA,nba_stub_002,2026-09-29T04:32:10.904177+00:00,Golden State Warriors,Phoenix Suns,total,under,-115,232.0
2026-09-28T01:32:11.118279+00:00,fanduel,NHL,nhl_stub_001,2026-09-29T01:32:10.989773+00:00,Toronto Maple Leafs,Montreal Canadiens,moneyline,home,-155,
2026-09-28T01:32:11.118279+00:00,fanduel,NHL,nhl_stub_001,2026-09-29T01:32:10.989773+00:00,Toronto Maple Leafs,Montreal Canadiens,moneyline,away,135,
2026-09-28T01:32:11.118279+00:00,fanduel,NHL,nhl_stub_001,2026-09-29T01:32:10.989773+00:00,Toronto Maple Leafs,Montreal Canadiens,spread,home,-115,-1.5
2026-09-28T01:32:11.118279+00:00,fanduel,NHL,nhl_stub_001,2026-09-29T01:32:10.989773+00:00,Toronto Maple Leafs,Montreal Canadiens,spread,away,-105,1.5
2026-09-28T01:32:11.118279+00:00,fanduel,NHL,nhl_stub_001,2026-09-29T01:32:10.989773+00:00,Toronto Maple Leafs,Montreal Canadiens,total,over,-110,6.5
2026-09-28T01:32:11.118279+00:00,fanduel,NHL,nhl_stub_001,2026-09-29T01:32:10.989773+00:00,Toronto Maple Leafs,Montreal Canadiens,total,under,-110,6.5
2026-09-28T01:32:11.118279+00:00,fanduel,NHL,nhl_stub_002,2026-09-29T04:32:10.989773+00:00,Vegas Golden Knights,Colorado Avalanche,moneyline,home,-130,
2026-09-28T01:32:11.118279+00:00,fanduel,NHL,nhl_stub_002,2026-09-29T04:32:10.989773+00:00,Vegas Golden Knights,Colorado Avalanche,moneyline,away,110,
2026-09-28T01:32:11.118279+00:00,fanduel,NHL,nhl_stub_002,2026-09-29T04:32:10.989773+00:00,Vegas Golden Knights,Colorado Avalanche,spread,home,105,-1.5
2026-09-28T01:32:11.118279+00:00,fanduel,NHL,nhl_stub_002,2026-09-29T04:32:10.989773+00:00,Vegas Golden Knights,Colorado Avalanche,spread,away,-125,1.5
2026-09-28T01:32:11.118279+00:00,fanduel,NHL,nhl_stub_002,2026-09-29T04:32:10.989773+00:00,Vegas Golden Knights,Colorado Avalanche,total,over,-105,5.5
2026-09-28T01:32:11.118279+00:00,fanduel,NHL,nhl_stub_002,2026-09-29T04:32:10.989773+00:00,Vegas Golden Knights,Colorado Avalanche,total,under,-115,5.5
2026-09-28T01:32:11.118279+00:00,fanduel,MMA,mma_stub_001,2026-10-05T01:32:11.117359+00:00,Jon Jones,Stipe Miocic,moneyline,home,-250,
2026-09-28T01:32:11.118279+00:00,fanduel,MMA,mma_stub_001,2026-10-05T01:32:11.117359+00:00,Jon Jones,Stipe Miocic,moneyline,away,210,
2026-09-28T01:32:11.118279+00:00,fanduel,MMA,mma_stub_002,2026-10-05T03:32:11.117359+00:00,Islam Makhachev,Charles Oliveira,moneyline,home,-180,
2026-09-28T01:32:11.118279+00:00,fanduel,MMA,mma_stub_002,2026-10-05T03:32:11.117359+00:00,Islam Makhachev,Charles Oliveira,moneyline,away,155,
2026-09-28T03:35:12.921448+00:00,fanduel,NFL,nfl_stub_001,2026-09-30T03:35:12.231996+00:00,Kansas City Chiefs,Buffalo Bills,moneyline,home,-150,
2026-09-28T03:35:12.921448+00:00,fanduel,NFL,nfl_stub_001,2026-09-30T03:35:12.231996+00:00,Kansas City Chiefs,Buffalo Bills,moneyline,away,130,
2026-09-28T03:35:12.921448+00:00,fanduel,NFL,nfl_stub_001,2026-09-30T03:35:12.231996+00:00,Kansas City Chiefs,Buffalo Bills,spread,home,-110,-3.0
2026-09-28T03:35:12.921448+00:00,fanduel,NFL,nfl_stub_001,2026-09-30T03:35:12.231996+00:00,Kansas City Chiefs,Buffalo Bills,spread,away,-110,3.0
2026-09-28T03:35:12.921448+00:00,fanduel,NFL,nfl_stub_001,2026-09-30T03:35:12.231996+00:00,Kansas City Chiefs,Buffalo Bills,total,over,-110,47.5
2026-09-28T03:35:12.921448+00:00,fanduel,NFL,nfl_stub_001,2026-09-30T03:35:12.231996+00:00,Kansas City Chiefs,Buffalo Bills,total,under,-110,47.5
2026-09-28T03:35:12.921448+00:00,fanduel,NFL,nfl_stub_002,2026-10-01T03:35:12.231996+00:00,San Francisco 49ers,Dallas Cowboys,moneyline,home,-180,
2026-09-28T03:35:12.921448+00:00,fanduel,NFL,nfl_stub_002,2026-10-01T03:35:12.231996+00:00,San Francisco 49ers,Dallas Cowboys,moneyline,away,155,
2026-09-28T03:35:12.921448+00:00,fanduel,NFL,nfl_stub_002,2026-10-01T03:35:12.231996+00:00,San Francisco 49ers,Dallas Cowboys,spread,home,-105,-4.0
2026-09-28T03:35:12.921448+00:00,fanduel,NFL,nfl_stub_002,2026-10-01T03:35:12.231996+00:00,San Francisco 49ers,Dallas Cowboys,spread,away,-115,4.0
2026-09-28T03:35:12.921448+00:00,fanduel,NFL,nfl_stub_002,2026-10-01T03:35:12.231996+00:00,San Francisco 49ers,Dallas Cowboys,total,over,-108,49.0
2026-09-28T03:35:12.921448+00:00,fanduel,NFL,nfl_stub_002,2026-10-01T03:35:12.231996+00:00,San Francisco 49ers,Dallas Cowboys,total,under,-112,49.0
2026-09-28T03:35:12.921448+00:00,fanduel,NBA,nba_stub_001,2026-09-29T03:35:12.313943+00:00,Los Angeles Lakers,Boston Celtics,moneyline,home,120,
2026-09-28T03:35:12.921448+00:00,fanduel,NBA,nba_stub_001,2026-09-29T03:35:12.313943+00:00,Los Angeles Lakers,Boston Celtics,moneyline,away,-140,
2026-09-28T03:35:12.921448+00:00,fanduel,NBA,nba_stub_001,2026-09-29T03:35:12.313943+00:00,Los Angeles Lakers,Boston Celtics,spread,home,-110,2.5
2026-09-28T03:35:12.921448+00:00,fanduel,NBA,nba_stub_001,2026-09-29T03:35:12.313943+00:00,Los Angeles Lakers,Boston Celtics,spread,away,-110,-2.5
2026-09-28T03:35:12.921448+00:00,fanduel,NBA,nba_stub_001,2026-09-29T03:35:12.313943+00:00,Los Angeles Lakers,Boston Celtics,total,over,-110,225.5
2026-09-28T03:35:12.921448+00:00,fanduel,NBA,nba_stub_001,2026-09-29T03:35:12.313943+00:00,Los Angeles Lakers,Boston Celtics,total,under,-110,225.5
2026-09-28T03:35:12.921448+00:00,fanduel,NBA,nba_stub_002,2026-09-29T06:35:12.313943+00:00,Golden State Warriors,Phoenix Suns,moneyline,home,-165,
2026-09-28T03:35:12.921448+00:00,fanduel,NBA,nba_stub_002,2026-09-29T06:35:12.313943+00:00,Golden State Warriors,Phoenix Suns,moneyline,away,145,
2026-09-28T03:35:12.921448+00:00,fanduel,NBA,nba_stub_002,2026-09-29T06:35:12.313943+00:00,Golden State Warriors,Phoenix Suns,spread,home,-108,-4.0
2026-09-28T03:35:12.921448+00:00,fanduel,NBA,nba_stub_002,2026-09-29T06:35:12.313943+00:00,Golden State Warriors,Phoenix Suns,spread,away,-112,4.0
2026-09-28T03:35:12.921448+00:00,fanduel,NBA,nba_stub_002,2026-09-29T06:35:12.313943+00:00,Golden State Warriors,Phoenix Suns,total,over,-105,232.0
2026-09-28T03:35:12.921448+00:00,fanduel,NBA,nba_stub_002,2026-09-29T06:35:12.313943+00:00,Golden State Warriors,Phoenix Suns,total,under,-115,232.0
2026-09-28T03:35:12.921448+00:00,fanduel,NBA,nba_stub_001,2026-09-29T03:35:12.548598+00:00,Los Angeles Lakers,Boston Celtics,moneyline,home,120,
2026-09-28T03:35:12.921448+00:00,fanduel,NBA,nba_stub_001,2026-09-29T03:35:12.548598+00:00,Los Angeles Lakers,Boston Celtics,moneyline,away,-140,
2026-09-28T03:35:12.921448+00:00,fanduel,NBA,nba_stub_001,2026-09-29T03:35:12.548598+00:00,Los Angeles Lakers,Boston Celtics,spread,home,-110,2.5
2026-09-28T03:35:12.921448+00:00,fanduel,NBA,nba_stub_001,2026-09-29T03:35:12.548598+00:00,Los Angeles Lakers,Boston Celtics,spread,away,-110,-2.5
2026-09-28T03:35:12.921448+00:00,fanduel,NBA,nba_stub_001,2026-09-29T03:35:12.548598+00:00,Los Angeles Lakers,Boston Celtics,total,over,-110,225.5
2026-09-28T03:35:12.921448+00:00,fanduel,NBA,nba_stub_001,2026-09-29T03:35:12.548598+00:00,Los Angeles Lakers,Boston Celtics,total,under,-110,225.5
2026-09-28T03:35:12.921448+00:00,fanduel,NBA,nba_stub_002,2026-09-29T06:35:12.548598+00:00,Golden State Warriors,Phoenix Suns,moneyline,home,-165,
2026-09-28T03:35:12.921448+00:00,fanduel,NBA,nba_stub_002,2026-09-29T06:35:12.548598+00:00,Golden State Warriors,Phoenix Suns,moneyline,away,145,
2026-09-28T03:35:12.921448+00:00,fanduel,NBA,nba_stub_002,2026-09-29T06:35:12.548598+00:00,Golden State Warriors,Phoenix Suns,spread,home,-108,-4.0
2026-09-28T03:35:12.921448+00:00,fanduel,NBA,nba_stub_002,2026-09-29T06:35:12.548598+00:00,Golden State Warriors,Phoenix Suns,spread,away,-112,4.0
2026-09-28T03:35:12.921448+00:00,fanduel,NBA,nba_stub_002,2026-09-29T06:35:12.548598+00:00,Golden State Warriors,Phoenix Suns,total,over,-105,232.0
2026-09-28T03:35:12.921448+00:00,fanduel,NBA,nba_stub_002,2026-09-29T06:35:12.548598+00:00,Golden State Warriors,Phoenix Suns,total,under,-115,232.0
2026-09-28T03:35:12.921448+00:00,fanduel,NHL,nhl_stub_001,2026-09-29T03:35:12.803251+00:00,Toronto Maple Leafs,Montreal Canadiens,moneyline,home,-155,
2026-09-28T03:35:12.921448+00:00,fanduel,NHL,nhl_stub_001,2026-09-29T03:35:12.803251+00:00,Toronto Maple Leafs,Montreal Canadiens,moneyline,away,135,
2026-09-28T03:35:12.921448+00:00,fanduel,NHL,nhl_stub_001,2026-09-29T03:35:12.803251+00:00,Toronto Maple Leafs,Montreal Canadiens,spread,home,-115,-1.5
2026-09-28T03:35:12.921448+00:00,fanduel,NHL,nhl_stub_001,2026-09-29T03:35:12.803251+00:00,Toronto Maple Leafs,Montreal Canadiens,spread,away,-105,1.5
2026-09-28T03:35:12.921448+00:00,fanduel,NHL,nhl_stub_001,2026-09-29T03:35:12.803251+00:00,Toronto Maple Leafs,Montreal Canadiens,total,over,-110,6.5
2026-09-28T03:35:12.921448+00:00,fanduel,NHL,nhl_stub_001,2026-09-29T03:35:12.803251+00:00,Toronto Maple Leafs,Montreal Canadiens,total,under,-110,6.5
2026-09-28T03:35:12.921448+00:00,fanduel,NHL,nhl_stub_002,2026-09-29T06:35:12.803251+00:00,Vegas Golden Knights,Colorado Avalanche,moneyline,home,-130,
2026-09-28T03:35:12.921448+00:00,fanduel,NHL,nhl_stub_002,2026-09-29T06:35:12.803251+00:00,Vegas Golden Knights,Colorado Avalanche,moneyline,away,110,
2026-09-28T03:35:12.921448+00:00,fanduel,NHL,nhl_stub_002,2026-09-29T06:35:12.803251+00:00,Vegas Golden Knights,Colorado Avalanche,spread,home,105,-1.5
2026-09-28T03:35:12.921448+00:00,fanduel,NHL,nhl_stub_002,2026-09-29T06:35:12.803251+00:00,Vegas Golden Knights,Colorado Avalanche,spread,away,-125,1.5
2026-09-28T03:35:12.921448+00:00,fanduel,NHL,nhl_stub_002,2026-09-29T06:35:12.803251+00:00,Vegas Golden Knights,Colorado Avalanche,total,over,-105,5.5
2026-09-28T03:35:12.921448+00:00,fanduel,NHL,nhl_stub_002,2026-09-29T06:35:12.803251+00:00,Vegas Golden Knights,Colorado Avalanche,total,under,-115,5.5
2026-09-28T03:35:12.921448+00:00,fanduel,MMA,mma_stub_001,2026-10-05T03:35:12.920419+00:00,Jon Jones,Stipe Miocic,moneyline,home,-250,
2026-09-28T03:35:12.921448+00:00,fanduel,MMA,mma_stub_001,2026-10-05T03:35:12.920419+00:00,Jon Jones,Stipe Miocic,moneyline,away,210,
2026-09-28T03:35:12.921448+00:00,fanduel,MMA,mma_stub_002,2026-10-05T05:35:12.920419+00:00,Islam Makhachev,Charles Oliveira,moneyline,home,-180,
2026-09-28T03:35:12.921448+00:00,fanduel,MMA,mma_stub_002,2026-10-05T05:35:12.920419+00:00,Islam Makhachev,Charles Oliveira,moneyline,away,155,
2026-09-28T10:31:56.763156+00:00,fanduel,NFL,nfl_stub_001,2026-09-30T10:31:55.767789+00:00,Kansas City Chiefs,Buffalo Bills,moneyline,home,-150,
2026-09-28T10:31:56.763156+00:00,fanduel,NFL,nfl_stub_001,2026-09-30T10:31:55.767789+00:00,Kansas City Chiefs,Buffalo Bills,moneyline,away,130,
2026-09-28T10:31:56.763156+00:00,fanduel,NFL,nfl_stub_001,2026-09-30T10:31:55.767789+00:00,Kansas City Chiefs,Buffalo Bills,spread,home,-110,-3.0
2026-09-28T10:31:56.763156+00:00,fanduel,NFL,nfl_stub_001,2026-09-30T10:31:55.767789+00:00,Kansas City Chiefs,Buffalo Bills,spread,away,-110,3.0
2026-09-28T10:31:56.763156+00:00,fanduel,NFL,nfl_stub_001,2026-09-30T10:31:55.767789+00:00,Kansas City Chiefs,Buffalo Bills,total,over,-110,47.5
2026-09-28T10:31:56.763156+00:00,fanduel,NFL,nfl_stub_001,2026-09-30T10:31:55.767789+00:00,Kansas City Chiefs,Buffalo Bills,total,under,-110,47.5
2026-09-28T10:31:56.763156+00:00,fanduel,NFL,nfl_stub_002,2026-10-01T10:31:55.767789+00:00,San Francisco 49ers,Dallas Cowboys,moneyline,home,-180,
2026-09-28T10:31:56.763156+00:00,fanduel,NFL,nfl_stub_002,2026-10-01T10:31:55.767789+00:00,San Francisco 49ers,Dallas Cowboys,moneyline,away,155,
2026-09-28T10:31:56.763156+00:00,fanduel,NFL,nfl_stub_002,2026-10-01T10:31:55.767789+00:00,San Francisco 49ers,Dallas Cowboys,spread,home,-105,-4.0
2026-09-28T10:31:56.763156+00:00,fanduel,NFL,nfl_stub_002,2026-10-01T10:31:55.767789+00:00,San Francisco 49ers,Dallas Cowboys,spread,away,-115,4.0
2026-09-28T10:31:56.763156+00:00,fanduel,NFL,nfl_stub_002,2026-10-01T10:31:55.767789+00:00,San Francisco 49ers,Dallas Cowboys,total,over,-108,49.0
2026-09-28T10:31:56.763156+00:00,fanduel,NFL,nfl_stub_002,2026-10-01T10:31:55.767789+00:00,San Francisco 49ers,Dallas Cowboys,total,under,-112,49.0
2026-09-28T10:31:56.763156+00:00,fanduel,NBA,nba_stub_001,2026-09-29T10:31:55.876678+00:00,Los Angeles Lakers,Boston Celtics,moneyline,home,120,
2026-09-28T10:31:56.763156+00:00,fanduel,NBA,nba_stub_001,2026-09-29T10:31:55.876678+00:00,Los Angeles Lakers,Boston Celtics,moneyline,away,-140,
2026-09-28T10:31:56.763156+00:00,fanduel,NBA,nba_stub_001,2026-09-29T10:31:55.876678+00:00,Los Angeles Lakers,Boston Celtics,spread,home,-110,2.5
2026-09-28T10:31:56.763156+00:00,fanduel,NBA,nba_stub_001,2026-09-29T10:31:55.876678+00:00,Los Angeles Lakers,Boston Celtics,spread,away,-110,-2.5
2026-09-28T10:31:56.763156+00:00,fanduel,NBA,nba_stub_001,2026-09-29T10:31:55.876678+00:00,Los Angeles Lakers,Boston Celtics,total,over,-110,225.5
2026-09-28T10:31:56.763156+00:00,fanduel,NBA,nba_stub_001,2026-09-29T10:31:55.876678+00:00,Los Angeles Lakers,Boston Celtics,total,under,-110,225.5
2026-09-28T10:31:56.763156+00:00,fanduel,NBA,nba_stub_002,2026-09-29T13:31:55.876678+00:00,Golden State Warriors,Phoenix Suns,moneyline,home,-165,
2026-09-28T10:31:56.763156+00:00,fanduel,NBA,nba_stub_002,2026-09-29T13:31:55.876678+00:00,Golden State Warriors,Phoenix Suns,moneyline,away,145,
2026-09-28T10:31:56.763156+00:00,fanduel,NBA,nba_stub_002,2026-09-29T13:31:55.876678+00:00,Golden State Warriors,Phoenix Suns,spread,home,-108,-4.0
2026-09-28T10:31:56.763156+00:00,fanduel,NBA,nba_stub_002,2026-09-29T13:31:55.876678+00:00,Golden State Warriors,Phoenix Suns,spread,away,-112,4.0
2026-09-28T10:31:56.763156+00:00,fanduel,NBA,nba_stub_002,2026-09-29T13:31:55.876678+00:00,Golden State Warriors,Phoenix Suns,total,over,-105,232.0
2026-09-28T10:31:56.763156+00:00,fanduel,NBA,nba_stub_002,2026-09-29T13:31:55.876678+00:00,Golden State Warriors,Phoenix Suns,total,under,-115,232.0
2026-09-28T10:31:56.763156+00:00,fanduel,NBA,nba_stub_001,2026-09-29T10:31:56.319941+00:00,Los Angeles Lakers,Boston Celtics,moneyline,home,120,
2026-09-28T10:31:56.763156+00:00,fanduel,NBA,nba_stub_001,2026-09-29T10:31:56.319941+00:00,Los Angeles Lakers,Boston Celtics,moneyline,away,-140,
2026-09-28T10:31:56.763156+00:00,fanduel,NBA,nba_stub_001,2026-09-29T10:31:56.319941+00:00,Los Angeles Lakers,Boston Celtics,spread,home,-110,2.5
2026-09-28T10:31:56.763156+00:00,fanduel,NBA,nba_stub_001,2026-09-29T10:31:56.319941+00:00,Los Angeles Lakers,Boston Celtics,spread,away,-110,-2.5
2026-09-28T10:31:56.763156+00:00,fanduel,NBA,nba_stub_001,2026-09-29T10:31:56.319941+00:00,Los Angeles Lakers,Boston Celtics,total,over,-110,225.5
2026-09-28T10:31:56.763156+00:00,fanduel,NBA,nba_stub_001,2026-09-29T10:31:56.319941+00:00,Los Angeles Lakers,Boston Celtics,total,under,-110,225.5
2026-09-28T10:31:56.763156+00:00,fanduel,NBA,nba_stub_002,2026-09-29T13:31:56.319941+00:00,Golden State Warriors,Phoenix Suns,moneyline,home,-165,
2026-09-28T10:31:56.763156+00:00,fanduel,NBA,nba_stub_002,2026-09-29T13:31:56.319941+00:00,Golden State Warriors,Phoenix Suns,moneyline,away,145,
2026-09-28T10:31:56.763156+00:00,fanduel,NBA,nba_stub_002,2026-09-29T13:31:56.319941+00:00,Golden State Warriors,Phoenix Suns,spread,home,-108,-4.0
2026-09-28T10:31:56.763156+00:00,fanduel,NBA,nba_stub_002,2026-09-29T13:31:56.319941+00:00,Golden State Warriors,Phoenix Suns,spread,away,-112,4.0
2026-09-28T10:31:56.763156+00:00,fanduel,NBA,nba_stub_002,2026-09-29T13:31:56.319941+00:00,Golden State Warriors,Phoenix Suns,total,over,-105,232.0
2026-09-28T10:31:56.763156+00:00,fanduel,NBA,nba_stub_002,2026-09-29T13:31:56.319941+00:00,Golden State Warriors,Phoenix Suns,total,under,-115,232.0
2026-09-28T10:31:56.763156+00:00,fanduel,NHL,nhl_stub_001,2026-09-29T10:31:56.536518+00:00,Toronto Maple Leafs,Montreal Canadiens,moneyline,home,-155,
2026-09-28T10:31:56.763156+00:00,fanduel,NHL,nhl_stub_001,2026-09-29T10:31:56.536518+00:00,Toronto Maple Leafs,Montreal Canadiens,moneyline,away,135,
2026-09-28T10:31:56.763156+00:00,fanduel,NHL,nhl_stub_001,2026-09-29T10:31:56.536518+00:00,Toronto Maple Leafs,Montreal Canadiens,spread,home,-115,-1.5
2026-09-28T10:31:56.763156+00:00,fanduel,NHL,nhl_stub_001,2026-09-29T10:31:56.536518+00:00,Toronto Maple Leafs,Montreal Canadiens,spread,away,-105,1.5
2026-09-28T10:31:56.763156+00:00,fanduel,NHL,nhl_stub_001,2026-09-29T10:31:56.536518+00:00,Toronto Maple Leafs,Montreal Canadiens,total,over,-110,6.5
2026-09-28T10:31:56.763156+00:00,fanduel,NHL,nhl_stub_001,2026-09-29T10:31:56.536518+00:00,Toronto Maple Leafs,Montreal Canadiens,total,under,-110,6.5
2026-09-28T10:31:56.763156+00:00,fanduel,NHL,nhl_stub_002,2026-09-29T13:31:56.536518+00:00,Vegas Golden Knights,Colorado Avalanche,moneyline,home,-130,
2026-09-28T10:31:56.763156+00:00,fanduel,NHL,nhl_stub_002,2026-09-29T13:31:56.536518+00:00,Vegas Golden Knights,Colorado Avalanche,moneyline,away,110,
2026-09-28T10:31:56.763156+00:00,fanduel,NHL,nhl_stub_002,2026-09-29T13:31:56.536518+00:00,Vegas Golden Knights,Colorado Avalanche,spread,home,105,-1.5
2026-09-28T10:31:56.763156+00:00,fanduel,NHL,nhl_stub_002,2026-09-29T13:31:56.536518+00:00,Vegas Golden Knights,Colorado Avalanche,spread,away,-125,1.5
2026-09-28T10:31:56.763156+00:00,fanduel,NHL,nhl_stub_002,2026-09-29T13:31:56.536518+00:00,Vegas Golden Knights,Colorado Avalanche,total,over,-105,5.5
2026-09-28T10:31:56.763156+00:00,fanduel,NHL,nhl_stub_002,2026-09-29T13:31:56.536518+00:00,Vegas Golden Knights,Colorado Avalanche,total,under,-115,5.5
2026-09-28T10:31:56.763156+00:00,fanduel,MMA,mma_stub_001,2026-10-05T10:31:56.762110+00:00,Jon Jones,Stipe Miocic,moneyline,home,-250,
2026-09-28T10:31:56.763156+00:00,fanduel,MMA,mma_stub_001,2026-10-05T10:31:56.762110+00:00,Jon Jones,Stipe Miocic,moneyline,away,210,
2026-09-28T10:31:56.763156+00:00,fanduel,MMA,mma_stub_002,2026-10-05T12:31:56.762110+00:00,Islam Makhachev,Charles Oliveira,moneyline,home,-180,
2026-09-28T10:31:56.763156+00:00,fanduel,MMA,mma_stub_002,2026-10-05T12:31:56.762110+00:00,Islam Makhachev,Charles Oliveira,moneyline,away,155,
2026-09-28T11:17:52.240253+00:00,fanduel,NFL,nfl_stub_001,2026-09-30T11:17:51.567448+00:00,Kansas City Chiefs,Buffalo Bills,moneyline,home,-150,
2026-09-28T11:17:52.240253+00:00,fanduel,NFL,nfl_stub_001,2026-09-30T11:17:51.567448+00:00,Kansas City Chiefs,Buffalo Bills,moneyline,away,130,
2026-09-28T11:17:52.240253+00:00,fanduel,NFL,nfl_stub_001,2026-09-30T11:17:51.567448+00:00,Kansas City Chiefs,Buffalo Bills,spread,home,-110,-3.0
2026-09-28T11:17:52.240253+00:00,fanduel,NFL,nfl_stub_001,2026-09-30T11:17:51.567448+00:00,Kansas City Chiefs,Buffalo Bills,spread,away,-110,3.0
2026-09-28T11:17:52.240253+00:00,fanduel,NFL,nfl_stub_001,2026-09-30T11:17:51.567448+00:00,Kansas City Chiefs,Buffalo Bills,total,over,-110,47.5
2026-09-28T11:17:52.240253+00:00,fanduel,NFL,nfl_stub_001,2026-09-30T11:17:51.567448+00:00,Kansas City Chiefs,Buffalo Bills,total,under,-110,47.5
2026-09-28T11:17:52.240253+00:00,fanduel,NFL,nfl_stub_002,2026-10-01T11:17:51.567448+00:00,San Francisco 49ers,Dallas Cowboys,moneyline,home,-180,
2026-09-28T11:17:52.240253+00:00,fanduel,NFL,nfl_stub_002,2026-10-01T11:17:51.567448+00:00,San Francisco 49ers,Dallas Cowboys,moneyline,away,155,
2026-09-28T11:17:52.240253+00:00,fanduel,NFL,nfl_stub_002,2026-10-01T11:17:51.567448+00:00,San Francisco 49ers,Dallas Cowboys,spread,home,-105,-4.0
2026-09-28T11:17:52.240253+00:00,fanduel,NFL,nfl_stub_002,2026-10-01T11:17:51.567448+00:00,San Francisco 49ers,Dallas Cowboys,spread,away,-115,4.0
2026-09-28T11:17:52.240253+00:00,fanduel,NFL,nfl_stub_002,2026-10-01T11:17:51.567448+00:00,San Francisco 49ers,Dallas Cowboys,total,over,-108,49.0
2026-09-28T11:17:52.240253+00:00,fanduel,NFL,nfl_stub_002,2026-10-01T11:17:51.567448+00:00,San Francisco 49ers,Dallas Cowboys,total,under,-112,49.0
2026-09-28T11:17:52.240253+00:00,fanduel,NBA,nba_stub_001,2026-09-29T11:17:51.713417+00:00,Los Angeles Lakers,Boston Celtics,moneyline,home,120,
2026-09-28T11:17:52.240253+00:00,fanduel,NBA,nba_stub_001,2026-09-29T11:17:51.713417+00:00,Los Angeles Lakers,Boston Celtics,moneyline,away,-140,
2026-09-28T11:17:52.240253+00:00,fanduel,NBA,nba_stub_001,2026-09-29T11:17:51.713417+00:00,Los Angeles Lakers,Boston Celtics,spread,home,-110,2.5
2026-09-28T11:17:52.240253+00:00,fanduel,NBA,nba_stub_001,2026-09-29T11:17:51.713417+00:00,Los Angeles Lakers,Boston Celtics,spread,away,-110,-2.5
2026-09-28T11:17:52.240253+00:00,fanduel,NBA,nba_stub_001,2026-09-29T11:17:51.713417+00:00,Los Angeles Lakers,Boston Celtics,total,over,-110,225.5
2026-09-28T11:17:52.240253+00:00,fanduel,NBA,nba_stub_001,2026-09-29T11:17:51.713417+00:00,Los Angeles Lakers,Boston Celtics,total,under,-110,225.5
2026-09-28T11:17:52.240253+00:00,fanduel,NBA,nba_stub_002,2026-09-29T14:17:51.713417+00:00,Golden State Warriors,Phoenix Suns,moneyline,home,-165,
2026-09-28T11:17:52.240253+00:00,fanduel,NBA,nba_stub_002,2026-09-29T14:17:51.713417+00:00,Golden State Warriors,Phoenix Suns,moneyline,away,145,
2026-09-28T11:17:52.240253+00:00,fanduel,NBA,nba_stub_002,2026-09-29T14:17:51.713417+00:00,Golden State Warriors,Phoenix Suns,spread,home,-108,-4.0
2026-09-28T11:17:52.240253+00:00,fanduel,NBA,nba_stub_002,2026-09-29T14:17:51.713417+00:00,Golden State Warriors,Phoenix Suns,spread,away,-112,4.0
2026-09-28T11:17:52.240253+00:00,fanduel,NBA,nba_stub_002,2026-09-29T14:17:51.713417+00:00,Golden State Warriors,Phoenix Suns,total,over,-105,232.0
2026-09-28T11:17:52.240253+00:00,fanduel,NBA,nba_stub_002,2026-09-29T14:17:51.713417+00:00,Golden State Warriors,Phoenix Suns,total,under,-115,232.0
2026-09-28T11:17:52.240253+00:00,fanduel,NBA,nba_stub_001,2026-09-29T11:17:52.031589+00:00,Los Angeles Lakers,Boston Celtics,moneyline,home,120,
2026-09-28T11:17:52.240253+00:00,fanduel,NBA,nba_stub_001,2026-09-29T11:17:52.031589+00:00,Los Angeles Lakers,Boston Celtics,moneyline,away,-140,
2026-09-28T11:17:52.240253+00:00,fanduel,NBA,nba_stub_001,2026-09-29T11:17:52.031589+00:00,Los Angeles Lakers,Boston Celtics,spread,home,-110,2.5
2026-09-28T11:17:52.240253+00:00,fanduel,NBA,nba_stub_001,2026-09-29T11:17:52.031589+00:00,Los Angeles Lakers,Boston Celtics,spread,away,-110,-2.5
2026-09-28T11:17:52.240253+00:00,fanduel,NBA,nba_stub_001,2026-09-29T11:17:52.031589+00:00,Los Angeles Lakers,Boston Celtics,total,over,-110,225.5
2026-09-28T11:17:52.240253+00:00,fanduel,NBA,nba_stub_001,2026-09-29T11:17:52.031589+00:00,Los Angeles Lakers,Boston Celtics,total,under,-110,225.5
2026-09-28T11:17:52.240253+00:00,fanduel,NBA,nba_stub_002,2026-09-29T14:17:52.031589+00:00,Golden State Warriors,Phoenix Suns,moneyline,home,-165,
2026-09-28T11:17:52.240253+00:00,fanduel,NBA,nba_stub_002,2026-09-29T14:17:52.031589+00:00,Golden State Warriors,Phoenix Suns,moneyline,away,145,
2026-09-28T11:17:52.240253+00:00,fanduel,NBA,nba_stub_002,2026-09-29T14:17:52.031589+00:00,Golden State Warriors,Phoenix Suns,spread,home,-108,-4.0
2026-09-28T11:17:52.240253+00:00,fanduel,NBA,nba_stub_002,2026-09-29T14:17:52.031589+00:00,Golden State Warriors,Phoenix Suns,spread,away,-112,4.0
2026-09-28T11:17:52.240253+00:00,fanduel,NBA,nba_stub_002,2026-09-29T14:17:52.031589+00:00,Golden State Warriors,Phoenix Suns,total,over,-105,232.0
2026-09-28T11:17:52.240253+00:00,fanduel,NBA,nba_stub_002,2026-09-29T14:17:52.031589+00:00,Golden State Warriors,Phoenix Suns,total,under,-115,232.0
2026-09-28T11:17:52.240253+00:00,fanduel,NHL,nhl_stub_001,2026-09-29T11:17:52.174363+00:00,Toronto Maple Leafs,Montreal Canadiens,moneyline,home,-155,
2026-09-28T11:17:52.240253+00:00,fanduel,NHL,nhl_stub_001,2026-09-29T11:17:52.174363+00:00,Toronto Maple Leafs,Montreal Canadiens,moneyline,away,135,
2026-09-28T11:17:52.240253+00:00,fanduel,NHL,nhl_stub_001,2026-09-29T11:17:52.174363+00:00,Toronto Maple Leafs,Montreal Canadiens,spread,home,-115,-1.5
2026-09-28T11:17:52.240253+00:00,fanduel,NHL,nhl_stub_001,2026-09-29T11:17:52.174363+00:00,Toronto Maple Leafs,Montreal Canadiens,spread,away,-105,1.5
2026-09-28T11:17:52.240253+00:00,fanduel,NHL,nhl_stub_001,2026-09-29T11:17:52.174363+00:00,Toronto Maple Leafs,Montreal Canadiens,total,over,-110,6.5
2026-09-28T11:17:52.240253+00:00,fanduel,NHL,nhl_stub_001,2026-09-29T11:17:52.174363+00:00,Toronto Maple Leafs,Montreal Canadiens,total,under,-110,6.5
2026-09-28T11:17:52.240253+00:00,fanduel,NHL,nhl_stub_002,2026-09-29T14:17:52.174363+00:00,Vegas Golden Knights,Colorado Avalanche,moneyline,home,-130,
2026-09-28T11:17:52.240253+00:00,fanduel,NHL,nhl_stub_002,2026-09-29T14:17:52.174363+00:00,Vegas Golden Knights,Colorado Avalanche,moneyline,away,110,
2026-09-28T11:17:52.240253+00:00,fanduel,NHL,nhl_stub_002,2026-09-29T14:17:52.174363+00:00,Vegas Golden Knights,Colorado Avalanche,spread,home,105,-1.5
2026-09-28T11:17:52.240253+00:00,fanduel,NHL,nhl_stub_002,2026-09-29T14:17:52.174363+00:00,Vegas Golden Knights,Colorado Avalanche,spread,away,-125,1.5
2026-09-28T11:17:52.240253+00:00,fanduel,NHL,nhl_stub_002,2026-09-29T14:17:52.174363+00:00,Vegas Golden Knights,Colorado Avalanche,total,over,-105,5.5
2026-09-28T11:17:52.240253+00:00,fanduel,NHL,nhl_stub_002,2026-09-29T14:17:52.174363+00:00,Vegas Golden Knights,Colorado Avalanche,total,under,-115,5.5
2026-09-28T11:17:52.240253+00:00,fanduel,MMA,mma_stub_001,2026-10-05T11:17:52.239177+00:00,Jon Jones,Stipe Miocic,moneyline,home,-250,
2026-09-28T11:17:52.240253+00:00,fanduel,MMA,mma_stub_001,2026-10-05T11:17:52.239177+00:00,Jon Jones,Stipe Miocic,moneyline,away,210,
2026-09-28T11:17:52.240253+00:00,fanduel,MMA,mma_stub_002,2026-10-05T13:17:52.239177+00:00,Islam Makhachev,Charles Oliveira,moneyline,home,-180,
2026-09-28T11:17:52.240253+00:00,fanduel,MMA,mma_stub_002,2026-10-05T13:17:52.239177+00:00,Islam Makhachev,Charles Oliveira,moneyline,away,155,
2026-09-28T19:53:00.578376+00:00,fanduel,NFL,nfl_stub_001,2026-09-30T19:52:59.765114+00:00,Kansas City Chiefs,Buffalo Bills,moneyline,home,-150,
2026-09-28T19:53:00.578376+00:00,fanduel,NFL,nfl_stub_001,2026-09-30T19:52:59.765114+00:00,Kansas City Chiefs,Buffalo Bills,moneyline,away,130,
2026-09-28T19:53:00.578376+00:00,fanduel,NFL,nfl_stub_001,2026-09-30T19:52:59.765114+00:00,Kansas City Chiefs,Buffalo Bills,spread,home,-110,-3.0
2026-09-28T19:53:00.578376+00:00,fanduel,NFL,nfl_stub_001,2026-09-30T19:52:59.765114+00:00,Kansas City Chiefs,Buffalo Bills,spread,away,-110,3.0
2026-09-28T19:53:00.578376+00:00,fanduel,NFL,nfl_stub_001,2026-09-30T19:52:59.765114+00:00,Kansas City Chiefs,Buffalo Bills,total,over,-110,47.5
2026-09-28T19:53:00.578376+00:00,fanduel,NFL,nfl_stub_001,2026-09-30T19:52:59.765114+00:00,Kansas City Chiefs,Buffalo Bills,total,under,-110,47.5
2026-09-28T19:53:00.578376+00:00,fanduel,NFL,nfl_stub_002,2026-10-01T19:52:59.765114+00:00,San Francisco 49ers,Dallas Cowboys,moneyline,home,-180,
2026-09-28T19:53:00.578376+00:00,fanduel,NFL,nfl_stub_002,2026-10-01T19:52:59.765114+00:00,San Francisco 49ers,Dallas Cowboys,moneyline,away,155,
2026-09-28T19:53:00.578376+00:00,fanduel,NFL,nfl_stub_002,2026-10-01T19:52:59.765114+00:00,San Francisco 49ers,Dallas Cowboys,spread,home,-105,-4.0
2026-09-28T19:53:00.578376+00:00,fanduel,NFL,nfl_stub_002,2026-10-01T19:52:59.765114+00:00,San Francisco 49ers,Dallas Cowboys,spread,away,-115,4.0
2026-09-28T19:53:00.578376+00:00,fanduel,NFL,nfl_stub_002,2026-10-01T19:52:59.765114+00:00,San Francisco 49ers,Dallas Cowboys,total,over,-108,49.0
2026-09-28T19:53:00.578376+00:00,fanduel,NFL,nfl_stub_002,2026-10-01T19:52:59.765114+00:00,San Francisco 49ers,Dallas Cowboys,total,under,-112,49.0
2026-09-28T19:53:00.578376+00:00,fanduel,NBA,nba_stub_001,2026-09-29T19:52:59.895397+00:00,Los Angeles Lakers,Boston Celtics,moneyline,home,120,
2026-09-28T19:53:00.578376+00:00,fanduel,NBA,nba_stub_001,2026-09-29T19:52:59.895397+00:00,Los Angeles Lakers,Boston Celtics,moneyline,away,-140,
2026-09-28T19:53:00.578376+00:00,fanduel,NBA,nba_stub_001,2026-09-29T19:52:59.895397+00:00,Los Angeles Lakers,Boston Celtics,spread,home,-110,2.5
2026-09-28T19:53:00.578376+00:00,fanduel,NBA,nba_stub_001,2026-09-29T19:52:59.895397+00:00,Los Angeles Lakers,Boston Celtics,spread,away,-110,-2.5
2026-09-28T19:53:00.578376+00:00,fanduel,NBA,nba_stub_001,2026-09-29T19:52:59.895397+00:00,Los Angeles Lakers,Boston Celtics,total,over,-110,225.5
2026-09-28T19:53:00.578376+00:00,fanduel,NBA,nba_stub_001,2026-09-29T19:52:59.895397+00:00,Los Angeles Lakers,Boston Celtics,total,under,-110,225.5
2026-09-28T19:53:00.578376+00:00,fanduel,NBA,nba_stub_002,2026-09-29T22:52:59.895397+00:00,Golden State Warriors,Phoenix Suns,moneyline,home,-165,
2026-09-28T19:53:00.578376+00:00,fanduel,NBA,nba_stub_002,2026-09-29T22:52:59.895397+00:00,Golden State Warriors,Phoenix Suns,moneyline,away,145,
2026-09-28T19:53:00.578376+00:00,fanduel,NBA,nba_stub_002,2026-09-29T22:52:59.895397+00:00,Golden State Warriors,Phoenix Suns,spread,home,-108,-4.0
2026-09-28T19:53:00.578376+00:00,fanduel,NBA,nba_stub_002,2026-09-29T22:52:59.895397+00:00,Golden State Warriors,Phoenix Suns,spread,away,-112,4.0
2026-09-28T19:53:00.578376+00:00,fanduel,NBA,nba_stub_002,2026-09-29T22:52:59.895397+00:00,Golden State Warriors,Phoenix Suns,total,over,-105,232.0
2026-09-28T19:53:00.578376+00:00,fanduel,NBA,nba_stub_002,2026-09-29T22:52:59.895397+00:00,Golden State Warriors,Phoenix Suns,total,under,-115,232.0
2026-09-28T19:53:00.578376+00:00,fanduel,NBA,nba_stub_001,2026-09-29T19:53:00.217657+00:00,Los Angeles Lakers,Boston Celtics,moneyline,home,120,
2026-09-28T19:53:00.578376+00:00,fanduel,NBA,nba_stub_001,2026-09-29T19:53:00.217657+00:00,Los Angeles Lakers,Boston Celtics,moneyline,away,-140,
2026-09-28T19:53:00.578376+00:00,fanduel,NBA,nba_stub_001,2026-09-29T19:53:00.217657+00:00,Los Angeles Lakers,Boston Celtics,spread,home,-110,2.5
2026-09-28T19:53:00.578376+00:00,fanduel,NBA,nba_stub_001,2026-09-29T19:53:00.217657+00:00,Los Angeles Lakers,Boston Celtics,spread,away,-110,-2.5
2026-09-28T19:53:00.578376+00:00,fanduel,NBA,nba_stub_001,2026-09-29T19:53:00.217657+00:00,Los Angeles Lakers,Boston Celtics,total,over,-110,225.5
2026-09-28T19:53:00.578376+00:00,fanduel,NBA,nba_stub_001,2026-09-29T19:53:00.217657+00:00,Los Angeles Lakers,Boston Celtics,total,under,-110,225.5
2026-09-28T19:53:00.578376+00:00,fanduel,NBA,nba_stub_002,2026-09-29T22:53:00.217657+00:00,Golden State Warriors,Phoenix Suns,moneyline,home,-165,
2026-09-28T19:53:00.578376+00:00,fanduel,NBA,nba_stub_002,2026-09-29T22:53:00.217657+00:00,Golden State Warriors,Phoenix Suns,moneyline,away,145,
2026-09-28T19:53:00.578376+00:00,fanduel,NBA,nba_stub_002,2026-09-29T22:53:00.217657+00:00,Golden State Warriors,Phoenix Suns,spread,home,-108,-4.0
2026-09-28T19:53:00.578376+00:00,fanduel,NBA,nba_stub_002,2026-09-29T22:53:00.217657+00:00,Golden State Warriors,Phoenix Suns,spread,away,-112,4.0
2026-09-28T19:53:00.578376+00:00,fanduel,NBA,nba_stub_002,2026-09-29T22:53:00.217657+00:00,Golden State Warriors,Phoenix Suns,total,over,-105,232.0
2026-09-28T19:53:00.578376+00:00,fanduel,NBA,nba_stub_002,2026-09-29T22:53:00.217657+00:00,Golden State Warriors,Phoenix Suns,total,under,-115,232.0
2026-09-28T19:53:00.578376+00:00,fanduel,NHL,nhl_stub_001,2026-09-29T19:53:00.474226+00:00,Toronto Maple Leafs,Montreal Canadiens,moneyline,home,-155,
2026-09-28T19:53:00.578376+00:00,fanduel,NHL,nhl_stub_001,2026-09-29T19:53:00.474226+00:00,Toronto Maple Leafs,Montreal Canadiens,moneyline,away,135,
2026-09-28T19:53:00.578376+00:00,fanduel,NHL,nhl_stub_001,2026-09-29T19:53:00.474226+00:00,Toronto Maple Leafs,Montreal Canadiens,spread,home,-115,-1.5
2026-09-28T19:53:00.578376+00:00,fanduel,NHL,nhl_stub_001,2026-09-29T19:53:00.474226+00:00,Toronto Maple Leafs,Montreal Canadiens,spread,away,-105,1.5
2026-09-28T19:53:00.578376+00:00,fanduel,NHL,nhl_stub_001,2026-09-29T19:53:00.474226+00:00,Toronto Maple Leafs,Montreal Canadiens,total,over,-110,6.5
2026-09-28T19:53:00.578376+00:00,fanduel,NHL,nhl_stub_001,2026-09-29T19:53:00.474226+00:00,Toronto Maple Leafs,Montreal Canadiens,total,under,-110,6.5
2026-09-28T19:53:00.578376+00:00,fanduel,NHL,nhl_stub_002,2026-09-29T22:53:00.474226+00:00,Vegas Golden Knights,Colorado Avalanche,moneyline,home,-130,
2026-09-28T19:53:00.578376+00:00,fanduel,NHL,nhl_stub_002,2026-09-29T22:53:00.474226+00:00,Vegas Golden Knights,Colorado Avalanche,moneyline,away,110,
2026-09-28T19:53:00.578376+00:00,fanduel,NHL,nhl_stub_002,2026-09-29T22:53:00.474226+00:00,Vegas Golden Knights,Colorado Avalanche,spread,home,105,-1.5
2026-09-28T19:53:00.578376+00:00,fanduel,NHL,nhl_stub_002,2026-09-29T22:53:00.474226+00:00,Vegas Golden Knights,Colorado Avalanche,spread,away,-125,1.5
2026-09-28T19:53:00.578376+00:00,fanduel,NHL,nhl_stub_002,2026-09-29T22:53:00.474226+00:00,Vegas Golden Knights,Colorado Avalanche,total,over,-105,5.5
2026-09-28T19:53:00.578376+00:00,fanduel,NHL,nhl_stub_002,2026-09-29T22:53:00.474226+00:00,Vegas Golden Knights,Colorado Avalanche,total,under,-115,5.5
2026-09-28T19:53:00.578376+00:00,fanduel,MMA,mma_stub_001,2026-10-05T19:53:00.577463+00:00,Jon Jones,Stipe Miocic,moneyline,home,-250,
2026-09-28T19:53:00.578376+00:00,fanduel,MMA,mma_stub_001,2026-10-05T19:53:00.577463+00:00,Jon Jones,Stipe Miocic,moneyline,away,210,
2026-09-28T19:53:00.578376+00:00,fanduel,MMA,mma_stub_002,2026-10-05T21:53:00.577463+00:00,Islam Makhachev,Charles Oliveira,moneyline,home,-180,
2026-09-28T19:53:00.578376+00:00,fanduel,MMA,mma_stub_002,2026-10-05T21:53:00.577463+00:00,Islam Makhachev,Charles Oliveira,moneyline,away,155,
2026-09-28T22:27:14.985296+00:00,fanduel,NFL,nfl_stub_001,2026-09-30T22:27:14.292590+00:00,Kansas City Chiefs,Buffalo Bills,moneyline,home,-150,
2026-09-28T22:27:14.985296+00:00,fanduel,NFL,nfl_stub_001,2026-09-30T22:27:14.292590+00:00,Kansas City Chiefs,Buffalo Bills,moneyline,away,130,
2026-09-28T22:27:14.985296+00:00,fanduel,NFL,nfl_stub_001,2026-09-30T22:27:14.292590+00:00,Kansas City Chiefs,Buffalo Bills,spread,home,-110,-3.0
2026-09-28T22:27:14.985296+00:00,fanduel,NFL,nfl_stub_001,2026-09-30T22:27:14.292590+00:00,Kansas City Chiefs,Buffalo Bills,spread,away,-110,3.0
2026-09-28T22:27:14.985296+00:00,fanduel,NFL,nfl_stub_001,2026-09-30T22:27:14.292590+00:00,Kansas City Chiefs,Buffalo Bills,total,over,-110,47.5
2026-09-28T22:27:14.985296+00:00,fanduel,NFL,nfl_stub_001,2026-09-30T22:27:14.292590+00:00,Kansas City Chiefs,Buffalo Bills,total,under,-110,47.5
2026-09-28T22:27:14.985296+00:00,fanduel,NFL,nfl_stub_002,2026-10-01T22:27:14.292590+00:00,San Francisco 49ers,Dallas Cowboys,moneyline,home,-180,
2026-09-28T22:27:14.985296+00:00,fanduel,NFL,nfl_stub_002,2026-10-01T22:27:14.292590+00:00,San Francisco 49ers,Dallas Cowboys,moneyline,away,155,
2026-09-28T22:27:14.985296+00:00,fanduel,NFL,nfl_stub_002,2026-10-01T22:27:14.292590+00:00,San Francisco 49ers,Dallas Cowboys,spread,home,-105,-4.0
2026-09-28T22:27:14.985296+00:00,fanduel,NFL,nfl_stub_002,2026-10-01T22:27:14.292590+00:00,San Francisco 49ers,Dallas Cowboys,spread,away,-115,4.0
2026-09-28T22:27:14.985296+00:00,fanduel,NFL,nfl_stub_002,2026-10-01T22:27:14.292590+00:00,San Francisco 49ers,Dallas Cowboys,total,over,-108,49.0
2026-09-28T22:27:14.985296+00:00,fanduel,NFL,nfl_stub_002,2026-10-01T22:27:14.292590+00:00,San Francisco 49ers,Dallas Cowboys,total,under,-112,49.0
2026-09-28T22:27:14.985296+00:00,fanduel,NBA,nba_stub_001,2026-09-29T22:27:14.431503+00:00,Los Angeles Lakers,Boston Celtics,moneyline,home,120,
2026-09-28T22:27:14.985296+00:00,fanduel,NBA,nba_stub_001,2026-09-29T22:27:14.431503+00:00,Los Angeles Lakers,Boston Celtics,moneyline,away,-140,
2026-09-28T22:27:14.985296+00:00,fanduel,NBA,nba_stub_001,2026-09-29T22:27:14.431503+00:00,Los Angeles Lakers,Boston Celtics,spread,home,-110,2.5
2026-09-28T22:27:14.985296+00:00,fanduel,NBA,nba_stub_001,2026-09-29T22:27:14.431503+00:00,Los Angeles Lakers,Boston Celtics,spread,away,-110,-2.5
2026-09-28T22:27:14.985296+00:00,fanduel,NBA,nba_stub_001,2026-09-29T22:27:14.431503+00:00,Los Angeles Lakers,Boston Celtics,total,over,-110,225.5
2026-09-28T22:27:14.985296+00:00,fanduel,NBA,nba_stub_001,2026-09-29T22:27:14.431503+00:00,Los Angeles Lakers,Boston Celtics,total,under,-110,225.5
2026-09-28T22:27:14.985296+00:00,fanduel,NBA,nba_stub_002,2026-09-30T01:27:14.431503+00:00,Golden State Warriors,Phoenix Suns,moneyline,home,-165,
2026-09-28T22:27:14.985296+00:00,fanduel,NBA,nba_stub_002,2026-09-30T01:27:14.431503+00:00,Golden State Warriors,Phoenix Suns,moneyline,away,145,
2026-09-28T22:27:14.985296+00:00,fanduel,NBA,nba_stub_002,2026-09-30T01:27:14.431503+00:00,Golden State Warriors,Phoenix Suns,spread,home,-108,-4.0
2026-09-28T22:27:14.985296+00:00,fanduel,NBA,nba_stub_002,2026-09-30T01:27:14.431503+00:00,Golden State Warriors,Phoenix Suns,spread,away,-112,4.0
2026-09-28T22:27:14.985296+00:00,fanduel,NBA,nba_stub_002,2026-09-30T01:27:14.431503+00:00,Golden State Warriors,Phoenix Suns,total,over,-105,232.0
2026-09-28T22:27:14.985296+00:00,fanduel,NBA,nba_stub_002,2026-09-30T01:27:14.431503+00:00,Golden State Warriors,Phoenix Suns,total,under,-115,232.0
2026-09-28T22:27:14.985296+00:00,fanduel,NBA,nba_stub_001,2026-09-29T22:27:14.802860+00:00,Los Angeles Lakers,Boston Celtics,moneyline,home,120,
2026-09-28T22:27:14.985296+00:00,fanduel,NBA,nba_stub_001,2026-09-29T22:27:14.802860+00:00,Los Angeles Lakers,Boston Celtics,moneyline,away,-140,
2026-09-28T22:27:14.985296+00:00,fanduel,NBA,nba_stub_001,2026-09-29T22:27:14.802860+00:00,Los Angeles Lakers,Boston Celtics,spread,home,-110,2.5
2026-09-28T22:27:14.985296+00:00,fanduel,NBA,nba_stub_001,2026-09-29T22:27:14.802860+00:00,Los Angeles Lakers,Boston Celtics,spread,away,-110,-2.5
2026-09-28T22:27:14.985296+00:00,fanduel,NBA,nba_stub_001,2026-09-29T22:27:14.802860+00:00,Los Angeles Lakers,Boston Celtics,total,over,-110,225.5
2026-09-28T22:27:14.985296+00:00,fanduel,NBA,nba_stub_001,2026-09-29T22:27:14.802860+00:00,Los Angeles Lakers,Boston Celtics,total,under,-110,225.5
2026-09-28T22:27:14.985296+00:00,fanduel,NBA,nba_stub_002,2026-09-30T01:27:14.802860+00:00,Golden State Warriors,Phoenix Suns,moneyline,home,-165,
2026-09-28T22:27:14.985296+00:00,fanduel,NBA,nba_stub_002,2026-09-30T01:27:14.802860+00:00,Golden State Warriors,Phoenix Suns,moneyline,away,145,
2026-09-28T22:27:14.985296+00:00,fanduel,NBA,nba_stub_002,2026-09-30T01:27:14.802860+00:00,Golden State Warriors,Phoenix Suns,spread,home,-108,-4.0
2026-09-28T22:27:14.985296+00:00,fanduel,NBA,nba_stub_002,2026-09-30T01:27:14.802860+00:00,Golden State Warriors,Phoenix Suns,spread,away,-112,4.0
2026-09-28T22:27:14.985296+00:00,fanduel,NBA,nba_stub_002,2026-09-30T01:27:14.802860+00:00,Golden State Warriors,Phoenix Suns,total,over,-105,232.0
2026-09-28T22:27:14.985296+00:00,fanduel,NBA,nba_stub_002,2026-09-30T01:27:14.802860+00:00,Golden State Warriors,Phoenix Suns,total,under,-115,232.0
2026-09-28T22:27:14.985296+00:00,fanduel,NHL,nhl_stub_001,2026-09-29T22:27:14.892065+00:00,Toronto Maple Leafs,Montreal Canadiens,moneyline,home,-155,
2026-09-28T22:27:14.985296+00:00,fanduel,NHL,nhl_stub_001,2026-09-29T22:27:14.892065+00:00,Toronto Maple Leafs,Montreal Canadiens,moneyline,away,135,
2026-09-28T22:27:14.985296+00:00,fanduel,NHL,nhl_stub_001,2026-09-29T22:27:14.892065+00:00,Toronto Maple Leafs,Montreal Canadiens,spread,home,-115,-1.5
2026-09-28T22:27:14.985296+00:00,fanduel,NHL,nhl_stub_001,2026-09-29T22:27:14.892065+00:00,Toronto Maple Leafs,Montreal Canadiens,spread,away,-105,1.5
2026-09-28T22:27:14.985296+00:00,fanduel,NHL,nhl_stub_001,2026-09-29T22:27:14.892065+00:00,Toronto Maple Leafs,Montreal Canadiens,total,over,-110,6.5
2026-09-28T22:27:14.985296+00:00,fanduel,NHL,nhl_stub_001,2026-09-29T22:27:14.892065+00:00,Toronto Maple Leafs,Montreal Canadiens,total,under,-110,6.5
2026-09-28T22:27:14.985296+00:00,fanduel,NHL,nhl_stub_002,2026-09-30T01:27:14.892065+00:00,Vegas Golden Knights,Colorado Avalanche,moneyline,home,-130,
2026-09-28T22:27:14.985296+00:00,fanduel,NHL,nhl_stub_002,2026-09-30T01:27:14.892065+00:00,Vegas Golden Knights,Colorado Avalanche,moneyline,away,110,
2026-09-28T22:27:14.985296+00:00,fanduel,NHL,nhl_stub_002,2026-09-30T01:27:14.892065+00:00,Vegas Golden Knights,Colorado Avalanche,spread,home,105,-1.5
2026-09-28T22:27:14.985296+00:00,fanduel,NHL,nhl_stub_002,2026-09-30T01:27:14.892065+00:00,Vegas Golden Knights,Colorado Avalanche,spread,away,-125,1.5
2026-09-28T22:27:14.985296+00:00,fanduel,NHL,nhl_stub_002,2026-09-30T01:27:14.892065+00:00,Vegas Golden Knights,Colorado Avalanche,total,over,-105,5.5
2026-09-28T22:27:14.985296+00:00,fanduel,NHL,nhl_stub_002,2026-09-30T01:27:14.892065+00:00,Vegas Golden Knights,Colorado Avalanche,total,under,-115,5.5
2026-09-28T22:27:14.985296+00:00,fanduel,MMA,mma_stub_001,2026-10-05T22:27:14.984074+00:00,Jon Jones,Stipe Miocic,moneyline,home,-250,
2026-09-28T22:27:14.985296+00:00,fanduel,MMA,mma_stub_001,2026-10-05T22:27:14.984074+00:00,Jon Jones,Stipe Miocic,moneyline,away,210,
2026-09-28T22:27:14.985296+00:00,fanduel,MMA,mma_stub_002,2026-10-06T00:27:14.984074+00:00,Islam Makhachev,Charles Oliveira,moneyline,home,-180,
2026-09-28T22:27:14.985296+00:00,fanduel,MMA,mma_stub_002,2026-10-06T00:27:14.984074+00:00,Islam Makhachev,Charles Oliveira,moneyline,away,155,
2026-09-29T02:14:02.362742+00:00,fanduel,NFL,nfl_stub_001,2026-10-01T02:14:01.553706+00:00,Kansas City Chiefs,Buffalo Bills,moneyline,home,-150,
2026-09-29T02:14:02.362742+00:00,fanduel,NFL,nfl_stub_001,2026-10-01T02:14:01.553706+00:00,Kansas City Chiefs,Buffalo Bills,moneyline,away,130,
2026-09-29T02:14:02.362742+00:00,fanduel,NFL,nfl_stub_001,2026-10-01T02:14:01.553706+00:00,Kansas City Chiefs,Buffalo Bills,spread,home,-110,-3.0
2026-09-29T02:14:02.362742+00:00,fanduel,NFL,nfl_stub_001,2026-10-01T02:14:01.553706+00:00,Kansas City Chiefs,Buffalo Bills,spread,away,-110,3.0
2026-09-29T02:14:02.362742+00:00,fanduel,NFL,nfl_stub_001,2026-10-01T02:14:01.553706+00:00,Kansas City Chiefs,Buffalo Bills,total,over,-110,47.5
2026-09-29T02:14:02.362742+00:00,fanduel,NFL,nfl_stub_001,2026-10-01T02:14:01.553706+00:00,Kansas City Chiefs,Buffalo Bills,total,under,-110,47.5
2026-09-29T02:14:02.362742+00:00,fanduel,NFL,nfl_stub_002,2026-10-02T02:14:01.553706+00:00,San Francisco 49ers,Dallas Cowboys,moneyline,home,-180,
2026-09-29T02:14:02.362742+00:00,fanduel,NFL,nfl_stub_002,2026-10-02T02:14:01.553706+00:00,San Francisco 49ers,Dallas Cowboys,moneyline,away,155,
2026-09-29T02:14:02.362742+00:00,fanduel,NFL,nfl_stub_002,2026-10-02T02:14:01.553706+00:00,San Francisco 49ers,Dallas Cowboys,spread,home,-105,-4.0
2026-09-29T02:14:02.362742+00:00,fanduel,NFL,nfl_stub_002,2026-10-02T02:14:01.553706+00:00,San Francisco 49ers,Dallas Cowboys,spread,away,-115,4.0
2026-09-29T02:14:02.362742+00:00,fanduel,NFL,nfl_stub_002,2026-10-02T02:14:01.553706+00:00,San Francisco 49ers,Dallas Cowboys,total,over,-108,49.0
2026-09-29T02:14:02.362742+00:00,fanduel,NFL,nfl_stub_002,2026-10-02T02:14:01.553706+00:00,San Francisco 49ers,Dallas Cowboys,total,under,-112,49.0
2026-09-29T02:14:02.362742+00:00,fanduel,NBA,nba_stub_001,2026-09-30T02:14:01.674392+00:00,Los Angeles Lakers,Boston Celtics,moneyline,home,120,
2026-09-29T02:14:02.362742+00:00,fanduel,NBA,nba_stub_001,2026-09-30T02:14:01.674392+00:00,Los Angeles Lakers,Boston Celtics,moneyline,away,-140,
2026-09-29T02:14:02.362742+00:00,fanduel,NBA,nba_stub_001,2026-09-30T02:14:01.674392+00:00,Los Angeles Lakers,Boston Celtics,spread,home,-110,2.5
2026-09-29T02:14:02.362742+00:00,fanduel,NBA,nba_stub_001,2026-09-30T02:14:01.674392+00:00,Los Angeles Lakers,Boston Celtics,spread,away,-110,-2.5
2026-09-29T02:14:02.362742+00:00,fanduel,NBA,nba_stub_001,2026-09-30T02:14:01.674392+00:00,Los Angeles Lakers,Boston Celtics,total,over,-110,225.5
2026-09-29T02:14:02.362742+00:00,fanduel,NBA,nba_stub_001,2026-09-30T02:14:01.674392+00:00,Los Angeles Lakers,Boston Celtics,total,under,-110,225.5
2026-09-29T02:14:02.362742+00:00,fanduel,NBA,nba_stub_002,2026-09-30T05:14:01.674392+00:00,Golden State Warriors,Phoenix Suns,moneyline,home,-165,
2026-09-29T02:14:02.362742+00:00,fanduel,NBA,nba_stub_002,2026-09-30T05:14:01.674392+00:00,Golden State Warriors,Phoenix Suns,moneyline,away,145,
2026-09-29T02:14:02.362742+00:00,fanduel,NBA,nba_stub_002,2026-09-30T05:14:01.674392+00:00,Golden State Warriors,Phoenix Suns,spread,home,-108,-4.0
2026-09-29T02:14:02.362742+00:00,fanduel,NBA,nba_stub_002,2026-09-30T05:14:01.674392+00:00,Golden State Warriors,Phoenix Suns,spread,away,-112,4.0
2026-09-29T02:14:02.362742+00:00,fanduel,NBA,nba_stub_002,2026-09-30T05:14:01.674392+00:00,Golden State Warriors,Phoenix Suns,total,over,-105,232.0
2026-09-29T02:14:02.362742+00:00,fanduel,NBA,nba_stub_002,2026-09-30T05:14:01.674392+00:00,Golden State Warriors,Phoenix Suns,total,under,-115,232.0
2026-09-29T02:14:02.362742+00:00,fanduel,NBA,nba_stub_001,2026-09-30T02:14:01.983333+00:00,Los Angeles Lakers,Boston Celtics,moneyline,home,120,
2026-09-29T02:14:02.362742+00:00,fanduel,NBA,nba_stub_001,2026-09-30T02:14:01.983333+00:00,Los Angeles Lakers,Boston Celtics,moneyline,away,-140,
2026-09-29T02:14:02.362742+00:00,fanduel,NBA,nba_stub_001,2026-09-30T02:14:01.983333+00:00,Los Angeles Lakers,Boston Celtics,spread,home,-110,2.5
2026-09-29T02:14:02.362742+00:00,fanduel,NBA,nba_stub_001,2026-09-30T02:14:01.983333+00:00,Los Angeles Lakers,Boston Celtics,spread,away,-110,-2.5
2026-09-29T02:14:02.362742+00:00,fanduel,NBA,nba_stub_001,2026-09-30T02:14:01.983333+00:00,Los Angeles Lakers,Boston Celtics,total,over,-110,225.5
2026-09-29T02:14:02.362742+00:00,fanduel,NBA,nba_stub_001,2026-09-30T02:14:01.983333+00:00,Los Angeles Lakers,Boston Celtics,total,under,-110,225.5
2026-09-29T02:14:02.362742+00:00,fanduel,NBA,nba_stub_002,2026-09-30T05:14:01.983333+00:00,Golden State Warriors,Phoenix Suns,moneyline,home,-165,
2026-09-29T02:14:02.362742+00:00,fanduel,NBA,nba_stub_002,2026-09-30T05:14:01.983333+00:00,Golden State Warriors,Phoenix Suns,moneyline,away,145,
2026-09-29T02:14:02.362742+00:00,fanduel,NBA,nba_stub_002,2026-09-30T05:14:01.983333+00:00,Golden State Warriors,Phoenix Suns,spread,home,-108,-4.0
2026-09-29T02:14:02.362742+00:00,fanduel,NBA,nba_stub_002,2026-09-30T05:14:01.983333+00:00,Golden State Warriors,Phoenix Suns,spread,away,-112,4.0
2026-09-29T02:14:02.362742+00:00,fanduel,NBA,nba_stub_002,2026-09-30T05:14:01.983333+00:00,Golden State Warriors,Phoenix Suns,total,over,-105,232.0
2026-09-29T02:14:02.362742+00:00,fanduel,NBA,nba_stub_002,2026-09-30T05:14:01.983333+00:00,Golden State Warriors,Phoenix Suns,total,under,-115,232.0
2026-09-29T02:14:02.362742+00:00,fanduel,NHL,nhl_stub_001,2026-09-30T02:14:02.224218+00:00,Toronto Maple Leafs,Montreal Canadiens,moneyline,home,-155,
2026-09-29T02:14:02.362742+00:00,fanduel,NHL,nhl_stub_001,2026-09-30T02:14:02.224218+00:00,Toronto Maple Leafs,Montreal Canadiens,moneyline,away,135,
2026-09-29T02:14:02.362742+00:00,fanduel,NHL,nhl_stub_001,2026-09-30T02:14:02.224218+00:00,Toronto Maple Leafs,Montreal Canadiens,spread,home,-115,-1.5
2026-09-29T02:14:02.362742+00:00,fanduel,NHL,nhl_stub_001,2026-09-30T02:14:02.224218+00:00,Toronto Maple Leafs,Montreal Canadiens,spread,away,-105,1.5
2026-09-29T02:14:02.362742+00:00,fanduel,NHL,nhl_stub_001,2026-09-30T02:14:02.224218+00:00,Toronto Maple Leafs,Montreal Canadiens,total,over,-110,6.5
2026-09-29T02:14:02.362742+00:00,fanduel,NHL,nhl_stub_001,2026-09-30T02:14:02.224218+00:00,Toronto Maple Leafs,Montreal Canadiens,total,under,-110,6.5
2026-09-29T02:14:02.362742+00:00,fanduel,NHL,nhl_stub_002,2026-09-30T05:14:02.224218+00:00,Vegas Golden Knights,Colorado Avalanche,moneyline,home,-130,
2026-09-29T02:14:02.362742+00:00,fanduel,NHL,nhl_stub_002,2026-09-30T05:14:02.224218+00:00,Vegas Golden Knights,Colorado Avalanche,moneyline,away,110,
2026-09-29T02:14:02.362742+00:00,fanduel,NHL,nhl_stub_002,2026-09-30T05:14:02.224218+00:00,Vegas Golden Knights,Colorado Avalanche,spread,home,105,-1.5
2026-09-29T02:14:02.362742+00:00,fanduel,NHL,nhl_stub_002,2026-09-30T05:14:02.224218+00:00,Vegas Golden Knights,Colorado Avalanche,spread,away,-125,1.5
2026-09-29T02:14:02.362742+00:00,fanduel,NHL,nhl_stub_002,2026-09-30T05:14:02.224218+00:00,Vegas Golden Knights,Colorado Avalanche,total,over,-105,5.5
2026-09-29T02:14:02.362742+00:00,fanduel,NHL,nhl_stub_002,2026-09-30T05:14:02.224218+00:00,Vegas Golden Knights,Colorado Avalanche,total,under,-115,5.5
2026-09-29T02:14:02.362742+00:00,fanduel,MMA,mma_stub_001,2026-10-06T02:14:02.361918+00:00,Jon Jones,Stipe Miocic,moneyline,home,-250,
2026-09-29T02:14:02.362742+00:00,fanduel,MMA,mma_stub_001,2026-10-06T02:14:02.361918+00:00,Jon Jones,Stipe Miocic,moneyline,away,210,
2026-09-29T02:14:02.362742+00:00,fanduel,MMA,mma_stub_002,2026-10-06T04:14:02.361918+00:00,Islam Makhachev,Charles Oliveira,moneyline,home,-180,
2026-09-29T02:14:02.362742+00:00,fanduel,MMA,mma_stub_002,2026-10-06T04:14:02.361918+00:00,Islam Makhachev,Charles Oliveira,moneyline,away,155,
2026-09-29T04:10:24.889486+00:00,fanduel,NFL,nfl_stub_001,2026-10-01T04:10:24.292314+00:00,Kansas City Chiefs,Buffalo Bills,moneyline,home,-150,
2026-09-29T04:10:24.889486+00:00,fanduel,NFL,nfl_stub_001,2026-10-01T04:10:24.292314+00:00,Kansas City Chiefs,Buffalo Bills,moneyline,away,130,
2026-09-29T04:10:24.889486+00:00,fanduel,NFL,nfl_stub_001,2026-10-01T04:10:24.292314+00:00,Kansas City Chiefs,Buffalo Bills,spread,home,-110,-3.0
2026-09-29T04:10:24.889486+00:00,fanduel,NFL,nfl_stub_001,2026-10-01T04:10:24.292314+00:00,Kansas City Chiefs,Buffalo Bills,spread,away,-110,3.0
2026-09-29T04:10:24.889486+00:00,fanduel,NFL,nfl_stub_001,2026-10-01T04:10:24.292314+00:00,Kansas City Chiefs,Buffalo Bills,total,over,-110,47.5
2026-09-29T04:10:24.889486+00:00,fanduel,NFL,nfl_stub_001,2026-10-01T04:10:24.292314+00:00,Kansas City Chiefs,Buffalo Bills,total,under,-110,47.5
2026-09-29T04:10:24.889486+00:00,fanduel,NFL,nfl_stub_002,2026-10-02T04:10:24.292314+00:00,San Francisco 49ers,Dallas Cowboys,moneyline,home,-180,
2026-09-29T04:10:24.889486+00:00,fanduel,NFL,nfl_stub_002,2026-10-02T04:10:24.292314+00:00,San Francisco 49ers,Dallas Cowboys,moneyline,away,155,
2026-09-29T04:10:24.889486+00:00,fanduel,NFL,nfl_stub_002,2026-10-02T04:10:24.292314+00:00,San Francisco 49ers,Dallas Cowboys,spread,home,-105,-4.0
2026-09-29T04:10:24.889486+00:00,fanduel,NFL,nfl_stub_002,2026-10-02T04:10:24.292314+00:00,San Francisco 49ers,Dallas Cowboys,spread,away,-115,4.0
2026-09-29T04:10:24.889486+00:00,fanduel,NFL,nfl_stub_002,2026-10-02T04:10:24.292314+00:00,San Francisco 49ers,Dallas Cowboys,total,over,-108,49.0
2026-09-29T04:10:24.889486+00:00,fanduel,NFL,nfl_stub_002,2026-10-02T04:10:24.292314+00:00,San Francisco 49ers,Dallas Cowboys,total,under,-112,49.0
2026-09-29T04:10:24.889486+00:00,fanduel,NBA,nba_stub_001,2026-09-30T04:10:24.354756+00:00,Los Angeles Lakers,Boston Celtics,moneyline,home,120,
2026-09-29T04:10:24.889486+00:00,fanduel,NBA,nba_stub_001,2026-09-30T04:10:24.354756+00:00,Los Angeles Lakers,Boston Celtics,moneyline,away,-140,
2026-09-29T04:10:24.889486+00:00,fanduel,NBA,nba_stub_001,2026-09-30T04:10:24.354756+00:00,Los Angeles Lakers,Boston Celtics,spread,home,-110,2.5
2026-09-29T04:10:24.889486+00:00,fanduel,NBA,nba_stub_001,2026-09-30T04:10:24.354756+00:00,Los Angeles Lakers,Boston Celtics,spread,away,-110,-2.5
2026-09-29T04:10:24.889486+00:00,fanduel,NBA,nba_stub_001,2026-09-30T04:10:24.354756+00:00,Los Angeles Lakers,Boston Celtics,total,over,-110,225.5
2026-09-29T04:10:24.889486+00:00,fanduel,NBA,nba_stub_001,2026-09-30T04:10:24.354756+00:00,Los Angeles Lakers,Boston Celtics,total,under,-110,225.5
2026-09-29T04:10:24.889486+00:00,fanduel,NBA,nba_stub_002,2026-09-30T07:10:24.354756+00:00,Golden State Warriors,Phoenix Suns,moneyline,home,-165,
2026-09-29T04:10:24.889486+00:00,fanduel,NBA,nba_stub_002,2026-09-30T07:10:24.354756+00:00,Golden State Warriors,Phoenix Suns,moneyline,away,145,
2026-09-29T04:10:24.889486+00:00,fanduel,NBA,nba_stub_002,2026-09-30T07:10:24.354756+00:00,Golden State Warriors,Phoenix Suns,spread,home,-108,-4.0
2026-09-29T04:10:24.889486+00:00,fanduel,NBA,nba_stub_002,2026-09-30T07:10:24.354756+00:00,Golden State Warriors,Phoenix Suns,spread,away,-112,4.0
2026-09-29T04:10:24.889486+00:00,fanduel,NBA,nba_stub_002,2026-09-30T07:10:24.354756+00:00,Golden State Warriors,Phoenix Suns,total,over,-105,232.0
2026-09-29T04:10:24.889486+00:00,fanduel,NBA,nba_stub_002,2026-09-30T07:10:24.354756+00:00,Golden State Warriors,Phoenix Suns,total,under,-115,232.0
2026-09-29T04:10:24.889486+00:00,fanduel,NBA,nba_stub_001,2026-09-30T04:10:24.693470+00:00,Los Angeles Lakers,Boston Celtics,moneyline,home,120,
2026-09-29T04:10:24.889486+00:00,fanduel,NBA,nba_stub_001,2026-09-30T04:10:24.693470+00:00,Los Angeles Lakers,Boston Celtics,moneyline,away,-140,
2026-09-29T04:10:24.889486+00:00,fanduel,NBA,nba_stub_001,2026-09-30T04:10:24.693470+00:00,Los Angeles Lakers,Boston Celtics,spread,home,-110,2.5
2026-09-29T04:10:24.889486+00:00,fanduel,NBA,nba_stub_001,2026-09-30T04:10:24.693470+00:00,Los Angeles Lakers,Boston Celtics,spread,away,-110,-2.5
2026-09-29T04:10:24.889486+00:00,fanduel,NBA,nba_stub_001,2026-09-30T04:10:24.693470+00:00,Los Angeles Lakers,Boston Celtics,total,over,-110,225.5
2026-09-29T04:10:24.889486+00:00,fanduel,NBA,nba_stub_001,2026-09-30T04:10:24.693470+00:00,Los Angeles Lakers,Boston Celtics,total,under,-110,225.5
2026-09-29T04:10:24.889486+00:00,fanduel,NBA,nba_stub_002,2026-09-30T07:10:24.693470+00:00,Golden State Warriors,Phoenix Suns,moneyline,home,-165,
2026-09-29T04:10:24.889486+00:00,fanduel,NBA,nba_stub_002,2026-09-30T07:10:24.693470+00:00,Golden State Warriors,Phoenix Suns,moneyline,away,145,
2026-09-29T04:10:24.889486+00:00,fanduel,NBA,nba_stub_002,2026-09-30T07:10:24.693470+00:00,Golden State Warriors,Phoenix Suns,spread,home,-108,-4.0
2026-09-29T04:10:24.889486+00:00,fanduel,NBA,nba_stub_002,2026-09-30T07:10:24.693470+00:00,Golden State Warriors,Phoenix Suns,spread,away,-112,4.0
2026-09-29T04:10:24.889486+00:00,fanduel,NBA,nba_stub_002,2026-09-30T07:10:24.693470+00:00,Golden State Warriors,Phoenix Suns,total,over,-105,232.0
2026-09-29T04:10:24.889486+00:00,fanduel,NBA,nba_stub_002,2026-09-30T07:10:24.693470+00:00,Golden State Warriors,Phoenix Suns,total,under,-115,232.0
2026-09-29T04:10:24.889486+00:00,fanduel,NHL,nhl_stub_001,2026-09-30T04:10:24.826578+00:00,Toronto Maple Leafs,Montreal Canadiens,moneyline,home,-155,
2026-09-29T04:10:24.889486+00:00,fanduel,NHL,nhl_stub_001,2026-09-30T04:10:24.826578+00:00,Toronto Maple Leafs,Montreal Canadiens,moneyline,away,135,
2026-09-29T04:10:24.889486+00:00,fanduel,NHL,nhl_stub_001,2026-09-30T04:10:24.826578+00:00,Toronto Maple Leafs,Montreal Canadiens,spread,home,-115,-1.5
2026-09-29T04:10:24.889486+00:00,fanduel,NHL,nhl_stub_001,2026-09-30T04:10:24.826578+00:00,Toronto Maple Leafs,Montreal Canadiens,spread,away,-105,1.5
2026-09-29T04:10:24.889486+00:00,fanduel,NHL,nhl_stub_001,2026-09-30T04:10:24.826578+00:00,Toronto Maple Leafs,Montreal Canadiens,total,over,-110,6.5
2026-09-29T04:10:24.889486+00:00,fanduel,NHL,nhl_stub_001,2026-09-30T04:10:24.826578+00:00,Toronto Maple Leafs,Montreal Canadiens,total,under,-110,6.5
2026-09-29T04:10:24.889486+00:00,fanduel,NHL,nhl_stub_002,2026-09-30T07:10:24.826578+00:00,Vegas Golden Knights,Colorado Avalanche,moneyline,home,-130,
2026-09-29T04:10:24.889486+00:00,fanduel,NHL,nhl_stub_002,2026-09-30T07:10:24.826578+00:00,Vegas Golden Knights,Colorado Avalanche,moneyline,away,110,
2026-09-29T04:10:24.889486+00:00,fanduel,NHL,nhl_stub_002,2026-09-30T07:10:24.826578+00:00,Vegas Golden Knights,Colorado Avalanche,spread,home,105,-1.5
2026-09-29T04:10:24.889486+00:00,fanduel,NHL,nhl_stub_002,2026-09-30T07:10:24.826578+00:00,Vegas Golden Knights,Colorado Avalanche,spread,away,-125,1.5
2026-09-29T04:10:24.889486+00:00,fanduel,NHL,nhl_stub_002,2026-09-30T07:10:24.826578+00:00,Vegas Golden Knights,Colorado Avalanche,total,over,-105,5.5
2026-09-29T04:10:24.889486+00:00,fanduel,NHL,nhl_stub_002,2026-09-30T07:10:24.826578+00:00,Vegas Golden Knights,Colorado Avalanche,total,under,-115,5.5
2026-09-29T04:10:24.889486+00:00,fanduel,MMA,mma_stub_001,2026-10-06T04:10:24.887919+00:00,Jon Jones,Stipe Miocic,moneyline,home,-250,
2026-09-29T04:10:24.889486+00:00,fanduel,MMA,mma_stub_001,2026-10-06T04:10:24.887919+00:00,Jon Jones,Stipe Miocic,moneyline,away,210,
2026-09-29T04:10:24.889486+00:00,fanduel,MMA,mma_stub_002,2026-10-06T06:10:24.887919+00:00,Islam Makhachev,Charles Oliveira,moneyline,home,-180,
2026-09-29T04:10:24.889486+00:00,fanduel,MMA,mma_stub_002,2026-10-06T06:10:24.887919+00:00,Islam Makhachev,Charles Oliveira,moneyline,away,155,
2026-09-29T10:49:46.507055+00:00,fanduel,NFL,nfl_stub_001,2026-10-01T10:49:45.945105+00:00,Kansas City Chiefs,Buffalo Bills,moneyline,home,-150,
2026-09-29T10:49:46.507055+00:00,fanduel,NFL,nfl_stub_001,2026-10-01T10:49:45.945105+00:00,Kansas City Chiefs,Buffalo Bills,moneyline,away,130,
2026-09-29T10:49:46.507055+00:00,fanduel,NFL,nfl_stub_001,2026-10-01T10:49:45.945105+00:00,Kansas City Chiefs,Buffalo Bills,spread,home,-110,-3.0
2026-09-29T10:49:46.507055+00:00,fanduel,NFL,nfl_stub_001,2026-10-01T10:49:45.945105+00:00,Kansas City Chiefs,Buffalo Bills,spread,away,-110,3.0
2026-09-29T10:49:46.507055+00:00,fanduel,NFL,nfl_stub_001,2026-10-01T10:49:45.945105+00:00,Kansas City Chiefs,Buffalo Bills,total,over,-110,47.5
2026-09-29T10:49:46.507055+00:00,fanduel,NFL,nfl_stub_001,2026-10-01T10:49:45.945105+00:00,Kansas City Chiefs,Buffalo Bills,total,under,-110,47.5
2026-09-29T10:49:46.507055+00:00,fanduel,NFL,nfl_stub_002,2026-10-02T10:49:45.945105+00:00,San Francisco 49ers,Dallas Cowboys,moneyline,home,-180,
2026-09-29T10:49:46.507055+00:00,fanduel,NFL,nfl_stub_002,2026-10-02T10:49:45.945105+00:00,San Francisco 49ers,Dallas Cowboys,moneyline,away,155,
2026-09-29T10:49:46.507055+00:00,fanduel,NFL,nfl_stub_002,2026-10-02T10:49:45.945105+00:00,San Francisco 49ers,Dallas Cowboys,spread,home,-105,-4.0
2026-09-29T10:49:46.507055+00:00,fanduel,NFL,nfl_stub_002,2026-10-02T10:49:45.945105+00:00,San Francisco 49ers,Dallas Cowboys,spread,away,-115,4.0
2026-09-29T10:49:46.507055+00:00,fanduel,NFL,nfl_stub_002,2026-10-02T10:49:45.945105+00:00,San Francisco 49ers,Dallas Cowboys,total,over,-108,49.0
2026-09-29T10:49:46.507055+00:00,fanduel,NFL,nfl_stub_002,2026-10-02T10:49:45.945105+00:00,San Francisco 49ers,Dallas Cowboys,total,under,-112,49.0
2026-09-29T10:49:46.507055+00:00,fanduel,NBA,nba_stub_001,2026-09-30T10:49:46.043504+00:00,Los Angeles Lakers,Boston Celtics,moneyline,home,120,
2026-09-29T10:49:46.507055+00:00,fanduel,NBA,nba_stub_001,2026-09-30T10:49:46.043504+00:00,Los Angeles Lakers,Boston Celtics,moneyline,away,-140,
2026-09-29T10:49:46.507055+00:00,fanduel,NBA,nba_stub_001,2026-09-30T10:49:46.043504+00:00,Los Angeles Lakers,Boston Celtics,spread,home,-110,2.5
2026-09-29T10:49:46.507055+00:00,fanduel,NBA,nba_stub_001,2026-09-30T10:49:46.043504+00:00,Los Angeles Lakers,Boston Celtics,spread,away,-110,-2.5
2026-09-29T10:49:46.507055+00:00,fanduel,NBA,nba_stub_001,2026-09-30T10:49:46.043504+00:00,Los Angeles Lakers,Boston Celtics,total,over,-110,225.5
2026-09-29T10:49:46.507055+00:00,fanduel,NBA,nba_stub_001,2026-09-30T10:49:46.043504+00:00,Los Angeles Lakers,Boston Celtics,total,under,-110,225.5
2026-09-29T10:49:46.507055+00:00,fanduel,NBA,nba_stub_002,2026-09-30T13:49:46.043504+00:00,Golden State Warriors,Phoenix Suns,moneyline,home,-165,
2026-09-29T10:49:46.507055+00:00,fanduel,NBA,nba_stub_002,2026-09-30T13:49:46.043504+00:00,Golden State Warriors,Phoenix Suns,moneyline,away,145,
2026-09-29T10:49:46.507055+00:00,fanduel,NBA,nba_stub_002,2026-09-30T13:49:46.043504+00:00,Golden State Warriors,Phoenix Suns,spread,home,-108,-4.0
2026-09-29T10:49:46.507055+00:00,fanduel,NBA,nba_stub_002,2026-09-30T13:49:46.043504+00:00,Golden State Warriors,Phoenix Suns,spread,away,-112,4.0
2026-09-29T10:49:46.507055+00:00,fanduel,NBA,nba_stub_002,2026-09-30T13:49:46.043504+00:00,Golden State Warriors,Phoenix Suns,total,over,-105,232.0
2026-09-29T10:49:46.507055+00:00,fanduel,NBA,nba_stub_002,2026-09-30T13:49:46.043504+00:00,Golden State Warriors,Phoenix Suns,total,under,-115,232.0
2026-09-29T10:49:46.507055+00:00,fanduel,NBA,nba_stub_001,2026-09-30T10:49:46.230452+00:00,Los Angeles Lakers,Boston Celtics,moneyline,home,120,
2026-09-29T10:49:46.507055+00:00,fanduel,NBA,nba_stub_001,2026-09-30T10:49:46.230452+00:00,Los Angeles Lakers,Boston Celtics,moneyline,away,-140,
2026-09-29T10:49:46.507055+00:00,fanduel,NBA,nba_stub_001,2026-09-30T10:49:46.230452+00:00,Los Angeles Lakers,Boston Celtics,spread,home,-110,2.5
2026-09-29T10:49:46.507055+00:00,fanduel,NBA,nba_stub_001,2026-09-30T10:49:46.230452+00:00,Los Angeles Lakers,Boston Celtics,spread,away,-110,-2.5
2026-09-29T10:49:46.507055+00:00,fanduel,NBA,nba_stub_001,2026-09-30T10:49:46.230452+00:00,Los Angeles Lakers,Boston Celtics,total,over,-110,225.5
2026-09-29T10:49:46.507055+00:00,fanduel,NBA,nba_stub_001,2026-09-30T10:49:46.230452+00:00,Los Angeles Lakers,Boston Celtics,total,under,-110,225.5
2026-09-29T10:49:46.507055+00:00,fanduel,NBA,nba_stub_002,2026-09-30T13:49:46.230452+00:00,Golden State Warriors,Phoenix Suns,moneyline,home,-165,
2026-09-29T10:49:46.507055+00:00,fanduel,NBA,nba_stub_002,2026-09-30T13:49:46.230452+00:00,Golden State Warriors,Phoenix Suns,moneyline,away,145,
2026-09-29T10:49:46.507055+00:00,fanduel,NBA,nba_stub_002,2026-09-30T13:49:46.230452+00:00,Golden State Warriors,Phoenix Suns,spread,home,-108,-4.0
2026-09-29T10:49:46.507055+00:00,fanduel,NBA,nba_stub_002,2026-09-30T13:49:46.230452+00:00,Golden State Warriors,Phoenix Suns,spread,away,-112,4.0
2026-09-29T10:49:46.507055+00:00,fanduel,NBA,nba_stub_002,2026-09-30T13:49:46.230452+00:00,Golden State Warriors,Phoenix Suns,total,over,-105,232.0
2026-09-29T10:49:46.507055+00:00,fanduel,NBA,nba_stub_002,2026-09-30T13:49:46.230452+00:00,Golden State Warriors,Phoenix Suns,total,under,-115,232.0
2026-09-29T10:49:46.507055+00:00,fanduel,NHL,nhl_stub_001,2026-09-30T10:49:46.336882+00:00,Toronto Maple Leafs,Montreal Canadiens,moneyline,home,-155,
2026-09-29T10:49:46.507055+00:00,fanduel,NHL,nhl_stub_001,2026-09-30T10:49:46.336882+00:00,Toronto Maple Leafs,Montreal Canadiens,moneyline,away,135,
2026-09-29T10:49:46.507055+00:00,fanduel,NHL,nhl_stub_001,2026-09-30T10:49:46.336882+00:00,Toronto Maple Leafs,Montreal Canadiens,spread,home,-115,-1.5
2026-09-29T10:49:46.507055+00:00,fanduel,NHL,nhl_stub_001,2026-09-30T10:49:46.336882+00:00,Toronto Maple Leafs,Montreal Canadiens,spread,away,-105,1.5
2026-09-29T10:49:46.507055+00:00,fanduel,NHL,nhl_stub_001,2026-09-30T10:49:46.336882+00:00,Toronto Maple Leafs,Montreal Canadiens,total,over,-110,6.5
2026-09-29T10:49:46.507055+00:00,fanduel,NHL,nhl_stub_001,2026-09-30T10:49:46.336882+00:00,Toronto Maple Leafs,Montreal Canadiens,total,under,-110,6.5
2026-09-29T10:49:46.507055+00:00,fanduel,NHL,nhl_stub_002,2026-09-30T13:49:46.336882+00:00,Vegas Golden Knights,Colorado Avalanche,moneyline,home,-130,
2026-09-29T10:49:46.507055+00:00,fanduel,NHL,nhl_stub_002,2026-09-30T13:49:46.336882+00:00,Vegas Golden Knights,Colorado Avalanche,moneyline,away,110,
2026-09-29T10:49:46.507055+00:00,fanduel,NHL,nhl_stub_002,2026-09-30T13:49:46.336882+00:00,Vegas Golden Knights,Colorado Avalanche,spread,home,105,-1.5
2026-09-29T10:49:46.507055+00:00,fanduel,NHL,nhl_stub_002,2026-09-30T13:49:46.336882+00:00,Vegas Golden Knights,Colorado Avalanche,spread,away,-125,1.5
2026-09-29T10:49:46.507055+00:00,fanduel,NHL,nhl_stub_002,2026-09-30T13:49:46.336882+00:00,Vegas Golden Knights,Colorado Avalanche,total,over,-105,5.5
2026-09-29T10:49:46.507055+00:00,fanduel,NHL,nhl_stub_002,2026-09-30T13:49:46.336882+00:00,Vegas Golden Knights,Colorado Avalanche,total,under,-115,5.5
2026-09-29T10:49:46.507055+00:00,fanduel,MMA,mma_stub_001,2026-10-06T10:49:46.505603+00:00,Jon Jones,Stipe Miocic,moneyline,home,-250,
2026-09-29T10:49:46.507055+00:00,fanduel,MMA,mma_stub_001,2026-10-06T10:49:46.505603+00:00,Jon Jones,Stipe Miocic,moneyline,away,210,
2026-09-29T10:49:46.507055+00:00,fanduel,MMA,mma_stub_002,2026-10-06T12:49:46.505603+00:00,Islam Makhachev,Charles Oliveira,moneyline,home,-180,
2026-09-29T10:49:46.507055+00:00,fanduel,MMA,mma_stub_002,2026-10-06T12:49:46.505603+00:00,Islam Makhachev,Charles Oliveira,moneyline,away,155,
2026-09-29T10:57:28.104108+00:00,fanduel,NFL,nfl_stub_001,2026-10-01T10:57:27.283846+00:00,Kansas City Chiefs,Buffalo Bills,moneyline,home,-150,
2026-09-29T10:57:28.104108+00:00,fanduel,NFL,nfl_stub_001,2026-10-01T10:57:27.283846+00:00,Kansas City Chiefs,Buffalo Bills,moneyline,away,130,
2026-09-29T10:57:28.104108+00:00,fanduel,NFL,nfl_stub_001,2026-10-01T10:57:27.283846+00:00,Kansas City Chiefs,Buffalo Bills,spread,home,-110,-3.0
2026-09-29T10:57:28.104108+00:00,fanduel,NFL,nfl_stub_001,2026-10-01T10:57:27.283846+00:00,Kansas City Chiefs,Buffalo Bills,spread,away,-110,3.0
2026-09-29T10:57:28.104108+00:00,fanduel,NFL,nfl_stub_001,2026-10-01T10:57:27.283846+00:00,Kansas City Chiefs,Buffalo Bills,total,over,-110,47.5
2026-09-29T10:57:28.104108+00:00,fanduel,NFL,nfl_stub_001,2026-10-01T10:57:27.283846+00:00,Kansas City Chiefs,Buffalo Bills,total,under,-110,47.5
2026-09-29T10:57:28.104108+00:00,fanduel,NFL,nfl_stub_002,2026-10-02T10:57:27.283846+00:00,San Francisco 49ers,Dallas Cowboys,moneyline,home,-180,
2026-09-29T10:57:28.104108+00:00,fanduel,NFL,nfl_stub_002,2026-10-02T10:57:27.283846+00:00,San Francisco 49ers,Dallas Cowboys,moneyline,away,155,
2026-09-29T10:57:28.104108+00:00,fanduel,NFL,nfl_stub_002,2026-10-02T10:57:27.283846+00:00,San Francisco 49ers,Dallas Cowboys,spread,home,-105,-4.0
2026-09-29T10:57:28.104108+00:00,fanduel,NFL,nfl_stub_002,2026-10-02T10:57:27.283846+00:00,San Francisco 49ers,Dallas Cowboys,spread,away,-115,4.0
2026-09-29T10:57:28.104108+00:00,fanduel,NFL,nfl_stub_002,2026-10-02T10:57:27.283846+00:00,San Francisco 49ers,Dallas Cowboys,total,over,-108,49.0
2026-09-29T10:57:28.104108+00:00,fanduel,NFL,nfl_stub_002,2026-10-02T10:57:27.283846+00:00,San Francisco 49ers,Dallas Cowboys,total,under,-112,49.0
2026-09-29T10:57:28.104108+00:00,fanduel,NBA,nba_stub_001,2026-09-30T10:57:27.511115+00:00,Los Angeles Lakers,Boston Celtics,moneyline,home,120,
2026-09-29T10:57:28.104108+00:00,fanduel,NBA,nba_stub_001,2026-09-30T10:57:27.511115+00:00,Los Angeles Lakers,Boston Celtics,moneyline,away,-140,
2026-09-29T10:57:28.104108+00:00,fanduel,NBA,nba_stub_001,2026-09-30T10:57:27.511115+00:00,Los Angeles Lakers,Boston Celtics,spread,home,-110,2.5
2026-09-29T10:57:28.104108+00:00,fanduel,NBA,nba_stub_001,2026-09-30T10:57:27.511115+00:00,Los Angeles Lakers,Boston Celtics,spread,away,-110,-2.5
2026-09-29T10:57:28.104108+00:00,fanduel,NBA,nba_stub_001,2026-09-30T10:57:27.511115+00:00,Los Angeles Lakers,Boston Celtics,total,over,-110,225.5
2026-09-29T10:57:28.104108+00:00,fanduel,NBA,nba_stub_001,2026-09-30T10:57:27.511115+00:00,Los Angeles Lakers,Boston Celtics,total,under,-110,225.5
2026-09-29T10:57:28.104108+00:00,fanduel,NBA,nba_stub_002,2026-09-30T13:57:27.511115+00:00,Golden State Warriors,Phoenix Suns,moneyline,home,-165,
2026-09-29T10:57:28.104108+00:00,fanduel,NBA,nba_stub_002,2026-09-30T13:57:27.511115+00:00,Golden State Warriors,Phoenix Suns,moneyline,away,145,
2026-09-29T10:57:28.104108+00:00,fanduel,NBA,nba_stub_002,2026-09-30T13:57:27.511115+00:00,Golden State Warriors,Phoenix Suns,spread,home,-108,-4.0
2026-09-29T10:57:28.104108+00:00,fanduel,NBA,nba_stub_002,2026-09-30T13:57:27.511115+00:00,Golden State Warriors,Phoenix Suns,spread,away,-112,4.0
2026-09-29T10:57:28.104108+00:00,fanduel,NBA,nba_stub_002,2026-09-30T13:57:27.511115+00:00,Golden State Warriors,Phoenix Suns,total,over,-105,232.0
2026-09-29T10:57:28.104108+00:00,fanduel,NBA,nba_stub_002,2026-09-30T13:57:27.511115+00:00,Golden State Warriors,Phoenix Suns,total,under,-115,232.0
2026-09-29T10:57:28.104108+00:00,fanduel,NBA,nba_stub_001,2026-09-30T10:57:27.815422+00:00,Los Angeles Lakers,Boston Celtics,moneyline,home,120,
2026-09-29T10:57:28.104108+00:00,fanduel,NBA,nba_stub_001,2026-09-30T10:57:27.815422+00:00,Los Angeles Lakers,Boston Celtics,moneyline,away,-140,
2026-09-29T10:57:28.104108+00:00,fanduel,NBA,nba_stub_001,2026-09-30T10:57:27.815422+00:00,Los Angeles Lakers,Boston Celtics,spread,home,-110,2.5
2026-09-29T10:57:28.104108+00:00,fanduel,NBA,nba_stub_001,2026-09-30T10:57:27.815422+00:00,Los Angeles Lakers,Boston Celtics,spread,away,-110,-2.5
2026-09-29T10:57:28.104108+00:00,fanduel,NBA,nba_stub_001,2026-09-30T10:57:27.815422+00:00,Los Angeles Lakers,Boston Celtics,total,over,-110,225.5
2026-09-29T10:57:28.104108+00:00,fanduel,NBA,nba_stub_001,2026-09-30T10:57:27.815422+00:00,Los Angeles Lakers,Boston Celtics,total,under,-110,225.5
2026-09-29T10:57:28.104108+00:00,fanduel,NBA,nba_stub_002,2026-09-30T13:57:27.815422+00:00,Golden State Warriors,Phoenix Suns,moneyline,home,-165,
2026-09-29T10:57:28.104108+00:00,fanduel,NBA,nba_stub_002,2026-09-30T13:57:27.815422+00:00,Golden State Warriors,Phoenix Suns,moneyline,away,145,
2026-09-29T10:57:28.104108+00:00,fanduel,NBA,nba_stub_002,2026-09-30T13:57:27.815422+00:00,Golden State Warriors,Phoenix Suns,spread,home,-108,-4.0
2026-09-29T10:57:28.104108+00:00,fanduel,NBA,nba_stub_002,2026-09-30T13:57:27.815422+00:00,Golden State Warriors,Phoenix Suns,spread,away,-112,4.0
2026-09-29T10:57:28.104108+00:00,fanduel,NBA,nba_stub_002,2026-09-30T13:57:27.815422+00:00,Golden State Warriors,Phoenix Suns,total,over,-105,232.0
2026-09-29T10:57:28.104108+00:00,fanduel,NBA,nba_stub_002,2026-09-30T13:57:27.815422+00:00,Golden State Warriors,Phoenix Suns,total,under,-115,232.0
2026-09-29T10:57:28.104108+00:00,fanduel,NHL,nhl_stub_001,2026-09-30T10:57:28.010469+00:00,Toronto Maple Leafs,Montreal Canadiens,moneyline,home,-155,
2026-09-29T10:57:28.104108+00:00,fanduel,NHL,nhl_stub_001,2026-09-30T10:57:28.010469+00:00,Toronto Maple Leafs,Montreal Canadiens,moneyline,away,135,
2026-09-29T10:57:28.104108+00:00,fanduel,NHL,nhl_stub_001,2026-09-30T10:57:28.010469+00:00,Toronto Maple Leafs,Montreal Canadiens,spread,home,-115,-1.5
2026-09-29T10:57:28.104108+00:00,fanduel,NHL,nhl_stub_001,2026-09-30T10:57:28.010469+00:00,Toronto Maple Leafs,Montreal Canadiens,spread,away,-105,1.5
2026-09-29T10:57:28.104108+00:00,fanduel,NHL,nhl_stub_001,2026-09-30T10:57:28.010469+00:00,Toronto Maple Leafs,Montreal Canadiens,total,over,-110,6.5
2026-09-29T10:57:28.104108+00:00,fanduel,NHL,nhl_stub_001,2026-09-30T10:57:28.010469+00:00,Toronto Maple Leafs,Montreal Canadiens,total,under,-110,6.5
2026-09-29T10:57:28.104108+00:00,fanduel,NHL,nhl_stub_002,2026-09-30T13:57:28.010469+00:00,Vegas Golden Knights,Colorado Avalanche,moneyline,home,-130,
2026-09-29T10:57:28.104108+00:00,fanduel,NHL,nhl_stub_002,2026-09-30T13:57:28.010469+00:00,Vegas Golden Knights,Colorado Avalanche,moneyline,away,110,
2026-09-29T10:57:28.104108+00:00,fanduel,NHL,nhl_stub_002,2026-09-30T13:57:28.010469+00:00,Vegas Golden Knights,Colorado Avalanche,spread,home,105,-1.5
2026-09-29T10:57:28.104108+00:00,fanduel,NHL,nhl_stub_002,2026-09-30T13:57:28.010469+00:00,Vegas Golden Knights,Colorado Avalanche,spread,away,-125,1.5
2026-09-29T10:57:28.104108+00:00,fanduel,NHL,nhl_stub_002,2026-09-30T13:57:28.010469+00:00,Vegas Golden Knights,Colorado Avalanche,total,over,-105,5.5
2026-09-29T10:57:28.104108+00:00,fanduel,NHL,nhl_stub_002,2026-09-30T13:57:28.010469+00:00,Vegas Golden Knights,Colorado Avalanche,total,under,-115,5.5
2026-09-29T10:57:28.104108+00:00,fanduel,MMA,mma_stub_001,2026-10-06T10:57:28.102903+00:00,Jon Jones,Stipe Miocic,moneyline,home,-250,
2026-09-29T10:57:28.104108+00:00,fanduel,MMA,mma_stub_001,2026-10-06T10:57:28.102903+00:00,Jon Jones,Stipe Miocic,moneyline,away,210,
2026-09-29T10:57:28.104108+00:00,fanduel,MMA,mma_stub_002,2026-10-06T12:57:28.102903+00:00,Islam Makhachev,Charles Oliveira,moneyline,home,-180,
2026-09-29T10:57:28.104108+00:00,fanduel,MMA,mma_stub_002,2026-10-06T12:57:28.102903+00:00,Islam Makhachev,Charles Oliveira,moneyline,away,155,
2026-09-29T16:42:56.311620+00:00,fanduel,NFL,nfl_stub_001,2026-10-01T16:42:55.861199+00:00,Kansas City Chiefs,Buffalo Bills,moneyline,home,-150,
2026-09-29T16:42:56.311620+00:00,fanduel,NFL,nfl_stub_001,2026-10-01T16:42:55.861199+00:00,Kansas City Chiefs,Buffalo Bills,moneyline,away,130,
2026-09-29T16:42:56.311620+00:00,fanduel,NFL,nfl_stub_001,2026-10-01T16:42:55.861199+00:00,Kansas City Chiefs,Buffalo Bills,spread,home,-110,-3.0
2026-09-29T16:42:56.311620+00:00,fanduel,NFL,nfl_stub_001,2026-10-01T16:42:55.861199+00:00,Kansas City Chiefs,Buffalo Bills,spread,away,-110,3.0
2026-09-29T16:42:56.311620+00:00,fanduel,NFL,nfl_stub_001,2026-10-01T16:42:55.861199+00:00,Kansas City Chiefs,Buffalo Bills,total,over,-110,47.5
2026-09-29T16:42:56.311620+00:00,fanduel,NFL,nfl_stub_001,2026-10-01T16:42:55.861199+00:00,Kansas City Chiefs,Buffalo Bills,total,under,-110,47.5
2026-09-29T16:42:56.311620+00:00,fanduel,NFL,nfl_stub_002,2026-10-02T16:42:55.861199+00:00,San Francisco 49ers,Dallas Cowboys,moneyline,home,-180,
2026-09-29T16:42:56.311620+00:00,fanduel,NFL,nfl_stub_002,2026-10-02T16:42:55.861199+00:00,San Francisco 49ers,Dallas Cowboys,moneyline,away,155,
2026-09-29T16:42:56.311620+00:00,fanduel,NFL,nfl_stub_002,2026-10-02T16:42:55.861199+00:00,San Francisco 49ers,Dallas Cowboys,spread,home,-105,-4.0
2026-09-29T16:42:56.311620+00:00,fanduel,NFL,nfl_stub_002,2026-10-02T16:42:55.861199+00:00,San Francisco 49ers,Dallas Cowboys,spread,away,-115,4.0
2026-09-29T16:42:56.311620+00:00,fanduel,NFL,nfl_stub_002,2026-10-02T16:42:55.861199+00:00,San Francisco 49ers,Dallas Cowboys,total,over,-108,49.0
2026-09-29T16:42:56.311620+00:00,fanduel,NFL,nfl_stub_002,2026-10-02T16:42:55.861199+00:00,San Francisco 49ers,Dallas Cowboys,total,under,-112,49.0
2026-09-29T16:42:56.311620+00:00,fanduel,NBA,nba_stub_001,2026-09-30T16:42:55.966543+00:00,Los Angeles Lakers,Boston Celtics,moneyline,home,120,
2026-09-29T16:42:56.311620+00:00,fanduel,NBA,nba_stub_001,2026-09-30T16:42:55.966543+00:00,Los Angeles Lakers,Boston Celtics,moneyline,away,-140,
2026-09-29T16:42:56.311620+00:00,fanduel,NBA,nba_stub_001,2026-09-30T16:42:55.966543+00:00,Los Angeles Lakers,Boston Celtics,spread,home,-110,2.5
2026-09-29T16:42:56.311620+00:00,fanduel,NBA,nba_stub_001,2026-09-30T16:42:55.966543+00:00,Los Angeles Lakers,Boston Celtics,spread,away,-110,-2.5
2026-09-29T16:42:56.311620+00:00,fanduel,NBA,nba_stub_001,2026-09-30T16:42:55.966543+00:00,Los Angeles Lakers,Boston Celtics,total,over,-110,225.5
2026-09-29T16:42:56.311620+00:00,fanduel,NBA,nba_stub_001,2026-09-30T16:42:55.966543+00:00,Los Angeles Lakers,Boston Celtics,total,under,-110,225.5
2026-09-29T16:42:56.311620+00:00,fanduel,NBA,nba_stub_002,2026-09-30T19:42:55.966543+00:00,Golden State Warriors,Phoenix Suns,moneyline,home,-165,
2026-09-29T16:42:56.311620+00:00,fanduel,NBA,nba_stub_002,2026-09-30T19:42:55.966543+00:00,Golden State Warriors,Phoenix Suns,moneyline,away,145,
2026-09-29T16:42:56.311620+00:00,fanduel,NBA,nba_stub_002,2026-09-30T19:42:55.966543+00:00,Golden State Warriors,Phoenix Suns,spread,home,-108,-4.0
2026-09-29T16:42:56.311620+00:00,fanduel,NBA,nba_stub_002,2026-09-30T19:42:55.966543+00:00,Golden State Warriors,Phoenix Suns,spread,away,-112,4.0
2026-09-29T16:42:56.311620+00:00,fanduel,NBA,nba_stub_002,2026-09-30T19:42:55.966543+00:00,Golden State Warriors,Phoenix Suns,total,over,-105,232.0
2026-09-29T16:42:56.311620+00:00,fanduel,NBA,nba_stub_002,2026-09-30T19:42:55.966543+00:00,Golden State Warriors,Phoenix Suns,total,under,-115,232.0
2026-09-29T16:42:56.311620+00:00,fanduel,NBA,nba_stub_001,2026-09-30T16:42:56.136764+00:00,Los Angeles Lakers,Boston Celtics,moneyline,home,120,
2026-09-29T16:42:56.311620+00:00,fanduel,NBA,nba_stub_001,2026-09-30T16:42:56.136764+00:00,Los Angeles Lakers,Boston Celtics,moneyline,away,-140,
2026-09-29T16:42:56.311620+00:00,fanduel,NBA,nba_stub_001,2026-09-30T16:42:56.136764+00:00,Los Angeles Lakers,Boston Celtics,spread,home,-110,2.5
2026-09-29T16:42:56.311620+00:00,fanduel,NBA,nba_stub_001,2026-09-30T16:42:56.136764+00:00,Los Angeles Lakers,Boston Celtics,spread,away,-110,-2.5
2026-09-29T16:42:56.311620+00:00,fanduel,NBA,nba_stub_001,2026-09-30T16:42:56.136764+00:00,Los Angeles Lakers,Boston Celtics,total,over,-110,225.5
2026-09-29T16:42:56.311620+00:00,fanduel,NBA,nba_stub_001,2026-09-30T16:42:56.136764+00:00,Los Angeles Lakers,Boston Celtics,total,under,-110,225.5
2026-09-29T16:42:56.311620+00:00,fanduel,NBA,nba_stub_002,2026-09-30T19:42:56.136764+00:00,Golden State Warriors,Phoenix Suns,moneyline,home,-165,
2026-09-29T16:42:56.311620+00:00,fanduel,NBA,nba_stub_002,2026-09-30T19:42:56.136764+00:00,Golden State Warriors,Phoenix Suns,moneyline,away,145,
2026-09-29T16:42:56.311620+00:00,fanduel,NBA,nba_stub_002,2026-09-30T19:42:56.136764+00:00,Golden State Warriors,Phoenix Suns,spread,home,-108,-4.0
2026-09-29T16:42:56.311620+00:00,fanduel,NBA,nba_stub_002,2026-09-30T19:42:56.136764+00:00,Golden State Warriors,Phoenix Suns,spread,away,-112,4.0
2026-09-29T16:42:56.311620+00:00,fanduel,NBA,nba_stub_002,2026-09-30T19:42:56.136764+00:00,Golden State Warriors,Phoenix Suns,total,over,-105,232.0
2026-09-29T16:42:56.311620+00:00,fanduel,NBA,nba_stub_002,2026-09-30T19:42:56.136764+00:00,Golden State Warriors,Phoenix Suns,total,under,-115,232.0
2026-09-29T16:42:56.311620+00:00,fanduel,NHL,nhl_stub_001,2026-09-30T16:42:56.229572+00:00,Toronto Maple Leafs,Montreal Canadiens,moneyline,home,-155,
2026-09-29T16:42:56.311620+00:00,fanduel,NHL,nhl_stub_001,2026-09-30T16:42:56.229572+00:00,Toronto Maple Leafs,Montreal Canadiens,moneyline,away,135,
2026-09-29T16:42:56.311620+00:00,fanduel,NHL,nhl_stub_001,2026-09-30T16:42:56.229572+00:00,Toronto Maple Leafs,Montreal Canadiens,spread,home,-115,-1.5
2026-09-29T16:42:56.311620+00:00,fanduel,NHL,nhl_stub_001,2026-09-30T16:42:56.229572+00:00,Toronto Maple Leafs,Montreal Canadiens,spread,away,-105,1.5
2026-09-29T16:42:56.311620+00:00,fanduel,NHL,nhl_stub_001,2026-09-30T16:42:56.229572+00:00,Toronto Maple Leafs,Montreal Canadiens,total,over,-110,6.5
2026-09-29T16:42:56.311620+00:00,fanduel,NHL,nhl_stub_001,2026-09-30T16:42:56.229572+00:00,Toronto Maple Leafs,Montreal Canadiens,total,under,-110,6.5
2026-09-29T16:42:56.311620+00:00,fanduel,NHL,nhl_stub_002,2026-09-30T19:42:56.229572+00:00,Vegas Golden Knights,Colorado Avalanche,moneyline,home,-130,
2026-09-29T16:42:56.311620+00:00,fanduel,NHL,nhl_stub_002,2026-09-30T19:42:56.229572+00:00,Vegas Golden Knights,Colorado Avalanche,moneyline,away,110,
2026-09-29T16:42:56.311620+00:00,fanduel,NHL,nhl_stub_002,2026-09-30T19:42:56.229572+00:00,Vegas Golden Knights,Colorado Avalanche,spread,home,105,-1.5
2026-09-29T16:42:56.311620+00:00,fanduel,NHL,nhl_stub_002,2026-09-30T19:42:56.229572+00:00,Vegas Golden Knights,Colorado Avalanche,spread,away,-125,1.5
2026-09-29T16:42:56.311620+00:00,fanduel,NHL,nhl_stub_002,2026-09-30T19:42:56.229572+00:00,Vegas Golden Knights,Colorado Avalanche,total,over,-105,5.5
2026-09-29T16:42:56.311620+00:00,fanduel,NHL,nhl_stub_002,2026-09-30T19:42:56.229572+00:00,Vegas Golden Knights,Colorado Avalanche,total,under,-115,5.5
2026-09-29T16:42:56.311620+00:00,fanduel,MMA,mma_stub_001,2026-10-06T16:42:56.310429+00:00,Jon Jones,Stipe Miocic,moneyline,home,-250,
2026-09-29T16:42:56.311620+00:00,fanduel,MMA,mma_stub_001,2026-10-06T16:42:56.310429+00:00,Jon Jones,Stipe Miocic,moneyline,away,210,
2026-09-29T16:42:56.311620+00:00,fanduel,MMA,mma_stub_002,2026-10-06T18:42:56.310429+00:00,Islam Makhachev,Charles Oliveira,moneyline,home,-180,
2026-09-29T16:42:56.311620+00:00,fanduel,MMA,mma_stub_002,2026-10-06T18:42:56.310429+00:00,Islam Makhachev,Charles Oliveira,moneyline,away,155,
2026-09-29T21:18:28.502753+00:00,fanduel,NFL,nfl_stub_001,2026-10-01T21:18:27.633383+00:00,Kansas City Chiefs,Buffalo Bills,moneyline,home,-150,
2026-09-29T21:18:28.502753+00:00,fanduel,NFL,nfl_stub_001,2026-10-01T21:18:27.633383+00:00,Kansas City Chiefs,Buffalo Bills,moneyline,away,130,
2026-09-29T21:18:28.502753+00:00,fanduel,NFL,nfl_stub_001,2026-10-01T21:18:27.633383+00:00,Kansas City Chiefs,Buffalo Bills,spread,home,-110,-3.0
2026-09-29T21:18:28.502753+00:00,fanduel,NFL,nfl_stub_001,2026-10-01T21:18:27.633383+00:00,Kansas City Chiefs,Buffalo Bills,spread,away,-110,3.0
2026-09-29T21:18:28.502753+00:00,fanduel,NFL,nfl_stub_001,2026-10-01T21:18:27.633383+00:00,Kansas City Chiefs,Buffalo Bills,total,over,-110,47.5
2026-09-29T21:18:28.502753+00:00,fanduel,NFL,nfl_stub_001,2026-10-01T21:18:27.633383+00:00,Kansas City Chiefs,Buffalo Bills,total,under,-110,47.5
2026-09-29T21:18:28.502753+00:00,fanduel,NFL,nfl_stub_002,2026-10-02T21:18:27.633383+00:00,San Francisco 49ers,Dallas Cowboys,moneyline,home,-180,
2026-09-29T21:18:28.502753+00:00,fanduel,NFL,nfl_stub_002,2026-10-02T21:18:27.633383+00:00,San Francisco 49ers,Dallas Cowboys,moneyline,away,155,
2026-09-29T21:18:28.502753+00:00,fanduel,NFL,nfl_stub_002,2026-10-02T21:18:27.633383+00:00,San Francisco 49ers,Dallas Cowboys,spread,home,-105,-4.0
2026-09-29T21:18:28.502753+00:00,fanduel,NFL,nfl_stub_002,2026-10-02T21:18:27.633383+00:00,San Francisco 49ers,Dallas Cowboys,spread,away,-115,4.0
2026-09-29T21:18:28.502753+00:00,fanduel,NFL,nfl_stub_002,2026-10-02T21:18:27.633383+00:00,San Francisco 49ers,Dallas Cowboys,total,over,-108,49.0
2026-09-29T21:18:28.502753+00:00,fanduel,NFL,nfl_stub_002,2026-10-02T21:18:27.633383+00:00,San Francisco 49ers,Dallas Cowboys,total,under,-112,49.0
2026-09-29T21:18:28.502753+00:00,fanduel,NBA,nba_stub_001,2026-09-30T21:18:27.893176+00:00,Los Angeles Lakers,Boston Celtics,moneyline,home,120,
2026-09-29T21:18:28.502753+00:00,fanduel,NBA,nba_stub_001,2026-09-30T21:18:27.893176+00:00,Los Angeles Lakers,Boston Celtics,moneyline,away,-140,
2026-09-29T21:18:28.502753+00:00,fanduel,NBA,nba_stub_001,2026-09-30T21:18:27.893176+00:00,Los Angeles Lakers,Boston Celtics,spread,home,-110,2.5
2026-09-29T21:18:28.502753+00:00,fanduel,NBA,nba_stub_001,2026-09-30T21:18:27.893176+00:00,Los Angeles Lakers,Boston Celtics,spread,away,-110,-2.5
2026-09-29T21:18:28.502753+00:00,fanduel,NBA,nba_stub_001,2026-09-30T21:18:27.893176+00:00,Los Angeles Lakers,Boston Celtics,total,over,-110,225.5
2026-09-29T21:18:28.502753+00:00,fanduel,NBA,nba_stub_001,2026-09-30T21:18:27.893176+00:00,Los Angeles Lakers,Boston Celtics,total,under,-110,225.5
2026-09-29T21:18:28.502753+00:00,fanduel,NBA,nba_stub_002,2026-10-01T00:18:27.893176+00:00,Golden State Warriors,Phoenix Suns,moneyline,home,-165,
2026-09-29T21:18:28.502753+00:00,fanduel,NBA,nba_stub_002,2026-10-01T00:18:27.893176+00:00,Golden State Warriors,Phoenix Suns,moneyline,away,145,
2026-09-29T21:18:28.502753+00:00,fanduel,NBA,nba_stub_002,2026-10-01T00:18:27.893176+00:00,Golden State Warriors,Phoenix Suns,spread,home,-108,-4.0
2026-09-29T21:18:28.502753+00:00,fanduel,NBA,nba_stub_002,2026-10-01T00:18:27.893176+00:00,Golden State Warriors,Phoenix Suns,spread,away,-112,4.0
2026-09-29T21:18:28.502753+00:00,fanduel,NBA,nba_stub_002,2026-10-01T00:18:27.893176+00:00,Golden State Warriors,Phoenix Suns,total,over,-105,232.0
2026-09-29T21:18:28.502753+00:00,fanduel,NBA,nba_stub_002,2026-10-01T00:18:27.893176+00:00,Golden State Warriors,Phoenix Suns,total,under,-115,232.0
2026-09-29T21:18:28.502753+00:00,fanduel,NBA,nba_stub_001,2026-09-30T21:18:28.238594+00:00,Los Angeles Lakers,Boston Celtics,moneyline,home,120,
2026-09-29T21:18:28.502753+00:00,fanduel,NBA,nba_stub_001,2026-09-30T21:18:28.238594+00:00,Los Angeles Lakers,Boston Celtics,moneyline,away,-140,
2026-09-29T21:18:28.502753+00:00,fanduel,NBA,nba_stub_001,2026-09-30T21:18:28.238594+00:00,Los Angeles Lakers,Boston Celtics,spread,home,-110,2.5
2026-09-29T21:18:28.502753+00:00,fanduel,NBA,nba_stub_001,2026-09-30T21:18:28.238594+00:00,Los Angeles Lakers,Boston Celtics,spread,away,-110,-2.5
2026-09-29T21:18:28.502753+00:00,fanduel,NBA,nba_stub_001,2026-09-30T21:18:28.238594+00:00,Los Angeles Lakers,Boston Celtics,total,over,-110,225.5
2026-09-29T21:18:28.502753+00:00,fanduel,NBA,nba_stub_001,2026-09-30T21:18:28.238594+00:00,Los Angeles Lakers,Boston Celtics,total,under,-110,225.5
2026-09-29T21:18:28.502753+00:00,fanduel,NBA,nba_stub_002,2026-10-01T00:18:28.238594+00:00,Golden State Warriors,Phoenix Suns,moneyline,home,-165,
2026-09-29T21:18:28.502753+00:00,fanduel,NBA,nba_stub_002,2026-10-01T00:18:28.238594+00:00,Golden State Warriors,Phoenix Suns,moneyline,away,145,
2026-09-29T21:18:28.502753+00:00,fanduel,NBA,nba_stub_002,2026-10-01T00:18:28.238594+00:00,Golden State Warriors,Phoenix Suns,spread,home,-108,-4.0
2026-09-29T21:18:28.502753+00:00,fanduel,NBA,nba_stub_002,2026-10-01T00:18:28.238594+00:00,Golden State Warriors,Phoenix Suns,spread,away,-112,4.0
2026-09-29T21:18:28.502753+00:00,fanduel,NBA,nba_stub_002,2026-10-01T00:18:28.238594+00:00,Golden State Warriors,Phoenix Suns,total,over,-105,232.0
2026-09-29T21:18:28.502753+00:00,fanduel,NBA,nba_stub_002,2026-10-01T00:18:28.238594+00:00,Golden State Warriors,Phoenix Suns,total,under,-115,232.0
2026-09-29T21:18:28.502753+00:00,fanduel,NHL,nhl_stub_001,2026-09-30T21:18:28.374176+00:00,Toronto Maple Leafs,Montreal Canadiens,moneyline,home,-155,
2026-09-29T21:18:28.502753+00:00,fanduel,NHL,nhl_stub_001,2026-09-30T21:18:28.374176+00:00,Toronto Maple Leafs,Montreal Canadiens,moneyline,away,135,
2026-09-29T21:18:28.502753+00:00,fanduel,NHL,nhl_stub_001,2026-09-30T21:18:28.374176+00:00,Toronto Maple Leafs,Montreal Canadiens,spread,home,-115,-1.5
2026-09-29T21:18:28.502753+00:00,fanduel,NHL,nhl_stub_001,2026-09-30T21:18:28.374176+00:00,Toronto Maple Leafs,Montreal Canadiens,spread,away,-105,1.5
2026-09-29T21:18:28.502753+00:00,fanduel,NHL,nhl_stub_001,2026-09-30T21:18:28.374176+00:00,Toronto Maple Leafs,Montreal Canadiens,total,over,-110,6.5
2026-09-29T21:18:28.502753+00:00,fanduel,NHL,nhl_stub_001,2026-09-30T21:18:28.374176+00:00,Toronto Maple Leafs,Montreal Canadiens,total,under,-110,6.5
2026-09-29T21:18:28.502753+00:00,fanduel,NHL,nhl_stub_002,2026-10-01T00:18:28.374176+00:00,Vegas Golden Knights,Colorado Avalanche,moneyline,home,-130,
2026-09-29T21:18:28.502753+00:00,fanduel,NHL,nhl_stub_002,2026-10-01T00:18:28.374176+00:00,Vegas Golden Knights,Colorado Avalanche,moneyline,away,110,
2026-09-29T21:18:28.502753+00:00,fanduel,NHL,nhl_stub_002,2026-10-01T00:18:28.374176+00:00,Vegas Golden Knights,Colorado Avalanche,spread,home,105,-1.5
2026-09-29T21:18:28.502753+00:00,fanduel,NHL,nhl_stub_002,2026-10-01T00:18:28.374176+00:00,Vegas Golden Knights,Colorado Avalanche,spread,away,-125,1.5
2026-09-29T21:18:28.502753+00:00,fanduel,NHL,nhl_stub_002,2026-10-01T00:18:28.374176+00:00,Vegas Golden Knights,Colorado Avalanche,total,over,-105,5.5
2026-09-29T21:18:28.502753+00:00,fanduel,NHL,nhl_stub_002,2026-10-01T00:18:28.374176+00:00,Vegas Golden Knights,Colorado Avalanche,total,under,-115,5.5
2026-09-29T21:18:28.502753+00:00,fanduel,MMA,mma_stub_001,2026-10-06T21:18:28.502048+00:00,Jon Jones,Stipe Miocic,moneyline,home,-250,
2026-09-29T21:18:28.502753+00:00,fanduel,MMA,mma_stub_001,2026-10-06T21:18:28.502048+00:00,Jon Jones,Stipe Miocic,moneyline,away,210,
2026-09-29T21:18:28.502753+00:00,fanduel,MMA,mma_stub_002,2026-10-06T23:18:28.502048+00:00,Islam Makhachev,Charles Oliveira,moneyline,home,-180,
2026-09-29T21:18:28.502753+00:00,fanduel,MMA,mma_stub_002,2026-10-06T23:18:28.502048+00:00,Islam Makhachev,Charles Oliveira,moneyline,away,155,
2026-09-30T00:41:35.948534+00:00,fanduel,NFL,nfl_stub_001,2026-10-02T00:41:35.516247+00:00,Kansas City Chiefs,Buffalo Bills,moneyline,home,-150,
2026-09-30T00:41:35.948534+00:00,fanduel,NFL,nfl_stub_001,2026-10-02T00:41:35.516247+00:00,Kansas City Chiefs,Buffalo Bills,moneyline,away,130,
2026-09-30T00:41:35.948534+00:00,fanduel,NFL,nfl_stub_001,2026-10-02T00:41:35.516247+00:00,Kansas City Chiefs,Buffalo Bills,spread,home,-110,-3.0
2026-09-30T00:41:35.948534+00:00,fanduel,NFL,nfl_stub_001,2026-10-02T00:41:35.516247+00:00,Kansas City Chiefs,Buffalo Bills,spread,away,-110,3.0
2026-09-30T00:41:35.948534+00:00,fanduel,NFL,nfl_stub_001,2026-10-02T00:41:35.516247+00:00,Kansas City Chiefs,Buffalo Bills,total,over,-110,47.5
2026-09-30T00:41:35.948534+00:00,fanduel,NFL,nfl_stub_001,2026-10-02T00:41:35.516247+00:00,Kansas City Chiefs,Buffalo Bills,total,under,-110,47.5
2026-09-30T00:41:35.948534+00:00,fanduel,NFL,nfl_stub_002,2026-10-03T00:41:35.516247+00:00,San Francisco 49ers,Dallas Cowboys,moneyline,home,-180,
2026-09-30T00:41:35.948534+00:00,fanduel,NFL,nfl_stub_002,2026-10-03T00:41:35.516247+00:00,San Francisco 49ers,Dallas Cowboys,moneyline,away,155,
2026-09-30T00:41:35.948534+00:00,fanduel,NFL,nfl_stub_002,2026-10-03T00:41:35.516247+00:00,San Francisco 49ers,Dallas Cowboys,spread,home,-105,-4.0
2026-09-30T00:41:35.948534+00:00,fanduel,NFL,nfl_stub_002,2026-10-03T00:41:35.516247+00:00,San Francisco 49ers,Dallas Cowboys,spread,away,-115,4.0
2026-09-30T00:41:35.948534+00:00,fanduel,NFL,nfl_stub_002,2026-10-03T00:41:35.516247+00:00,San Francisco 49ers,Dallas Cowboys,total,over,-108,49.0
2026-09-30T00:41:35.948534+00:00,fanduel,NFL,nfl_stub_002,2026-10-03T00:41:35.516247+00:00,San Francisco 49ers,Dallas Cowboys,total,under,-112,49.0
2026-09-30T00:41:35.948534+00:00,fanduel,NBA,nba_stub_001,2026-10-01T00:41:35.616823+00:00,Los Angeles Lakers,Boston Celtics,moneyline,home,120,
2026-09-30T00:41:35.948534+00:00,fanduel,NBA,nba_stub_001,2026-10-01T00:41:35.616823+00:00,Los Angeles Lakers,Boston Celtics,moneyline,away,-140,
2026-09-30T00:41:35.948534+00:00,fanduel,NBA,nba_stub_001,2026-10-01T00:41:35.616823+00:00,Los Angeles Lakers,Boston Celtics,spread,home,-110,2.5
2026-09-30T00:41:35.948534+00:00,fanduel,NBA,nba_stub_001,2026-10-01T00:41:35.616823+00:00,Los Angeles Lakers,Boston Celtics,spread,away,-110,-2.5
2026-09-30T00:41:35.948534+00:00,fanduel,NBA,nba_stub_001,2026-10-01T00:41:35.616823+00:00,Los Angeles Lakers,Boston Celtics,total,over,-110,225.5
2026-09-30T00:41:35.948534+00:00,fanduel,NBA,nba_stub_001,2026-10-01T00:41:35.616823+00:00,Los Angeles Lakers,Boston Celtics,total,under,-110,225.5
2026-09-30T00:41:35.948534+00:00,fanduel,NBA,nba_stub_002,2026-10-01T03:41:35.616823+00:00,Golden State Warriors,Phoenix Suns,moneyline,home,-165,
2026-09-30T00:41:35.948534+00:00,fanduel,NBA,nba_stub_002,2026-10-01T03:41:35.616823+00:00,Golden State Warriors,Phoenix Suns,moneyline,away,145,
2026-09-30T00:41:35.948534+00:00,fanduel,NBA,nba_stub_002,2026-10-01T03:41:35.616823+00:00,Golden State Warriors,Phoenix Suns,spread,home,-108,-4.0
2026-09-30T00:41:35.948534+00:00,fanduel,NBA,nba_stub_002,2026-10-01T03:41:35.616823+00:00,Golden State Warriors,Phoenix Suns,spread,away,-112,4.0
2026-09-30T00:41:35.948534+00:00,fanduel,NBA,nba_stub_002,2026-10-01T03:41:35.616823+00:00,Golden State Warriors,Phoenix Suns,total,over,-105,232.0
2026-09-30T00:41:35.948534+00:00,fanduel,NBA,nba_stub_002,2026-10-01T03:41:35.616823+00:00,Golden State Warriors,Phoenix Suns,total,under,-115,232.0
2026-09-30T00:41:35.948534+00:00,fanduel,NBA,nba_stub_001,2026-10-01T00:41:35.801433+00:00,Los Angeles Lakers,Boston Celtics,moneyline,home,120,
2026-09-30T00:41:35.948534+00:00,fanduel,NBA,nba_stub_001,2026-10-01T00:41:35.801433+00:00,Los Angeles Lakers,Boston Celtics,moneyline,away,-140,
2026-09-30T00:41:35.948534+00:00,fanduel,NBA,nba_stub_001,2026-10-01T00:41:35.801433+00:00,Los Angeles Lakers,Boston Celtics,spread,home,-110,2.5
2026-09-30T00:41:35.948534+00:00,fanduel,NBA,nba_stub_001,2026-10-01T00:41:35.801433+00:00,Los Angeles Lakers,Boston Celtics,spread,away,-110,-2.5
2026-09-30T00:41:35.948534+00:00,fanduel,NBA,nba_stub_001,2026-10-01T00:41:35.801433+00:00,Los Angeles Lakers,Boston Celtics,total,over,-110,225.5
2026-09-30T00:41:35.948534+00:00,fanduel,NBA,nba_stub_001,2026-10-01T00:41:35.801433+00:00,Los Angeles Lakers,Boston Celtics,total,under,-110,225.5
2026-09-30T00:41:35.948534+00:00,fanduel,NBA,nba_stub_002,2026-10-01T03:41:35.801433+00:00,Golden State Warriors,Phoenix Suns,moneyline,home,-165,
2026-09-30T00:41:35.948534+00:00,fanduel,NBA,nba_stub_002,2026-10-01T03:41:35.801433+00:00,Golden State Warriors,Phoenix Suns,moneyline,away,145,
2026-09-30T00:41:35.948534+00:00,fanduel,NBA,nba_stub_002,2026-10-01T03:41:35.801433+00:00,Golden State Warriors,Phoenix Suns,spread,home,-108,-4.0
2026-09-30T00:41:35.948534+00:00,fanduel,NBA,nba_stub_002,2026-10-01T03:41:35.801433+00:00,Golden State Warriors,Phoenix Suns,spread,away,-112,4.0
2026-09-30T00:41:35.948534+00:00,fanduel,NBA,nba_stub_002,2026-10-01T03:41:35.801433+00:00,Golden State Warriors,Phoenix Suns,total,over,-105,232.0
2026-09-30T00:41:35.948534+00:00,fanduel,NBA,nba_stub_002,2026-10-01T03:41:35.801433+00:00,Golden State Warriors,Phoenix Suns,total,under,-115,232.0
2026-09-30T00:41:35.948534+00:00,fanduel,NHL,nhl_stub_001,2026-10-01T00:41:35.877275+00:00,Toronto Maple Leafs,Montreal Canadiens,moneyline,home,-155,
2026-09-30T00:41:35.948534+00:00,fanduel,NHL,nhl_stub_001,2026-10-01T00:41:35.877275+00:00,Toronto Maple Leafs,Montreal Canadiens,moneyline,away,135,
2026-09-30T00:41:35.948534+00:00,fanduel,NHL,nhl_stub_001,2026-10-01T00:41:35.877275+00:00,Toronto Maple Leafs,Montreal Canadiens,spread,home,-115,-1.5
2026-09-30T00:41:35.948534+00:00,fanduel,NHL,nhl_stub_001,2026-10-01T00:41:35.877275+00:00,Toronto Maple Leafs,Montreal Canadiens,spread,away,-105,1.5
2026-09-30T00:41:35.948534+00:00,fanduel,NHL,nhl_stub_001,2026-10-01T00:41:35.877275+00:00,Toronto Maple Leafs,Montreal Canadiens,total,over,-110,6.5
2026-09-30T00:41:35.948534+00:00,fanduel,NHL,nhl_stub_001,2026-10-01T00:41:35.877275+00:00,Toronto Maple Leafs,Montreal Canadiens,total,under,-110,6.5
2026-09-30T00:41:35.948534+00:00,fanduel,NHL,nhl_stub_002,2026-10-01T03:41:35.877275+00:00,Vegas Golden Knights,Colorado Avalanche,moneyline,home,-130,
2026-09-30T00:41:35.948534+00:00,fanduel,NHL,nhl_stub_002,2026-10-01T03:41:35.877275+00:00,Vegas Golden Knights,Colorado Avalanche,moneyline,away,110,
2026-09-30T00:41:35.948534+00:00,fanduel,NHL,nhl_stub_002,2026-10-01T03:41:35.877275+00:00,Vegas Golden Knights,Colorado Avalanche,spread,home,105,-1.5
2026-09-30T00:41:35.948534+00:00,fanduel,NHL,nhl_stub_002,2026-10-01T03:41:35.877275+00:00,Vegas Golden Knights,Colorado Avalanche,spread,away,-125,1.5
2026-09-30T00:41:35.948534+00:00,fanduel,NHL,nhl_stub_002,2026-10-01T03:41:35.877275+00:00,Vegas Golden Knights,Colorado Avalanche,total,over,-105,5.5
2026-09-30T00:41:35.948534+00:00,fanduel,NHL,nhl_stub_002,2026-10-01T03:41:35.877275+00:00,Vegas Golden Knights,Colorado Avalanche,total,under,-115,5.5
2026-09-30T00:41:35.948534+00:00,fanduel,MMA,mma_stub_001,2026-10-07T00:41:35.947313+00:00,Jon Jones,Stipe Miocic,moneyline,home,-250,
2026-09-30T00:41:35.948534+00:00,fanduel,MMA,mma_stub_001,2026-10-07T00:41:35.947313+00:00,Jon Jones,Stipe Miocic,moneyline,away,210,
2026-09-30T00:41:35.948534+00:00,fanduel,MMA,mma_stub_002,2026-10-07T02:41:35.947313+00:00,Islam Makhachev,Charles Oliveira,moneyline,home,-180,
2026-09-30T00:41:35.948534+00:00,fanduel,MMA,mma_stub_002,2026-10-07T02:41:35.947313+00:00,Islam Makhachev,Charles Oliveira,moneyline,away,155,
2026-09-30T03:55:58.928786+00:00,fanduel,NFL,nfl_stub_001,2026-10-02T03:55:58.346845+00:00,Kansas City Chiefs,Buffalo Bills,moneyline,home,-150,
2026-09-30T03:55:58.928786+00:00,fanduel,NFL,nfl_stub_001,2026-10-02T03:55:58.346845+00:00,Kansas City Chiefs,Buffalo Bills,moneyline,away,130,
2026-09-30T03:55:58.928786+00:00,fanduel,NFL,nfl_stub_001,2026-10-02T03:55:58.346845+00:00,Kansas City Chiefs,Buffalo Bills,spread,home,-110,-3.0
2026-09-30T03:55:58.928786+00:00,fanduel,NFL,nfl_stub_001,2026-10-02T03:55:58.346845+00:00,Kansas City Chiefs,Buffalo Bills,spread,away,-110,3.0
2026-09-30T03:55:58.928786+00:00,fanduel,NFL,nfl_stub_001,2026-10-02T03:55:58.346845+00:00,Kansas City Chiefs,Buffalo Bills,total,over,-110,47.5
2026-09-30T03:55:58.928786+00:00,fanduel,NFL,nfl_stub_001,2026-10-02T03:55:58.346845+00:00,Kansas City Chiefs,Buffalo Bills,total,under,-110,47.5
2026-09-30T03:55:58.928786+00:00,fanduel,NFL,nfl_stub_002,2026-10-03T03:55:58.346845+00:00,San Francisco 49ers,Dallas Cowboys,moneyline,home,-180,
2026-09-30T03:55:58.928786+00:00,fanduel,NFL,nfl_stub_002,2026-10-03T03:55:58.346845+00:00,San Francisco 49ers,Dallas Cowboys,moneyline,away,155,
2026-09-30T03:55:58.928786+00:00,fanduel,NFL,nfl_stub_002,2026-10-03T03:55:58.346845+00:00,San Francisco 49ers,Dallas Cowboys,spread,home,-105,-4.0
2026-09-30T03:55:58.928786+00:00,fanduel,NFL,nfl_stub_002,2026-10-03T03:55:58.346845+00:00,San Francisco 49ers,Dallas Cowboys,spread,away,-115,4.0
2026-09-30T03:55:58.928786+00:00,fanduel,NFL,nfl_stub_002,2026-10-03T03:55:58.346845+00:00,San Francisco 49ers,Dallas Cowboys,total,over,-108,49.0
2026-09-30T03:55:58.928786+00:00,fanduel,NFL,nfl_stub_002,2026-10-03T03:55:58.346845+00:00,San Francisco 49ers,Dallas Cowboys,total,under,-112,49.0
2026-09-30T03:55:58.928786+00:00,fanduel,NBA,nba_stub_001,2026-10-01T03:55:58.524257+00:00,Los Angeles Lakers,Boston Celtics,moneyline,home,120,
2026-09-30T03:55:58.928786+00:00,fanduel,NBA,nba_stub_001,2026-10-01T03:55:58.524257+00:00,Los Angeles Lakers,Boston Celtics,moneyline,away,-140,
2026-09-30T03:55:58.928786+00:00,fanduel,NBA,nba_stub_001,2026-10-01T03:55:58.524257+00:00,Los Angeles Lakers,Boston Celtics,spread,home,-110,2.5
2026-09-30T03:55:58.928786+00:00,fanduel,NBA,nba_stub_001,2026-10-01T03:55:58.524257+00:00,Los Angeles Lakers,Boston Celtics,spread,away,-110,-2.5
2026-09-30T03:55:58.928786+00:00,fanduel,NBA,nba_stub_001,2026-10-01T03:55:58.524257+00:00,Los Angeles Lakers,Boston Celtics,total,over,-110,225.5
2026-09-30T03:55:58.928786+00:00,fanduel,NBA,nba_stub_001,2026-10-01T03:55:58.524257+00:00,Los Angeles Lakers,Boston Celtics,total,under,-110,225.5
2026-09-30T03:55:58.928786+00:00,fanduel,NBA,nba_stub_002,2026-10-01T06:55:58.524257+00:00,Golden State Warriors,Phoenix Suns,moneyline,home,-165,
2026-09-30T03:55:58.928786+00:00,fanduel,NBA,nba_stub_002,2026-10-01T06:55:58.524257+00:00,Golden State Warriors,Phoenix Suns,moneyline,away,145,
2026-09-30T03:55:58.928786+00:00,fanduel,NBA,nba_stub_002,2026-10-01T06:55:58.524257+00:00,Golden State Warriors,Phoenix Suns,spread,home,-108,-4.0
2026-09-30T03:55:58.928786+00:00,fanduel,NBA,nba_stub_002,2026-10-01T06:55:58.524257+00:00,Golden State Warriors,Phoenix Suns,spread,away,-112,4.0
2026-09-30T03:55:58.928786+00:00,fanduel,NBA,nba_stub_002,2026-10-01T06:55:58.524257+00:00,Golden State Warriors,Phoenix Suns,total,over,-105,232.0
2026-09-30T03:55:58.928786+00:00,fanduel,NBA,nba_stub_002,2026-10-01T06:55:58.524257+00:00,Golden State Warriors,Phoenix Suns,total,under,-115,232.0
2026-09-30T03:55:58.928786+00:00,fanduel,NBA,nba_stub_001,2026-10-01T03:55:58.693262+00:00,Los Angeles Lakers,Boston Celtics,moneyline,home,120,
2026-09-30T03:55:58.928786+00:00,fanduel,NBA,nba_stub_001,2026-10-01T03:55:58.693262+00:00,Los Angeles Lakers,Boston Celtics,moneyline,away,-140,
2026-09-30T03:55:58.928786+00:00,fanduel,NBA,nba_stub_001,2026-10-01T03:55:58.693262+00:00,Los Angeles Lakers,Boston Celtics,spread,home,-110,2.5
2026-09-30T03:55:58.928786+00:00,fanduel,NBA,nba_stub_001,2026-10-01T03:55:58.693262+00:00,Los Angeles Lakers,Boston Celtics,spread,away,-110,-2.5
2026-09-30T03:55:58.928786+00:00,fanduel,NBA,nba_stub_001,2026-10-01T03:55:58.693262+00:00,Los Angeles Lakers,Boston Celtics,total,over,-110,225.5
2026-09-30T03:55:58.928786+00:00,fanduel,NBA,nba_stub_001,2026-10-01T03:55:58.693262+00:00,Los Angeles Lakers,Boston Celtics,total,under,-110,225.5
2026-09-30T03:55:58.928786+00:00,fanduel,NBA,nba_stub_002,2026-10-01T06:55:58.693262+00:00,Golden State Warriors,Phoenix Suns,moneyline,home,-165,
2026-09-30T03:55:58.928786+00:00,fanduel,NBA,nba_stub_002,2026-10-01T06:55:58.693262+00:00,Golden State Warriors,Phoenix Suns,moneyline,away,145,
2026-09-30T03:55:58.928786+00:00,fanduel,NBA,nba_stub_002,2026-10-01T06:55:58.693262+00:00,Golden State Warriors,Phoenix Suns,spread,home,-108,-4.0
2026-09-30T03:55:58.928786+00:00,fanduel,NBA,nba_stub_002,2026-10-01T06:55:58.693262+00:00,Golden State Warriors,Phoenix Suns,spread,away,-112,4.0
2026-09-30T03:55:58.928786+00:00,fanduel,NBA,nba_stub_002,2026-10-01T06:55:58.693262+00:00,Golden State Warriors,Phoenix Suns,total,over,-105,232.0
2026-09-30T03:55:58.928786+00:00,fanduel,NBA,nba_stub_002,2026-10-01T06:55:58.693262+00:00,Golden State Warriors,Phoenix Suns,total,under,-115,232.0
2026-09-30T03:55:58.928786+00:00,fanduel,NHL,nhl_stub_001,2026-10-01T03:55:58.759611+00:00,Toronto Maple Leafs,Montreal Canadiens,moneyline,home,-155,
2026-09-30T03:55:58.928786+00:00,fanduel,NHL,nhl_stub_001,2026-10-01T03:55:58.759611+00:00,Toronto Maple Leafs,Montreal Canadiens,moneyline,away,135,
2026-09-30T03:55:58.928786+00:00,fanduel,NHL,nhl_stub_001,2026-10-01T03:55:58.759611+00:00,Toronto Maple Leafs,Montreal Canadiens,spread,home,-115,-1.5
2026-09-30T03:55:58.928786+00:00,fanduel,NHL,nhl_stub_001,2026-10-01T03:55:58.759611+00:00,Toronto Maple Leafs,Montreal Canadiens,spread,away,-105,1.5
2026-09-30T03:55:58.928786+00:00,fanduel,NHL,nhl_stub_001,2026-10-01T03:55:58.759611+00:00,Toronto Maple Leafs,Montreal Canadiens,total,over,-110,6.5
2026-09-30T03:55:58.928786+00:00,fanduel,NHL,nhl_stub_001,2026-10-01T03:55:58.759611+00:00,Toronto Maple Leafs,Montreal Canadiens,total,under,-110,6.5
2026-09-30T03:55:58.928786+00:00,fanduel,NHL,nhl_stub_002,2026-10-01T06:55:58.759611+00:00,Vegas Golden Knights,Colorado Avalanche,moneyline,home,-130,
2026-09-30T03:55:58.928786+00:00,fanduel,NHL,nhl_stub_002,2026-10-01T06:55:58.759611+00:00,Vegas Golden Knights,Colorado Avalanche,moneyline,away,110,
2026-09-30T03:55:58.928786+00:00,fanduel,NHL,nhl_stub_002,2026-10-01T06:55:58.759611+00:00,Vegas Golden Knights,Colorado Avalanche,spread,home,105,-1.5
2026-09-30T03:55:58.928786+00:00,fanduel,NHL,nhl_stub_002,2026-10-01T06:55:58.759611+00:00,Vegas Golden Knights,Colorado Avalanche,spread,away,-125,1.5
2026-09-30T03:55:58.928786+00:00,fanduel,NHL,nhl_stub_002,2026-10-01T06:55:58.759611+00:00,Vegas Golden Knights,Colorado Avalanche,total,over,-105,5.5
2026-09-30T03:55:58.928786+00:00,fanduel,NHL,nhl_stub_002,2026-10-01T06:55:58.759611+00:00,Vegas Golden Knights,Colorado Avalanche,total,under,-115,5.5
2026-09-30T03:55:58.928786+00:00,fanduel,MMA,mma_stub_001,2026-10-07T03:55:58.927935+00:00,Jon Jones,Stipe Miocic,moneyline,home,-250,
2026-09-30T03:55:58.928786+00:00,fanduel,MMA,mma_stub_001,2026-10-07T03:55:58.927935+00:00,Jon Jones,Stipe Miocic,moneyline,away,210,
2026-09-30T03:55:58.928786+00:00,fanduel,MMA,mma_stub_002,2026-10-07T05:55:58.927935+00:00,Islam Makhachev,Charles Oliveira,moneyline,home,-180,
2026-09-30T03:55:58.928786+00:00,fanduel,MMA,mma_stub_002,2026-10-07T05:55:58.927935+00:00,Islam Makhachev,Charles Oliveira,moneyline,away,155,
2026-09-30T10:17:52.515760+00:00,fanduel,NFL,nfl_stub_001,2026-10-02T10:17:51.944152+00:00,Kansas City Chiefs,Buffalo Bills,moneyline,home,-150,
2026-09-30T10:17:52.515760+00:00,fanduel,NFL,nfl_stub_001,2026-10-02T10:17:51.944152+00:00,Kansas City Chiefs,Buffalo Bills,moneyline,away,130,
2026-09-30T10:17:52.515760+00:00,fanduel,NFL,nfl_stub_001,2026-10-02T10:17:51.944152+00:00,Kansas City Chiefs,Buffalo Bills,spread,home,-110,-3.0
2026-09-30T10:17:52.515760+00:00,fanduel,NFL,nfl_stub_001,2026-10-02T10:17:51.944152+00:00,Kansas City Chiefs,Buffalo Bills,spread,away,-110,3.0
2026-09-30T10:17:52.515760+00:00,fanduel,NFL,nfl_stub_001,2026-10-02T10:17:51.944152+00:00,Kansas City Chiefs,Buffalo Bills,total,over,-110,47.5
2026-09-30T10:17:52.515760+00:00,fanduel,NFL,nfl_stub_001,2026-10-02T10:17:51.944152+00:00,Kansas City Chiefs,Buffalo Bills,total,under,-110,47.5
2026-09-30T10:17:52.515760+00:00,fanduel,NFL,nfl_stub_002,2026-10-03T10:17:51.944152+00:00,San Francisco 49ers,Dallas Cowboys,moneyline,home,-180,
2026-09-30T10:17:52.515760+00:00,fanduel,NFL,nfl_stub_002,2026-10-03T10:17:51.944152+00:00,San Francisco 49ers,Dallas Cowboys,moneyline,away,155,
2026-09-30T10:17:52.515760+00:00,fanduel,NFL,nfl_stub_002,2026-10-03T10:17:51.944152+00:00,San Francisco 49ers,Dallas Cowboys,spread,home,-105,-4.0
2026-09-30T10:17:52.515760+00:00,fanduel,NFL,nfl_stub_002,2026-10-03T10:17:51.944152+00:00,San Francisco 49ers,Dallas Cowboys,spread,away,-115,4.0
2026-09-30T10:17:52.515760+00:00,fanduel,NFL,nfl_stub_002,2026-10-03T10:17:51.944152+00:00,San Francisco 49ers,Dallas Cowboys,total,over,-108,49.0
2026-09-30T10:17:52.515760+00:00,fanduel,NFL,nfl_stub_002,2026-10-03T10:17:51.944152+00:00,San Francisco 49ers,Dallas Cowboys,total,under,-112,49.0
2026-09-30T10:17:52.515760+00:00,fanduel,NBA,nba_stub_001,2026-10-01T10:17:52.067982+00:00,Los Angeles Lakers,Boston Celtics,moneyline,home,120,
2026-09-30T10:17:52.515760+00:00,fanduel,NBA,nba_stub_001,2026-10-01T10:17:52.067982+00:00,Los Angeles Lakers,Boston Celtics,moneyline,away,-140,
2026-09-30T10:17:52.515760+00:00,fanduel,NBA,nba_stub_001,2026-10-01T10:17:52.067982+00:00,Los Angeles Lakers,Boston Celtics,spread,home,-110,2.5
2026-09-30T10:17:52.515760+00:00,fanduel,NBA,nba_stub_001,2026-10-01T10:17:52.067982+00:00,Los Angeles Lakers,Boston Celtics,spread,away,-110,-2.5
2026-09-30T10:17:52.515760+00:00,fanduel,NBA,nba_stub_001,2026-10-01T10:17:52.067982+00:00,Los Angeles Lakers,Boston Celtics,total,over,-110,225.5
2026-09-30T10:17:52.515760+00:00,fanduel,NBA,nba_stub_001,2026-10-01T10:17:52.067982+00:00,Los Angeles Lakers,Boston Celtics,total,under,-110,225.5
2026-09-30T10:17:52.515760+00:00,fanduel,NBA,nba_stub_002,2026-10-01T13:17:52.067982+00:00,Golden State Warriors,Phoenix Suns,moneyline,home,-165,
2026-09-30T10:17:52.515760+00:00,fanduel,NBA,nba_stub_002,2026-10-01T13:17:52.067982+00:00,Golden State Warriors,Phoenix Suns,moneyline,away,145,
2026-09-30T10:17:52.515760+00:00,fanduel,NBA,nba_stub_002,2026-10-01T13:17:52.067982+00:00,Golden State Warriors,Phoenix Suns,spread,home,-108,-4.0
2026-09-30T10:17:52.515760+00:00,fanduel,NBA,nba_stub_002,2026-10-01T13:17:52.067982+00:00,Golden State Warriors,Phoenix Suns,spread,away,-112,4.0
2026-09-30T10:17:52.515760+00:00,fanduel,NBA,nba_stub_002,2026-10-01T13:17:52.067982+00:00,Golden State Warriors,Phoenix Suns,total,over,-105,232.0
2026-09-30T10:17:52.515760+00:00,fanduel,NBA,nba_stub_002,2026-10-01T13:17:52.067982+00:00,Golden State Warriors,Phoenix Suns,total,under,-115,232.0
2026-09-30T10:17:52.515760+00:00,fanduel,NBA,nba_stub_001,2026-10-01T10:17:52.297011+00:00,Los Angeles Lakers,Boston Celtics,moneyline,home,120,
2026-09-30T10:17:52.515760+00:00,fanduel,NBA,nba_stub_001,2026-10-01T10:17:52.297011+00:00,Los Angeles Lakers,Boston Celtics,moneyline,away,-140,
2026-09-30T10:17:52.515760+00:00,fanduel,NBA,nba_stub_001,2026-10-01T10:17:52.297011+00:00,Los Angeles Lakers,Boston Celtics,spread,home,-110,2.5
2026-09-30T10:17:52.515760+00:00,fanduel,NBA,nba_stub_001,2026-10-01T10:17:52.297011+00:00,Los Angeles Lakers,Boston Celtics,spread,away,-110,-2.5
2026-09-30T10:17:52.515760+00:00,fanduel,NBA,nba_stub_001,2026-10-01T10:17:52.297011+00:00,Los Angeles Lakers,Boston Celtics,total,over,-110,225.5
2026-09-30T10:17:52.515760+00:00,fanduel,NBA,nba_stub_001,2026-10-01T10:17:52.297011+00:00,Los Angeles Lakers,Boston Celtics,total,under,-110,225.5
2026-09-30T10:17:52.515760+00:00,fanduel,NBA,nba_stub_002,2026-10-01T13:17:52.297011+00:00,Golden State Warriors,Phoenix Suns,moneyline,home,-165,
2026-09-30T10:17:52.515760+00:00,fanduel,NBA,nba_stub_002,2026-10-01T13:17:52.297011+00:00,Golden State Warriors,Phoenix Suns,moneyline,away,145,
2026-09-30T10:17:52.515760+00:00,fanduel,NBA,nba_stub_002,2026-10-01T13:17:52.297011+00:00,Golden State Warriors,Phoenix Suns,spread,home,-108,-4.0
2026-09-30T10:17:52.515760+00:00,fanduel,NBA,nba_stub_002,2026-10-01T13:17:52.297011+00:00,Golden State Warriors,Phoenix Suns,spread,away,-112,4.0
2026-09-30T10:17:52.515760+00:00,fanduel,NBA,nba_stub_002,2026-10-01T13:17:52.297011+00:00,Golden State Warriors,Phoenix Suns,total,over,-105,232.0
2026-09-30T10:17:52.515760+00:00,fanduel,NBA,nba_stub_002,2026-10-01T13:17:52.297011+00:00,Golden State Warriors,Phoenix Suns,total,under,-115,232.0
2026-09-30T10:17:52.515760+00:00,fanduel,NHL,nhl_stub_001,2026-10-01T10:17:52.402594+00:00,Toronto Maple Leafs,Montreal Canadiens,moneyline,home,-155,
2026-09-30T10:17:52.515760+00:00,fanduel,NHL,nhl_stub_001,2026-10-01T10:17:52.402594+00:00,Toronto Maple Leafs,Montreal Canadiens,moneyline,away,135,
2026-09-30T10:17:52.515760+00:00,fanduel,NHL,nhl_stub_001,2026-10-01T10:17:52.402594+00:00,Toronto Maple Leafs,Montreal Canadiens,spread,home,-115,-1.5
2026-09-30T10:17:52.515760+00:00,fanduel,NHL,nhl_stub_001,2026-10-01T10:17:52.402594+00:00,Toronto Maple Leafs,Montreal Canadiens,spread,away,-105,1.5
2026-09-30T10:17:52.515760+00:00,fanduel,NHL,nhl_stub_001,2026-10-01T10:17:52.402594+00:00,Toronto Maple Leafs,Montreal Canadiens,total,over,-110,6.5
2026-09-30T10:17:52.515760+00:00,fanduel,NHL,nhl_stub_001,2026-10-01T10:17:52.402594+00:00,Toronto Maple Leafs,Montreal Canadiens,total,under,-110,6.5
2026-09-30T10:17:52.515760+00:00,fanduel,NHL,nhl_stub_002,2026-10-01T13:17:52.402594+00:00,Vegas Golden Knights,Colorado Avalanche,moneyline,home,-130,
2026-09-30T10:17:52.515760+00:00,fanduel,NHL,nhl_stub_002,2026-10-01T13:17:52.402594+00:00,Vegas Golden Knights,Colorado Avalanche,moneyline,away,110,
2026-09-30T10:17:52.515760+00:00,fanduel,NHL,nhl_stub_002,2026-10-01T13:17:52.402594+00:00,Vegas Golden Knights,Colorado Avalanche,spread,home,105,-1.5
2026-09-30T10:17:52.515760+00:00,fanduel,NHL,nhl_stub_002,2026-10-01T13:17:52.402594+00:00,Vegas Golden Knights,Colorado Avalanche,spread,away,-125,1.5
2026-09-30T10:17:52.515760+00:00,fanduel,NHL,nhl_stub_002,2026-10-01T13:17:52.402594+00:00,Vegas Golden Knights,Colorado Avalanche,total,over,-105,5.5
2026-09-30T10:17:52.515760+00:00,fanduel,NHL,nhl_stub_002,2026-10-01T13:17:52.402594+00:00,Vegas Golden Knights,Colorado Avalanche,total,under,-115,5.5
2026-09-30T10:17:52.515760+00:00,fanduel,MMA,mma_stub_001,2026-10-07T10:17:52.514767+00:00,Jon Jones,Stipe Miocic,moneyline,home,-250,
2026-09-30T10:17:52.515760+00:00,fanduel,MMA,mma_stub_001,2026-10-07T10:17:52.514767+00:00,Jon Jones,Stipe Miocic,moneyline,away,210,
2026-09-30T10:17:52.515760+00:00,fanduel,MMA,mma_stub_002,2026-10-07T12:17:52.514767+00:00,Islam Makhachev,Charles Oliveira,moneyline,home,-180,
2026-09-30T10:17:52.515760+00:00,fanduel,MMA,mma_stub_002,2026-10-07T12:17:52.514767+00:00,Islam Makhachev,Charles Oliveira,moneyline,away,155,
2026-09-30T10:47:30.611834+00:00,fanduel,NFL,nfl_stub_001,2026-10-02T10:47:29.189310+00:00,Kansas City Chiefs,Buffalo Bills,moneyline,home,-150,
2026-09-30T10:47:30.611834+00:00,fanduel,NFL,nfl_stub_001,2026-10-02T10:47:29.189310+00:00,Kansas City Chiefs,Buffalo Bills,moneyline,away,130,
2026-09-30T10:47:30.611834+00:00,fanduel,NFL,nfl_stub_001,2026-10-02T10:47:29.189310+00:00,Kansas City Chiefs,Buffalo Bills,spread,home,-110,-3.0
2026-09-30T10:47:30.611834+00:00,fanduel,NFL,nfl_stub_001,2026-10-02T10:47:29.189310+00:00,Kansas City Chiefs,Buffalo Bills,spread,away,-110,3.0
2026-09-30T10:47:30.611834+00:00,fanduel,NFL,nfl_stub_001,2026-10-02T10:47:29.189310+00:00,Kansas City Chiefs,Buffalo Bills,total,over,-110,47.5
2026-09-30T10:47:30.611834+00:00,fanduel,NFL,nfl_stub_001,2026-10-02T10:47:29.189310+00:00,Kansas City Chiefs,Buffalo Bills,total,under,-110,47.5
2026-09-30T10:47:30.611834+00:00,fanduel,NFL,nfl_stub_002,2026-10-03T10:47:29.189310+00:00,San Francisco 49ers,Dallas Cowboys,moneyline,home,-180,
2026-09-30T10:47:30.611834+00:00,fanduel,NFL,nfl_stub_002,2026-10-03T10:47:29.189310+00:00,San Francisco 49ers,Dallas Cowboys,moneyline,away,155,
2026-09-30T10:47:30.611834+00:00,fanduel,NFL,nfl_stub_002,2026-10-03T10:47:29.189310+00:00,San Francisco 49ers,Dallas Cowboys,spread,home,-105,-4.0
2026-09-30T10:47:30.611834+00:00,fanduel,NFL,nfl_stub_002,2026-10-03T10:47:29.189310+00:00,San Francisco 49ers,Dallas Cowboys,spread,away,-115,4.0
2026-09-30T10:47:30.611834+00:00,fanduel,NFL,nfl_stub_002,2026-10-03T10:47:29.189310+00:00,San Francisco 49ers,Dallas Cowboys,total,over,-108,49.0
2026-09-30T10:47:30.611834+00:00,fanduel,NFL,nfl_stub_002,2026-10-03T10:47:29.189310+00:00,San Francisco 49ers,Dallas Cowboys,total,under,-112,49.0
2026-09-30T10:47:30.611834+00:00,fanduel,NBA,nba_stub_001,2026-10-01T10:47:29.500803+00:00,Los Angeles Lakers,Boston Celtics,moneyline,home,120,
2026-09-30T10:47:30.611834+00:00,fanduel,NBA,nba_stub_001,2026-10-01T10:47:29.500803+00:00,Los Angeles Lakers,Boston Celtics,moneyline,away,-140,
2026-09-30T10:47:30.611834+00:00,fanduel,NBA,nba_stub_001,2026-10-01T10:47:29.500803+00:00,Los Angeles Lakers,Boston Celtics,spread,home,-110,2.5
2026-09-30T10:47:30.611834+00:00,fanduel,NBA,nba_stub_001,2026-10-01T10:47:29.500803+00:00,Los Angeles Lakers,Boston Celtics,spread,away,-110,-2.5
2026-09-30T10:47:30.611834+00:00,fanduel,NBA,nba_stub_001,2026-10-01T10:47:29.500803+00:00,Los Angeles Lakers,Boston Celtics,total,over,-110,225.5
2026-09-30T10:47:30.611834+00:00,fanduel,NBA,nba_stub_001,2026-10-01T10:47:29.500803+00:00,Los Angeles Lakers,Boston Celtics,total,under,-110,225.5
2026-09-30T10:47:30.611834+00:00,fanduel,NBA,nba_stub_002,2026-10-01T13:47:29.500803+00:00,Golden State Warriors,Phoenix Suns,moneyline,home,-165,
2026-09-30T10:47:30.611834+00:00,fanduel,NBA,nba_stub_002,2026-10-01T13:47:29.500803+00:00,Golden State Warriors,Phoenix Suns,moneyline,away,145,
2026-09-30T10:47:30.611834+00:00,fanduel,NBA,nba_stub_002,2026-10-01T13:47:29.500803+00:00,Golden State Warriors,Phoenix Suns,spread,home,-108,-4.0
2026-09-30T10:47:30.611834+00:00,fanduel,NBA,nba_stub_002,2026-10-01T13:47:29.500803+00:00,Golden State Warriors,Phoenix Suns,spread,away,-112,4.0
2026-09-30T10:47:30.611834+00:00,fanduel,NBA,nba_stub_002,2026-10-01T13:47:29.500803+00:00,Golden State Warriors,Phoenix Suns,total,over,-105,232.0
2026-09-30T10:47:30.611834+00:00,fanduel,NBA,nba_stub_002,2026-10-01T13:47:29.500803+00:00,Golden State Warriors,Phoenix Suns,total,under,-115,232.0
2026-09-30T10:47:30.611834+00:00,fanduel,NBA,nba_stub_001,2026-10-01T10:47:30.129129+00:00,Los Angeles Lakers,Boston Celtics,moneyline,home,120,
2026-09-30T10:47:30.611834+00:00,fanduel,NBA,nba_stub_001,2026-10-01T10:47:30.129129+00:00,Los Angeles Lakers,Boston Celtics,moneyline,away,-140,
2026-09-30T10:47:30.611834+00:00,fanduel,NBA,nba_stub_001,2026-10-01T10:47:30.129129+00:00,Los Angeles Lakers,Boston Celtics,spread,home,-110,2.5
2026-09-30T10:47:30.611834+00:00,fanduel,NBA,nba_stub_001,2026-10-01T10:47:30.129129+00:00,Los Angeles Lakers,Boston Celtics,spread,away,-110,-2.5
2026-09-30T10:47:30.611834+00:00,fanduel,NBA,nba_stub_001,2026-10-01T10:47:30.129129+00:00,Los Angeles Lakers,Boston Celtics,total,over,-110,225.5
2026-09-30T10:47:30.611834+00:00,fanduel,NBA,nba_stub_001,2026-10-01T10:47:30.129129+00:00,Los Angeles Lakers,Boston Celtics,total,under,-110,225.5
2026-09-30T10:47:30.611834+00:00,fanduel,NBA,nba_stub_002,2026-10-01T13:47:30.129129+00:00,Golden State Warriors,Phoenix Suns,moneyline,home,-165,
2026-09-30T10:47:30.611834+00:00,fanduel,NBA,nba_stub_002,2026-10-01T13:47:30.129129+00:00,Golden State Warriors,Phoenix Suns,moneyline,away,145,
2026-09-30T10:47:30.611834+00:00,fanduel,NBA,nba_stub_002,2026-10-01T13:47:30.129129+00:00,Golden State Warriors,Phoenix Suns,spread,home,-108,-4.0
2026-09-30T10:47:30.611834+00:00,fanduel,NBA,nba_stub_002,2026-10-01T13:47:30.129129+00:00,Golden State Warriors,Phoenix Suns,spread,away,-112,4.0
2026-09-30T10:47:30.611834+00:00,fanduel,NBA,nba_stub_002,2026-10-01T13:47:30.129129+00:00,Golden State Warriors,Phoenix Suns,total,over,-105,232.0
2026-09-30T10:47:30.611834+00:00,fanduel,NBA,nba_stub_002,2026-10-01T13:47:30.129129+00:00,Golden State Warriors,Phoenix Suns,total,under,-115,232.0
2026-09-30T10:47:30.611834+00:00,fanduel,NHL,nhl_stub_001,2026-10-01T10:47:30.335399+00:00,Toronto Maple Leafs,Montreal Canadiens,moneyline,home,-155,
2026-09-30T10:47:30.611834+00:00,fanduel,NHL,nhl_stub_001,2026-10-01T10:47:30.335399+00:00,Toronto Maple Leafs,Montreal Canadiens,moneyline,away,135,
2026-09-30T10:47:30.611834+00:00,fanduel,NHL,nhl_stub_001,2026-10-01T10:47:30.335399+00:00,Toronto Maple Leafs,Montreal Canadiens,spread,home,-115,-1.5
2026-09-30T10:47:30.611834+00:00,fanduel,NHL,nhl_stub_001,2026-10-01T10:47:30.335399+00:00,Toronto Maple Leafs,Montreal Canadiens,spread,away,-105,1.5
2026-09-30T10:47:30.611834+00:00,fanduel,NHL,nhl_stub_001,2026-10-01T10:47:30.335399+00:00,Toronto Maple Leafs,Montreal Canadiens,total,over,-110,6.5
2026-09-30T10:47:30.611834+00:00,fanduel,NHL,nhl_stub_001,2026-10-01T10:47:30.335399+00:00,Toronto Maple Leafs,Montreal Canadiens,total,under,-110,6.5
2026-09-30T10:47:30.611834+00:00,fanduel,NHL,nhl_stub_002,2026-10-01T13:47:30.335399+00:00,Vegas Golden Knights,Colorado Avalanche,moneyline,home,-130,
2026-09-30T10:47:30.611834+00:00,fanduel,NHL,nhl_stub_002,2026-10-01T13:47:30.335399+00:00,Vegas Golden Knights,Colorado Avalanche,moneyline,away,110,
2026-09-30T10:47:30.611834+00:00,fanduel,NHL,nhl_stub_002,2026-10-01T13:47:30.335399+00:00,Vegas Golden Knights,Colorado Avalanche,spread,home,105,-1.5
2026-09-30T10:47:30.611834+00:00,fanduel,NHL,nhl_stub_002,2026-10-01T13:47:30.335399+00:00,Vegas Golden Knights,Colorado Avalanche,spread,away,-125,1.5
2026-09-30T10:47:30.611834+00:00,fanduel,NHL,nhl_stub_002,2026-10-01T13:47:30.335399+00:00,Vegas Golden Knights,Colorado Avalanche,total,over,-105,5.5
2026-09-30T10:47:30.611834+00:00,fanduel,NHL,nhl_stub_002,2026-10-01T13:47:30.335399+00:00,Vegas Golden Knights,Colorado Avalanche,total,under,-115,5.5
2026-09-30T10:47:30.611834+00:00,fanduel,MMA,mma_stub_001,2026-10-07T10:47:30.610630+00:00,Jon Jones,Stipe Miocic,moneyline,home,-250,
2026-09-30T10:47:30.611834+00:00,fanduel,MMA,mma_stub_001,2026-10-07T10:47:30.610630+00:00,Jon Jones,Stipe Miocic,moneyline,away,210,
2026-09-30T10:47:30.611834+00:00,fanduel,MMA,mma_stub_002,2026-10-07T12:47:30.610630+00:00,Islam Makhachev,Charles Oliveira,moneyline,home,-180,
2026-09-30T10:47:30.611834+00:00,fanduel,MMA,mma_stub_002,2026-10-07T12:47:30.610630+00:00,Islam Makhachev,Charles Oliveira,moneyline,away,155,
2026-09-30T16:32:11.834197+00:00,fanduel,NFL,nfl_stub_001,2026-10-02T16:32:11.213039+00:00,Kansas City Chiefs,Buffalo Bills,moneyline,home,-150,
2026-09-30T16:32:11.834197+00:00,fanduel,NFL,nfl_stub_001,2026-10-02T16:32:11.213039+00:00,Kansas City Chiefs,Buffalo Bills,moneyline,away,130,
2026-09-30T16:32:11.834197+00:00,fanduel,NFL,nfl_stub_001,2026-10-02T16:32:11.213039+00:00,Kansas City Chiefs,Buffalo Bills,spread,home,-110,-3.0
2026-09-30T16:32:11.834197+00:00,fanduel,NFL,nfl_stub_001,2026-10-02T16:32:11.213039+00:00,Kansas City Chiefs,Buffalo Bills,spread,away,-110,3.0
2026-09-30T16:32:11.834197+00:00,fanduel,NFL,nfl_stub_001,2026-10-02T16:32:11.213039+00:00,Kansas City Chiefs,Buffalo Bills,total,over,-110,47.5
2026-09-30T16:32:11.834197+00:00,fanduel,NFL,nfl_stub_001,2026-10-02T16:32:11.213039+00:00,Kansas City Chiefs,Buffalo Bills,total,under,-110,47.5
2026-09-30T16:32:11.834197+00:00,fanduel,NFL,nfl_stub_002,2026-10-03T16:32:11.213039+00:00,San Francisco 49ers,Dallas Cowboys,moneyline,home,-180,
2026-09-30T16:32:11.834197+00:00,fanduel,NFL,nfl_stub_002,2026-10-03T16:32:11.213039+00:00,San Francisco 49ers,Dallas Cowboys,moneyline,away,155,
2026-09-30T16:32:11.834197+00:00,fanduel,NFL,nfl_stub_002,2026-10-03T16:32:11.213039+00:00,San Francisco 49ers,Dallas Cowboys,spread,home,-105,-4.0
2026-09-30T16:32:11.834197+00:00,fanduel,NFL,nfl_stub_002,2026-10-03T16:32:11.213039+00:00,San Francisco 49ers,Dallas Cowboys,spread,away,-115,4.0
2026-09-30T16:32:11.834197+00:00,fanduel,NFL,nfl_stub_002,2026-10-03T16:32:11.213039+00:00,San Francisco 49ers,Dallas Cowboys,total,over,-108,49.0
2026-09-30T16:32:11.834197+00:00,fanduel,NFL,nfl_stub_002,2026-10-03T16:32:11.213039+00:00,San Francisco 49ers,Dallas Cowboys,total,under,-112,49.0
2026-09-30T16:32:11.834197+00:00,fanduel,NBA,nba_stub_001,2026-10-01T16:32:11.355954+00:00,Los Angeles Lakers,Boston Celtics,moneyline,home,120,
2026-09-30T16:32:11.834197+00:00,fanduel,NBA,nba_stub_001,2026-10-01T16:32:11.355954+00:00,Los Angeles Lakers,Boston Celtics,moneyline,away,-140,
2026-09-30T16:32:11.834197+00:00,fanduel,NBA,nba_stub_001,2026-10-01T16:32:11.355954+00:00,Los Angeles Lakers,Boston Celtics,spread,home,-110,2.5
2026-09-30T16:32:11.834197+00:00,fanduel,NBA,nba_stub_001,2026-10-01T16:32:11.355954+00:00,Los Angeles Lakers,Boston Celtics,spread,away,-110,-2.5
2026-09-30T16:32:11.834197+00:00,fanduel,NBA,nba_stub_001,2026-10-01T16:32:11.355954+00:00,Los Angeles Lakers,Boston Celtics,total,over,-110,225.5
2026-09-30T16:32:11.834197+00:00,fanduel,NBA,nba_stub_001,2026-10-01T16:32:11.355954+00:00,Los Angeles Lakers,Boston Celtics,total,under,-110,225.5
2026-09-30T16:32:11.834197+00:00,fanduel,NBA,nba_stub_002,2026-10-01T19:32:11.355954+00:00,Golden State Warriors,Phoenix Suns,moneyline,home,-165,
2026-09-30T16:32:11.834197+00:00,fanduel,NBA,nba_stub_002,2026-10-01T19:32:11.355954+00:00,Golden State Warriors,Phoenix Suns,moneyline,away,145,
2026-09-30T16:32:11.834197+00:00,fanduel,NBA,nba_stub_002,2026-10-01T19:32:11.355954+00:00,Golden State Warriors,Phoenix Suns,spread,home,-108,-4.0
2026-09-30T16:32:11.834197+00:00,fanduel,NBA,nba_stub_002,2026-10-01T19:32:11.355954+00:00,Golden State Warriors,Phoenix Suns,spread,away,-112,4.0
2026-09-30T16:32:11.834197+00:00,fanduel,NBA,nba_stub_002,2026-10-01T19:32:11.355954+00:00,Golden State Warriors,Phoenix Suns,total,over,-105,232.0
2026-09-30T16:32:11.834197+00:00,fanduel,NBA,nba_stub_002,2026-10-01T19:32:11.355954+00:00,Golden State Warriors,Phoenix Suns,total,under,-115,232.0
2026-09-30T16:32:11.834197+00:00,fanduel,NBA,nba_stub_001,2026-10-01T16:32:11.592980+00:00,Los Angeles Lakers,Boston Celtics,moneyline,home,120,
2026-09-30T16:32:11.834197+00:00,fanduel,NBA,nba_stub_001,2026-10-01T16:32:11.592980+00:00,Los Angeles Lakers,Boston Celtics,moneyline,away,-140,
2026-09-30T16:32:11.834197+00:00,fanduel,NBA,nba_stub_001,2026-10-01T16:32:11.592980+00:00,Los Angeles Lakers,Boston Celtics,spread,home,-110,2.5
2026-09-30T16:32:11.834197+00:00,fanduel,NBA,nba_stub_001,2026-10-01T16:32:11.592980+00:00,Los Angeles Lakers,Boston Celtics,spread,away,-110,-2.5
2026-09-30T16:32:11.834197+00:00,fanduel,NBA,nba_stub_001,2026-10-01T16:32:11.592980+00:00,Los Angeles Lakers,Boston Celtics,total,over,-110,225.5
2026-09-30T16:32:11.834197+00:00,fanduel,NBA,nba_stub_001,2026-10-01T16:32:11.592980+00:00,Los Angeles Lakers,Boston Celtics,total,under,-110,225.5
2026-09-30T16:32:11.834197+00:00,fanduel,NBA,nba_stub_002,2026-10-01T19:32:11.592980+00:00,Golden State Warriors,Phoenix Suns,moneyline,home,-165,
2026-09-30T16:32:11.834197+00:00,fanduel,NBA,nba_stub_002,2026-10-01T19:32:11.592980+00:00,Golden State Warriors,Phoenix Suns,moneyline,away,145,
2026-09-30T16:32:11.834197+00:00,fanduel,NBA,nba_stub_002,2026-10-01T19:32:11.592980+00:00,Golden State Warriors,Phoenix Suns,spread,home,-108,-4.0
2026-09-30T16:32:11.834197+00:00,fanduel,NBA,nba_stub_002,2026-10-01T19:32:11.592980+00:00,Golden State Warriors,Phoenix Suns,spread,away,-112,4.0
2026-09-30T16:32:11.834197+00:00,fanduel,NBA,nba_stub_002,2026-10-01T19:32:11.592980+00:00,Golden State Warriors,Phoenix Suns,total,over,-105,232.0
2026-09-30T16:32:11.834197+00:00,fanduel,NBA,nba_stub_002,2026-10-01T19:32:11.592980+00:00,Golden State Warriors,Phoenix Suns,total,under,-115,232.0
2026-09-30T16:32:11.834197+00:00,fanduel,NHL,nhl_stub_001,2026-10-01T16:32:11.722259+00:00,Toronto Maple Leafs,Montreal Canadiens,moneyline,home,-155,
2026-09-30T16:32:11.834197+00:00,fanduel,NHL,nhl_stub_001,2026-10-01T16:32:11.722259+00:00,Toronto Maple Leafs,Montreal Canadiens,moneyline,away,135,
2026-09-30T16:32:11.834197+00:00,fanduel,NHL,nhl_stub_001,2026-10-01T16:32:11.722259+00:00,Toronto Maple Leafs,Montreal Canadiens,spread,home,-115,-1.5
2026-09-30T16:32:11.834197+00:00,fanduel,NHL,nhl_stub_001,2026-10-01T16:32:11.722259+00:00,Toronto Maple Leafs,Montreal Canadiens,spread,away,-105,1.5
2026-09-30T16:32:11.834197+00:00,fanduel,NHL,nhl_stub_001,2026-10-01T16:32:11.722259+00:00,Toronto Maple Leafs,Montreal Canadiens,total,over,-110,6.5
2026-09-30T16:32:11.834197+00:00,fanduel,NHL,nhl_stub_001,2026-10-01T16:32:11.722259+00:00,Toronto Maple Leafs,Montreal Canadiens,total,under,-110,6.5
2026-09-30T16:32:11.834197+00:00,fanduel,NHL,nhl_stub_002,2026-10-01T19:32:11.722259+00:00,Vegas Golden Knights,Colorado Avalanche,moneyline,home,-130,
2026-09-30T16:32:11.834197+00:00,fanduel,NHL,nhl_stub_002,2026-10-01T19:32:11.722259+00:00,Vegas Golden Knights,Colorado Avalanche,moneyline,away,110,
2026-09-30T16:32:11.834197+00:00,fanduel,NHL,nhl_stub_002,2026-10-01T19:32:11.722259+00:00,Vegas Golden Knights,Colorado Avalanche,spread,home,105,-1.5
2026-09-30T16:32:11.834197+00:00,fanduel,NHL,nhl_stub_002,2026-10-01T19:32:11.722259+00:00,Vegas Golden Knights,Colorado Avalanche,spread,away,-125,1.5
2026-09-30T16:32:11.834197+00:00,fanduel,NHL,nhl_stub_002,2026-10-01T19:32:11.722259+00:00,Vegas Golden Knights,Colorado Avalanche,total,over,-105,5.5
2026-09-30T16:32:11.834197+00:00,fanduel,NHL,nhl_stub_002,2026-10-01T19:32:11.722259+00:00,Vegas Golden Knights,Colorado Avalanche,total,under,-115,5.5
2026-09-30T16:32:11.834197+00:00,fanduel,MMA,mma_stub_001,2026-10-07T16:32:11.833044+00:00,Jon Jones,Stipe Miocic,moneyline,home,-250,
2026-09-30T16:32:11.834197+00:00,fanduel,MMA,mma_stub_001,2026-10-07T16:32:11.833044+00:00,Jon Jones,Stipe Miocic,moneyline,away,210,
2026-09-30T16:32:11.834197+00:00,fanduel,MMA,mma_stub_002,2026-10-07T18:32:11.833044+00:00,Islam Makhachev,Charles Oliveira,moneyline,home,-180,
2026-09-30T16:32:11.834197+00:00,fanduel,MMA,mma_stub_002,2026-10-07T18:32:11.833044+00:00,Islam Makhachev,Charles Oliveira,moneyline,away,155,
2026-09-30T21:19:28.996219+00:00,fanduel,NFL,nfl_stub_001,2026-10-02T21:19:28.201101+00:00,Kansas City Chiefs,Buffalo Bills,moneyline,home,-150,
2026-09-30T21:19:28.996219+00:00,fanduel,NFL,nfl_stub_001,2026-10-02T21:19:28.201101+00:00,Kansas City Chiefs,Buffalo Bills,moneyline,away,130,
2026-09-30T21:19:28.996219+00:00,fanduel,NFL,nfl_stub_001,2026-10-02T21:19:28.201101+00:00,Kansas City Chiefs,Buffalo Bills,spread,home,-110,-3.0
2026-09-30T21:19:28.996219+00:00,fanduel,NFL,nfl_stub_001,2026-10-02T21:19:28.201101+00:00,Kansas City Chiefs,Buffalo Bills,spread,away,-110,3.0
2026-09-30T21:19:28.996219+00:00,fanduel,NFL,nfl_stub_001,2026-10-02T21:19:28.201101+00:00,Kansas City Chiefs,Buffalo Bills,total,over,-110,47.5
2026-09-30T21:19:28.996219+00:00,fanduel,NFL,nfl_stub_001,2026-10-02T21:19:28.201101+00:00,Kansas City Chiefs,Buffalo Bills,total,under,-110,47.5
2026-09-30T21:19:28.996219+00:00,fanduel,NFL,nfl_stub_002,2026-10-03T21:19:28.201101+00:00,San Francisco 49ers,Dallas Cowboys,moneyline,home,-180,
2026-09-30T21:19:28.996219+00:00,fanduel,NFL,nfl_stub_002,2026-10-03T21:19:28.201101+00:00,San Francisco 49ers,Dallas Cowboys,moneyline,away,155,
2026-09-30T21:19:28.996219+00:00,fanduel,NFL,nfl_stub_002,2026-10-03T21:19:28.201101+00:00,San Francisco 49ers,Dallas Cowboys,spread,home,-105,-4.0
2026-09-30T21:19:28.996219+00:00,fanduel,NFL,nfl_stub_002,2026-10-03T21:19:28.201101+00:00,San Francisco 49ers,Dallas Cowboys,spread,away,-115,4.0
2026-09-30T21:19:28.996219+00:00,fanduel,NFL,nfl_stub_002,2026-10-03T21:19:28.201101+00:00,San Francisco 49ers,Dallas Cowboys,total,over,-108,49.0
2026-09-30T21:19:28.996219+00:00,fanduel,NFL,nfl_stub_002,2026-10-03T21:19:28.201101+00:00,San Francisco 49ers,Dallas Cowboys,total,under,-112,49.0
2026-09-30T21:19:28.996219+00:00,fanduel,NBA,nba_stub_001,2026-10-01T21:19:28.307953+00:00,Los Angeles Lakers,Boston Celtics,moneyline,home,120,
2026-09-30T21:19:28.996219+00:00,fanduel,NBA,nba_stub_001,2026-10-01T21:19:28.307953+00:00,Los Angeles Lakers,Boston Celtics,moneyline,away,-140,
2026-09-30T21:19:28.996219+00:00,fanduel,NBA,nba_stub_001,2026-10-01T21:19:28.307953+00:00,Los Angeles Lakers,Boston Celtics,spread,home,-110,2.5
2026-09-30T21:19:28.996219+00:00,fanduel,NBA,nba_stub_001,2026-10-01T21:19:28.307953+00:00,Los Angeles Lakers,Boston Celtics,spread,away,-110,-2.5
2026-09-30T21:19:28.996219+00:00,fanduel,NBA,nba_stub_001,2026-10-01T21:19:28.307953+00:00,Los Angeles Lakers,Boston Celtics,total,over,-110,225.5
2026-09-30T21:19:28.996219+00:00,fanduel,NBA,nba_stub_001,2026-10-01T21:19:28.307953+00:00,Los Angeles Lakers,Boston Celtics,total,under,-110,225.5
2026-09-30T21:19:28.996219+00:00,fanduel,NBA,nba_stub_002,2026-10-02T00:19:28.307953+00:00,Golden State Warriors,Phoenix Suns,moneyline,home,-165,
2026-09-30T21:19:28.996219+00:00,fanduel,NBA,nba_stub_002,2026-10-02T00:19:28.307953+00:00,Golden State Warriors,Phoenix Suns,moneyline,away,145,
2026-09-30T21:19:28.996219+00:00,fanduel,NBA,nba_stub_002,2026-10-02T00:19:28.307953+00:00,Golden State Warriors,Phoenix Suns,spread,home,-108,-4.0
2026-09-30T21:19:28.996219+00:00,fanduel,NBA,nba_stub_002,2026-10-02T00:19:28.307953+00:00,Golden State Warriors,Phoenix Suns,spread,away,-112,4.0
2026-09-30T21:19:28.996219+00:00,fanduel,NBA,nba_stub_002,2026-10-02T00:19:28.307953+00:00,Golden State Warriors,Phoenix Suns,total,over,-105,232.0
2026-09-30T21:19:28.996219+00:00,fanduel,NBA,nba_stub_002,2026-10-02T00:19:28.307953+00:00,Golden State Warriors,Phoenix Suns,total,under,-115,232.0
2026-09-30T21:19:28.996219+00:00,fanduel,NBA,nba_stub_001,2026-10-01T21:19:28.675867+00:00,Los Angeles Lakers,Boston Celtics,moneyline,home,120,
2026-09-30T21:19:28.996219+00:00,fanduel,NBA,nba_stub_001,2026-10-01T21:19:28.675867+00:00,Los Angeles Lakers,Boston Celtics,moneyline,away,-140,
2026-09-30T21:19:28.996219+00:00,fanduel,NBA,nba_stub_001,2026-10-01T21:19:28.675867+00:00,Los Angeles Lakers,Boston Celtics,spread,home,-110,2.5
2026-09-30T21:19:28.996219+00:00,fanduel,NBA,nba_stub_001,2026-10-01T21:19:28.675867+00:00,Los Angeles Lakers,Boston Celtics,spread,away,-110,-2.5
2026-09-30T21:19:28.996219+00:00,fanduel,NBA,nba_stub_001,2026-10-01T21:19:28.675867+00:00,Los Angeles Lakers,Boston Celtics,total,over,-110,225.5
2026-09-30T21:19:28.996219+00:00,fanduel,NBA,nba_stub_001,2026-10-01T21:19:28.675867+00:00,Los Angeles Lakers,Boston Celtics,total,under,-110,225.5
2026-09-30T21:19:28.996219+00:00,fanduel,NBA,nba_stub_002,2026-10-02T00:19:28.675867+00:00,Golden State Warriors,Phoenix Suns,moneyline,home,-165,
2026-09-30T21:19:28.996219+00:00,fanduel,NBA,nba_stub_002,2026-10-02T00:19:28.675867+00:00,Golden State Warriors,Phoenix Suns,moneyline,away,145,
2026-09-30T21:19:28.996219+00:00,fanduel,NBA,nba_stub_002,2026-10-02T00:19:28.675867+00:00,Golden State Warriors,Phoenix Suns,spread,home,-108,-4.0
2026-09-30T21:19:28.996219+00:00,fanduel,NBA,nba_stub_002,2026-10-02T00:19:28.675867+00:00,Golden State Warriors,Phoenix Suns,spread,away,-112,4.0
2026-09-30T21:19:28.996219+00:00,fanduel,NBA,nba_stub_002,2026-10-02T00:19:28.675867+00:00,Golden State Warriors,Phoenix Suns,total,over,-105,232.0
2026-09-30T21:19:28.996219+00:00,fanduel,NBA,nba_stub_002,2026-10-02T00:19:28.675867+00:00,Golden State Warriors,Phoenix Suns,total,under,-115,232.0
2026-09-30T21:19:28.996219+00:00,fanduel,NHL,nhl_stub_001,2026-10-01T21:19:28.787711+00:00,Toronto Maple Leafs,Montreal Canadiens,moneyline,home,-155,
2026-09-30T21:19:28.996219+00:00,fanduel,NHL,nhl_stub_001,2026-10-01T21:19:28.787711+00:00,Toronto Maple Leafs,Montreal Canadiens,moneyline,away,135,
2026-09-30T21:19:28.996219+00:00,fanduel,NHL,nhl_stub_001,2026-10-01T21:19:28.787711+00:00,Toronto Maple Leafs,Montreal Canadiens,spread,home,-115,-1.5
2026-09-30T21:19:28.996219+00:00,fanduel,NHL,nhl_stub_001,2026-10-01T21:19:28.787711+00:00,Toronto Maple Leafs,Montreal Canadiens,spread,away,-105,1.5
2026-09-30T21:19:28.996219+00:00,fanduel,NHL,nhl_stub_001,2026-10-01T21:19:28.787711+00:00,Toronto Maple Leafs,Montreal Canadiens,total,over,-110,6.5
2026-09-30T21:19:28.996219+00:00,fanduel,NHL,nhl_stub_001,2026-10-01T21:19:28.787711+00:00,Toronto Maple Leafs,Montreal Canadiens,total,under,-110,6.5
2026-09-30T21:19:28.996219+00:00,fanduel,NHL,nhl_stub_002,2026-10-02T00:19:28.787711+00:00,Vegas Golden Knights,Colorado Avalanche,moneyline,home,-130,
2026-09-30T21:19:28.996219+00:00,fanduel,NHL,nhl_stub_002,2026-10-02T00:19:28.787711+00:00,Vegas Golden Knights,Colorado Avalanche,moneyline,away,110,
2026-09-30T21:19:28.996219+00:00,fanduel,NHL,nhl_stub_002,2026-10-02T00:19:28.787711+00:00,Vegas Golden Knights,Colorado Avalanche,spread,home,105,-1.5
2026-09-30T21:19:28.996219+00:00,fanduel,NHL,nhl_stub_002,2026-10-02T00:19:28.787711+00:00,Vegas Golden Knights,Colorado Avalanche,spread,away,-125,1.5
2026-09-30T21:19:28.996219+00:00,fanduel,NHL,nhl_stub_002,2026-10-02T00:19:28.787711+00:00,Vegas Golden Knights,Colorado Avalanche,total,over,-105,5.5
2026-09-30T21:19:28.996219+00:00,fanduel,NHL,nhl_stub_002,2026-10-02T00:19:28.787711+00:00,Vegas Golden Knights,Colorado Avalanche,total,under,-115,5.5
2026-09-30T21:19:28.996219+00:00,fanduel,MMA,mma_stub_001,2026-10-07T21:19:28.995142+00:00,Jon Jones,Stipe Miocic,moneyline,home,-250,
2026-09-30T21:19:28.996219+00:00,fanduel,MMA,mma_stub_001,2026-10-07T21:19:28.995142+00:00,Jon Jones,Stipe Miocic,moneyline,away,210,
2026-09-30T21:19:28.996219+00:00,fanduel,MMA,mma_stub_002,2026-10-07T23:19:28.995142+00:00,Islam Makhachev,Charles Oliveira,moneyline,home,-180,
2026-09-30T21:19:28.996219+00:00,fanduel,MMA,mma_stub_002,2026-10-07T23:19:28.995142+00:00,Islam Makhachev,Charles Oliveira,moneyline,away,155,
2026-10-01T00:44:29.494501+00:00,fanduel,NFL,nfl_stub_001,2026-10-03T00:44:28.625885+00:00,Kansas City Chiefs,Buffalo Bills,moneyline,home,-150,
2026-10-01T00:44:29.494501+00:00,fanduel,NFL,nfl_stub_001,2026-10-03T00:44:28.625885+00:00,Kansas City Chiefs,Buffalo Bills,moneyline,away,130,
2026-10-01T00:44:29.494501+00:00,fanduel,NFL,nfl_stub_001,2026-10-03T00:44:28.625885+00:00,Kansas City Chiefs,Buffalo Bills,spread,home,-110,-3.0
2026-10-01T00:44:29.494501+00:00,fanduel,NFL,nfl_stub_001,2026-10-03T00:44:28.625885+00:00,Kansas City Chiefs,Buffalo Bills,spread,away,-110,3.0
2026-10-01T00:44:29.494501+00:00,fanduel,NFL,nfl_stub_001,2026-10-03T00:44:28.625885+00:00,Kansas City Chiefs,Buffalo Bills,total,over,-110,47.5
2026-10-01T00:44:29.494501+00:00,fanduel,NFL,nfl_stub_001,2026-10-03T00:44:28.625885+00:00,Kansas City Chiefs,Buffalo Bills,total,under,-110,47.5
2026-10-01T00:44:29.494501+00:00,fanduel,NFL,nfl_stub_002,2026-10-04T00:44:28.625885+00:00,San Francisco 49ers,Dallas Cowboys,moneyline,home,-180,
2026-10-01T00:44:29.494501+00:00,fanduel,NFL,nfl_stub_002,2026-10-04T00:44:28.625885+00:00,San Francisco 49ers,Dallas Cowboys,moneyline,away,155,
2026-10-01T00:44:29.494501+00:00,fanduel,NFL,nfl_stub_002,2026-10-04T00:44:28.625885+00:00,San Francisco 49ers,Dallas Cowboys,spread,home,-105,-4.0
2026-10-01T00:44:29.494501+00:00,fanduel,NFL,nfl_stub_002,2026-10-04T00:44:28.625885+00:00,San Francisco 49ers,Dallas Cowboys,spread,away,-115,4.0
2026-10-01T00:44:29.494501+00:00,fanduel,NFL,nfl_stub_002,2026-10-04T00:44:28.625885+00:00,San Francisco 49ers,Dallas Cowboys,total,over,-108,49.0
2026-10-01T00:44:29.494501+00:00,fanduel,NFL,nfl_stub_002,2026-10-04T00:44:28.625885+00:00,San Francisco 49ers,Dallas Cowboys,total,under,-112,49.0
2026-10-01T00:44:29.494501+00:00,fanduel,NBA,nba_stub_001,2026-10-02T00:44:28.850622+00:00,Los Angeles Lakers,Boston Celtics,moneyline,home,120,
2026-10-01T00:44:29.494501+00:00,fanduel,NBA,nba_stub_001,2026-10-02T00:44:28.850622+00:00,Los Angeles Lakers,Boston Celtics,moneyline,away,-140,
2026-10-01T00:44:29.494501+00:00,fanduel,NBA,nba_stub_001,2026-10-02T00:44:28.850622+00:00,Los Angeles Lakers,Boston Celtics,spread,home,-110,2.5
2026-10-01T00:44:29.494501+00:00,fanduel,NBA,nba_stub_001,2026-10-02T00:44:28.850622+00:00,Los Angeles Lakers,Boston Celtics,spread,away,-110,-2.5
2026-10-01T00:44:29.494501+00:00,fanduel,NBA,nba_stub_001,2026-10-02T00:44:28.850622+00:00,Los Angeles Lakers,Boston Celtics,total,over,-110,225.5
2026-10-01T00:44:29.494501+00:00,fanduel,NBA,nba_stub_001,2026-10-02T00:44:28.850622+00:00,Los Angeles Lakers,Boston Celtics,total,under,-110,225.5
2026-10-01T00:44:29.494501+00:00,fanduel,NBA,nba_stub_002,2026-10-02T03:44:28.850622+00:00,Golden State Warriors,Phoenix Suns,moneyline,home,-165,
2026-10-01T00:44:29.494501+00:00,fanduel,NBA,nba_stub_002,2026-10-02T03:44:28.850622+00:00,Golden State Warriors,Phoenix Suns,moneyline,away,145,
2026-10-01T00:44:29.494501+00:00,fanduel,NBA,nba_stub_002,2026-10-02T03:44:28.850622+00:00,Golden State Warriors,Phoenix Suns,spread,home,-108,-4.0
2026-10-01T00:44:29.494501+00:00,fanduel,NBA,nba_stub_002,2026-10-02T03:44:28.850622+00:00,Golden State Warriors,Phoenix Suns,spread,away,-112,4.0
2026-10-01T00:44:29.494501+00:00,fanduel,NBA,nba_stub_002,2026-10-02T03:44:28.850622+00:00,Golden State Warriors,Phoenix Suns,total,over,-105,232.0
2026-10-01T00:44:29.494501+00:00,fanduel,NBA,nba_stub_002,2026-10-02T03:44:28.850622+00:00,Golden State Warriors,Phoenix Suns,total,under,-115,232.0
2026-10-01T00:44:29.494501+00:00,fanduel,NBA,nba_stub_001,2026-10-02T00:44:29.184024+00:00,Los Angeles Lakers,Boston Celtics,moneyline,home,120,
2026-10-01T00:44:29.494501+00:00,fanduel,NBA,nba_stub_001,2026-10-02T00:44:29.184024+00:00,Los Angeles Lakers,Boston Celtics,moneyline,away,-140,
2026-10-01T00:44:29.494501+00:00,fanduel,NBA,nba_stub_001,2026-10-02T00:44:29.184024+00:00,Los Angeles Lakers,Boston Celtics,spread,home,-110,2.5
2026-10-01T00:44:29.494501+00:00,fanduel,NBA,nba_stub_001,2026-10-02T00:44:29.184024+00:00,Los Angeles Lakers,Boston Celtics,spread,away,-110,-2.5
2026-10-01T00:44:29.494501+00:00,fanduel,NBA,nba_stub_001,2026-10-02T00:44:29.184024+00:00,Los Angeles Lakers,Boston Celtics,total,over,-110,225.5
2026-10-01T00:44:29.494501+00:00,fanduel,NBA,nba_stub_001,2026-10-02T00:44:29.184024+00:00,Los Angeles Lakers,Boston Celtics,total,under,-110,225.5
2026-10-01T00:44:29.494501+00:00,fanduel,NBA,nba_stub_002,2026-10-02T03:44:29.184024+00:00,Golden State Warriors,Phoenix Suns,moneyline,home,-165,
2026-10-01T00:44:29.494501+00:00,fanduel,NBA,nba_stub_002,2026-10-02T03:44:29.184024+00:00,Golden State Warriors,Phoenix Suns,moneyline,away,145,
2026-10-01T00:44:29.494501+00:00,fanduel,NBA,nba_stub_002,2026-10-02T03:44:29.184024+00:00,Golden State Warriors,Phoenix Suns,spread,home,-108,-4.0
2026-10-01T00:44:29.494501+00:00,fanduel,NBA,nba_stub_002,2026-10-02T03:44:29.184024+00:00,Golden State Warriors,Phoenix Suns,spread,away,-112,4.0
2026-10-01T00:44:29.494501+00:00,fanduel,NBA,nba_stub_002,2026-10-02T03:44:29.184024+00:00,Golden State Warriors,Phoenix Suns,total,over,-105,232.0
2026-10-01T00:44:29.494501+00:00,fanduel,NBA,nba_stub_002,2026-10-02T03:44:29.184024+00:00,Golden State Warriors,Phoenix Suns,total,under,-115,232.0
2026-10-01T00:44:29.494501+00:00,fanduel,NHL,nhl_stub_001,2026-10-02T00:44:29.322777+00:00,Toronto Maple Leafs,Montreal Canadiens,moneyline,home,-155,
2026-10-01T00:44:29.494501+00:00,fanduel,NHL,nhl_stub_001,2026-10-02T00:44:29.322777+00:00,Toronto Maple Leafs,Montreal Canadiens,moneyline,away,135,
2026-10-01T00:44:29.494501+00:00,fanduel,NHL,nhl_stub_001,2026-10-02T00:44:29.322777+00:00,Toronto Maple Leafs,Montreal Canadiens,spread,home,-115,-1.5
2026-10-01T00:44:29.494501+00:00,fanduel,NHL,nhl_stub_001,2026-10-02T00:44:29.322777+00:00,Toronto Maple Leafs,Montreal Canadiens,spread,away,-105,1.5
2026-10-01T00:44:29.494501+00:00,fanduel,NHL,nhl_stub_001,2026-10-02T00:44:29.322777+00:00,Toronto Maple Leafs,Montreal Canadiens,total,over,-110,6.5
2026-10-01T00:44:29.494501+00:00,fanduel,NHL,nhl_stub_001,2026-10-02T00:44:29.322777+00:00,Toronto Maple Leafs,Montreal Canadiens,total,under,-110,6.5
2026-10-01T00:44:29.494501+00:00,fanduel,NHL,nhl_stub_002,2026-10-02T03:44:29.322777+00:00,Vegas Golden Knights,Colorado Avalanche,moneyline,home,-130,
2026-10-01T00:44:29.494501+00:00,fanduel,NHL,nhl_stub_002,2026-10-02T03:44:29.322777+00:00,Vegas Golden Knights,Colorado Avalanche,moneyline,away,110,
2026-10-01T00:44:29.494501+00:00,fanduel,NHL,nhl_stub_002,2026-10-02T03:44:29.322777+00:00,Vegas Golden Knights,Colorado Avalanche,spread,home,105,-1.5
2026-10-01T00:44:29.494501+00:00,fanduel,NHL,nhl_stub_002,2026-10-02T03:44:29.322777+00:00,Vegas Golden Knights,Colorado Avalanche,spread,away,-125,1.5
2026-10-01T00:44:29.494501+00:00,fanduel,NHL,nhl_stub_002,2026-10-02T03:44:29.322777+00:00,Vegas Golden Knights,Colorado Avalanche,total,over,-105,5.5
2026-10-01T00:44:29.494501+00:00,fanduel,NHL,nhl_stub_002,2026-10-02T03:44:29.322777+00:00,Vegas Golden Knights,Colorado Avalanche,total,under,-115,5.5
2026-10-01T00:44:29.494501+00:00,fanduel,MMA,mma_stub_001,2026-10-08T00:44:29.493248+00:00,Jon Jones,Stipe Miocic,moneyline,home,-250,
2026-10-01T00:44:29.494501+00:00,fanduel,MMA,mma_stub_001,2026-10-08T00:44:29.493248+00:00,Jon Jones,Stipe Miocic,moneyline,away,210,
2026-10-01T00:44:29.494501+00:00,fanduel,MMA,mma_stub_002,2026-10-08T02:44:29.493248+00:00,Islam Makhachev,Charles Oliveira,moneyline,home,-180,
2026-10-01T00:44:29.494501+00:00,fanduel,MMA,mma_stub_002,2026-10-08T02:44:29.493248+00:00,Islam Makhachev,Charles Oliveira,moneyline,away,155,
2026-10-01T04:05:40.092745+00:00,fanduel,NFL,nfl_stub_001,2026-10-03T04:05:39.653412+00:00,Kansas City Chiefs,Buffalo Bills,moneyline,home,-150,
2026-10-01T04:05:40.092745+00:00,fanduel,NFL,nfl_stub_001,2026-10-03T04:05:39.653412+00:00,Kansas City Chiefs,Buffalo Bills,moneyline,away,130,
2026-10-01T04:05:40.092745+00:00,fanduel,NFL,nfl_stub_001,2026-10-03T04:05:39.653412+00:00,Kansas City Chiefs,Buffalo Bills,spread,home,-110,-3.0
2026-10-01T04:05:40.092745+00:00,fanduel,NFL,nfl_stub_001,2026-10-03T04:05:39.653412+00:00,Kansas City Chiefs,Buffalo Bills,spread,away,-110,3.0
2026-10-01T04:05:40.092745+00:00,fanduel,NFL,nfl_stub_001,2026-10-03T04:05:39.653412+00:00,Kansas City Chiefs,Buffalo Bills,total,over,-110,47.5
2026-10-01T04:05:40.092745+00:00,fanduel,NFL,nfl_stub_001,2026-10-03T04:05:39.653412+00:00,Kansas City Chiefs,Buffalo Bills,total,under,-110,47.5
2026-10-01T04:05:40.092745+00:00,fanduel,NFL,nfl_stub_002,2026-10-04T04:05:39.653412+00:00,San Francisco 49ers,Dallas Cowboys,moneyline,home,-180,
2026-10-01T04:05:40.092745+00:00,fanduel,NFL,nfl_stub_002,2026-10-04T04:05:39.653412+00:00,San Francisco 49ers,Dallas Cowboys,moneyline,away,155,
2026-10-01T04:05:40.092745+00:00,fanduel,NFL,nfl_stub_002,2026-10-04T04:05:39.653412+00:00,San Francisco 49ers,Dallas Cowboys,spread,home,-105,-4.0
2026-10-01T04:05:40.092745+00:00,fanduel,NFL,nfl_stub_002,2026-10-04T04:05:39.653412+00:00,San Francisco 49ers,Dallas Cowboys,spread,away,-115,4.0
2026-10-01T04:05:40.092745+00:00,fanduel,NFL,nfl_stub_002,2026-10-04T04:05:39.653412+00:00,San Francisco 49ers,Dallas Cowboys,total,over,-108,49.0
2026-10-01T04:05:40.092745+00:00,fanduel,NFL,nfl_stub_002,2026-10-04T04:05:39.653412+00:00,San Francisco 49ers,Dallas Cowboys,total,under,-112,49.0
2026-10-01T04:05:40.092745+00:00,fanduel,NBA,nba_stub_001,2026-10-02T04:05:39.794867+00:00,Los Angeles Lakers,Boston Celtics,moneyline,home,120,
2026-10-01T04:05:40.092745+00:00,fanduel,NBA,nba_stub_001,2026-10-02T04:05:39.794867+00:00,Los Angeles Lakers,Boston Celtics,moneyline,away,-140,
2026-10-01T04:05:40.092745+00:00,fanduel,NBA,nba_stub_001,2026-10-02T04:05:39.794867+00:00,Los Angeles Lakers,Boston Celtics,spread,home,-110,2.5
2026-10-01T04:05:40.092745+00:00,fanduel,NBA,nba_stub_001,2026-10-02T04:05:39.794867+00:00,Los Angeles Lakers,Boston Celtics,spread,away,-110,-2.5
2026-10-01T04:05:40.092745+00:00,fanduel,NBA,nba_stub_001,2026-10-02T04:05:39.794867+00:00,Los Angeles Lakers,Boston Celtics,total,over,-110,225.5
2026-10-01T04:05:40.092745+00:00,fanduel,NBA,nba_stub_001,2026-10-02T04:05:39.794867+00:00,Los Angeles Lakers,Boston Celtics,total,under,-110,225.5
2026-10-01T04:05:40.092745+00:00,fanduel,NBA,nba_stub_002,2026-10-02T07:05:39.794867+00:00,Golden State Warriors,Phoenix Suns,moneyline,home,-165,
2026-10-01T04:05:40.092745+00:00,fanduel,NBA,nba_stub_002,2026-10-02T07:05:39.794867+00:00,Golden State Warriors,Phoenix Suns,moneyline,away,145,
2026-10-01T04:05:40.092745+00:00,fanduel,NBA,nba_stub_002,2026-10-02T07:05:39.794867+00:00,Golden State Warriors,Phoenix Suns,spread,home,-108,-4.0
2026-10-01T04:05:40.092745+00:00,fanduel,NBA,nba_stub_002,2026-10-02T07:05:39.794867+00:00,Golden State Warriors,Phoenix Suns,spread,away,-112,4.0
2026-10-01T04:05:40.092745+00:00,fanduel,NBA,nba_stub_002,2026-10-02T07:05:39.794867+00:00,Golden State Warriors,Phoenix Suns,total,over,-105,232.0
2026-10-01T04:05:40.092745+00:00,fanduel,NBA,nba_stub_002,2026-10-02T07:05:39.794867+00:00,Golden State Warriors,Phoenix Suns,total,under,-115,232.0
2026-10-01T04:05:40.092745+00:00,fanduel,NBA,nba_stub_001,2026-10-02T04:05:39.978570+00:00,Los Angeles Lakers,Boston Celtics,moneyline,home,120,
2026-10-01T04:05:40.092745+00:00,fanduel,NBA,nba_stub_001,2026-10-02T04:05:39.978570+00:00,Los Angeles Lakers,Boston Celtics,moneyline,away,-140,
2026-10-01T04:05:40.092745+00:00,fanduel,NBA,nba_stub_001,2026-10-02T04:05:39.978570+00:00,Los Angeles Lakers,Boston Celtics,spread,home,-110,2.5
2026-10-01T04:05:40.092745+00:00,fanduel,NBA,nba_stub_001,2026-10-02T04:05:39.978570+00:00,Los Angeles Lakers,Boston Celtics,spread,away,-110,-2.5
2026-10-01T04:05:40.092745+00:00,fanduel,NBA,nba_stub_001,2026-10-02T04:05:39.978570+00:00,Los Angeles Lakers,Boston Celtics,total,over,-110,225.5
2026-10-01T04:05:40.092745+00:00,fanduel,NBA,nba_stub_001,2026-10-02T04:05:39.978570+00:00,Los Angeles Lakers,Boston Celtics,total,under,-110,225.5
2026-10-01T04:05:40.092745+00:00,fanduel,NBA,nba_stub_002,2026-10-02T07:05:39.978570+00:00,Golden State Warriors,Phoenix Suns,moneyline,home,-165,
2026-10-01T04:05:40.092745+00:00,fanduel,NBA,nba_stub_002,2026-10-02T07:05:39.978570+00:00,Golden State Warriors,Phoenix Suns,moneyline,away,145,
2026-10-01T04:05:40.092745+00:00,fanduel,NBA,nba_stub_002,2026-10-02T07:05:39.978570+00:00,Golden State Warriors,Phoenix Suns,spread,home,-108,-4.0
2026-10-01T04:05:40.092745+00:00,fanduel,NBA,nba_stub_002,2026-10-02T07:05:39.978570+00:00,Golden State Warriors,Phoenix Suns,spread,away,-112,4.0
2026-10-01T04:05:40.092745+00:00,fanduel,NBA,nba_stub_002,2026-10-02T07:05:39.978570+00:00,Golden State Warriors,Phoenix Suns,total,over,-105,232.0
2026-10-01T04:05:40.092745+00:00,fanduel,NBA,nba_stub_002,2026-10-02T07:05:39.978570+00:00,Golden State Warriors,Phoenix Suns,total,under,-115,232.0
2026-10-01T04:05:40.092745+00:00,fanduel,NHL,nhl_stub_001,2026-10-02T04:05:40.033138+00:00,Toronto Maple Leafs,Montreal Canadiens,moneyline,home,-155,
2026-10-01T04:05:40.092745+00:00,fanduel,NHL,nhl_stub_001,2026-10-02T04:05:40.033138+00:00,Toronto Maple Leafs,Montreal Canadiens,moneyline,away,135,
2026-10-01T04:05:40.092745+00:00,fanduel,NHL,nhl_stub_001,2026-10-02T04:05:40.033138+00:00,Toronto Maple Leafs,Montreal Canadiens,spread,home,-115,-1.5
2026-10-01T04:05:40.092745+00:00,fanduel,NHL,nhl_stub_001,2026-10-02T04:05:40.033138+00:00,Toronto Maple Leafs,Montreal Canadiens,spread,away,-105,1.5
2026-10-01T04:05:40.092745+00:00,fanduel,NHL,nhl_stub_001,2026-10-02T04:05:40.033138+00:00,Toronto Maple Leafs,Montreal Canadiens,total,over,-110,6.5
2026-10-01T04:05:40.092745+00:00,fanduel,NHL,nhl_stub_001,2026-10-02T04:05:40.033138+00:00,Toronto Maple Leafs,Montreal Canadiens,total,under,-110,6.5
2026-10-01T04:05:40.092745+00:00,fanduel,NHL,nhl_stub_002,2026-10-02T07:05:40.033138+00:00,Vegas Golden Knights,Colorado Avalanche,moneyline,home,-130,
2026-10-01T04:05:40.092745+00:00,fanduel,NHL,nhl_stub_002,2026-10-02T07:05:40.033138+00:00,Vegas Golden Knights,Colorado Avalanche,moneyline,away,110,
2026-10-01T04:05:40.092745+00:00,fanduel,NHL,nhl_stub_002,2026-10-02T07:05:40.033138+00:00,Vegas Golden Knights,Colorado Avalanche,spread,home,105,-1.5
2026-10-01T04:05:40.092745+00:00,fanduel,NHL,nhl_stub_002,2026-10-02T07:05:40.033138+00:00,Vegas Golden Knights,Colorado Avalanche,spread,away,-125,1.5
2026-10-01T04:05:40.092745+00:00,fanduel,NHL,nhl_stub_002,2026-10-02T07:05:40.033138+00:00,Vegas Golden Knights,Colorado Avalanche,total,over,-105,5.5
2026-10-01T04:05:40.092745+00:00,fanduel,NHL,nhl_stub_002,2026-10-02T07:05:40.033138+00:00,Vegas Golden Knights,Colorado Avalanche,total,under,-115,5.5
2026-10-01T04:05:40.092745+00:00,fanduel,MMA,mma_stub_001,2026-10-08T04:05:40.091448+00:00,Jon Jones,Stipe Miocic,moneyline,home,-250,
2026-10-01T04:05:40.092745+00:00,fanduel,MMA,mma_stub_001,2026-10-08T04:05:40.091448+00:00,Jon Jones,Stipe Miocic,moneyline,away,210,
2026-10-01T04:05:40.092745+00:00,fanduel,MMA,mma_stub_002,2026-10-08T06:05:40.091448+00:00,Islam Makhachev,Charles Oliveira,moneyline,home,-180,
2026-10-01T04:05:40.092745+00:00,fanduel,MMA,mma_stub_002,2026-10-08T06:05:40.091448+00:00,Islam Makhachev,Charles Oliveira,moneyline,away,155,
2026-10-01T11:05:25.224251+00:00,fanduel,NFL,nfl_stub_001,2026-10-03T11:05:24.492862+00:00,Kansas City Chiefs,Buffalo Bills,moneyline,home,-150,
2026-10-01T11:05:25.224251+00:00,fanduel,NFL,nfl_stub_001,2026-10-03T11:05:24.492862+00:00,Kansas City Chiefs,Buffalo Bills,moneyline,away,130,
2026-10-01T11:05:25.224251+00:00,fanduel,NFL,nfl_stub_001,2026-10-03T11:05:24.492862+00:00,Kansas City Chiefs,Buffalo Bills,spread,home,-110,-3.0
2026-10-01T11:05:25.224251+00:00,fanduel,NFL,nfl_stub_001,2026-10-03T11:05:24.492862+00:00,Kansas City Chiefs,Buffalo Bills,spread,away,-110,3.0
2026-10-01T11:05:25.224251+00:00,fanduel,NFL,nfl_stub_001,2026-10-03T11:05:24.492862+00:00,Kansas City Chiefs,Buffalo Bills,total,over,-110,47.5
2026-10-01T11:05:25.224251+00:00,fanduel,NFL,nfl_stub_001,2026-10-03T11:05:24.492862+00:00,Kansas City Chiefs,Buffalo Bills,total,under,-110,47.5
2026-10-01T11:05:25.224251+00:00,fanduel,NFL,nfl_stub_002,2026-10-04T11:05:24.492862+00:00,San Francisco 49ers,Dallas Cowboys,moneyline,home,-180,
2026-10-01T11:05:25.224251+00:00,fanduel,NFL,nfl_stub_002,2026-10-04T11:05:24.492862+00:00,San Francisco 49ers,Dallas Cowboys,moneyline,away,155,
2026-10-01T11:05:25.224251+00:00,fanduel,NFL,nfl_stub_002,2026-10-04T11:05:24.492862+00:00,San Francisco 49ers,Dallas Cowboys,spread,home,-105,-4.0
2026-10-01T11:05:25.224251+00:00,fanduel,NFL,nfl_stub_002,2026-10-04T11:05:24.492862+00:00,San Francisco 49ers,Dallas Cowboys,spread,away,-115,4.0
2026-10-01T11:05:25.224251+00:00,fanduel,NFL,nfl_stub_002,2026-10-04T11:05:24.492862+00:00,San Francisco 49ers,Dallas Cowboys,total,over,-108,49.0
2026-10-01T11:05:25.224251+00:00,fanduel,NFL,nfl_stub_002,2026-10-04T11:05:24.492862+00:00,San Francisco 49ers,Dallas Cowboys,total,under,-112,49.0
2026-10-01T11:05:25.224251+00:00,fanduel,NBA,nba_stub_001,2026-10-02T11:05:24.612379+00:00,Los Angeles Lakers,Boston Celtics,moneyline,home,120,
2026-10-01T11:05:25.224251+00:00,fanduel,NBA,nba_stub_001,2026-10-02T11:05:24.612379+00:00,Los Angeles Lakers,Boston Celtics,moneyline,away,-140,
2026-10-01T11:05:25.224251+00:00,fanduel,NBA,nba_stub_001,2026-10-02T11:05:24.612379+00:00,Los Angeles Lakers,Boston Celtics,spread,home,-110,2.5
2026-10-01T11:05:25.224251+00:00,fanduel,NBA,nba_stub_001,2026-10-02T11:05:24.612379+00:00,Los Angeles Lakers,Boston Celtics,spread,away,-110,-2.5
2026-10-01T11:05:25.224251+00:00,fanduel,NBA,nba_stub_001,2026-10-02T11:05:24.612379+00:00,Los Angeles Lakers,Boston Celtics,total,over,-110,225.5
2026-10-01T11:05:25.224251+00:00,fanduel,NBA,nba_stub_001,2026-10-02T11:05:24.612379+00:00,Los Angeles Lakers,Boston Celtics,total,under,-110,225.5
2026-10-01T11:05:25.224251+00:00,fanduel,NBA,nba_stub_002,2026-10-02T14:05:24.612379+00:00,Golden State Warriors,Phoenix Suns,moneyline,home,-165,
2026-10-01T11:05:25.224251+00:00,fanduel,NBA,nba_stub_002,2026-10-02T14:05:24.612379+00:00,Golden State Warriors,Phoenix Suns,moneyline,away,145,
2026-10-01T11:05:25.224251+00:00,fanduel,NBA,nba_stub_002,2026-10-02T14:05:24.612379+00:00,Golden State Warriors,Phoenix Suns,spread,home,-108,-4.0
2026-10-01T11:05:25.224251+00:00,fanduel,NBA,nba_stub_002,2026-10-02T14:05:24.612379+00:00,Golden State Warriors,Phoenix Suns,spread,away,-112,4.0
2026-10-01T11:05:25.224251+00:00,fanduel,NBA,nba_stub_002,2026-10-02T14:05:24.612379+00:00,Golden State Warriors,Phoenix Suns,total,over,-105,232.0
2026-10-01T11:05:25.224251+00:00,fanduel,NBA,nba_stub_002,2026-10-02T14:05:24.612379+00:00,Golden State Warriors,Phoenix Suns,total,under,-115,232.0
2026-10-01T11:05:25.224251+00:00,fanduel,NBA,nba_stub_001,2026-10-02T11:05:25.023481+00:00,Los Angeles Lakers,Boston Celtics,moneyline,home,120,
2026-10-01T11:05:25.224251+00:00,fanduel,NBA,nba_stub_001,2026-10-02T11:05:25.023481+00:00,Los Angeles Lakers,Boston Celtics,moneyline,away,-140,
2026-10-01T11:05:25.224251+00:00,fanduel,NBA,nba_stub_001,2026-10-02T11:05:25.023481+00:00,Los Angeles Lakers,Boston Celtics,spread,home,-110,2.5
2026-10-01T11:05:25.224251+00:00,fanduel,NBA,nba_stub_001,2026-10-02T11:05:25.023481+00:00,Los Angeles Lakers,Boston Celtics,spread,away,-110,-2.5
2026-10-01T11:05:25.224251+00:00,fanduel,NBA,nba_stub_001,2026-10-02T11:05:25.023481+00:00,Los Angeles Lakers,Boston Celtics,total,over,-110,225.5
2026-10-01T11:05:25.224251+00:00,fanduel,NBA,nba_stub_001,2026-10-02T11:05:25.023481+00:00,Los Angeles Lakers,Boston Celtics,total,under,-110,225.5
2026-10-01T11:05:25.224251+00:00,fanduel,NBA,nba_stub_002,2026-10-02T14:05:25.023481+00:00,Golden State Warriors,Phoenix Suns,moneyline,home,-165,
2026-10-01T11:05:25.224251+00:00,fanduel,NBA,nba_stub_002,2026-10-02T14:05:25.023481+00:00,Golden State Warriors,Phoenix Suns,moneyline,away,145,
2026-10-01T11:05:25.224251+00:00,fanduel,NBA,nba_stub_002,2026-10-02T14:05:25.023481+00:00,Golden State Warriors,Phoenix Suns,spread,home,-108,-4.0
2026-10-01T11:05:25.224251+00:00,fanduel,NBA,nba_stub_002,2026-10-02T14:05:25.023481+00:00,Golden State Warriors,Phoenix Suns,spread,away,-112,4.0
2026-10-01T11:05:25.224251+00:00,fanduel,NBA,nba_stub_002,2026-10-02T14:05:25.023481+00:00,Golden State Warriors,Phoenix Suns,total,over,-105,232.0
2026-10-01T11:05:25.224251+00:00,fanduel,NBA,nba_stub_002,2026-10-02T14:05:25.023481+00:00,Golden State Warriors,Phoenix Suns,total,under,-115,232.0
2026-10-01T11:05:25.224251+00:00,fanduel,NHL,nhl_stub_001,2026-10-02T11:05:25.111870+00:00,Toronto Maple Leafs,Montreal Canadiens,moneyline,home,-155,
2026-10-01T11:05:25.224251+00:00,fanduel,NHL,nhl_stub_001,2026-10-02T11:05:25.111870+00:00,Toronto Maple Leafs,Montreal Canadiens,moneyline,away,135,
2026-10-01T11:05:25.224251+00:00,fanduel,NHL,nhl_stub_001,2026-10-02T11:05:25.111870+00:00,Toronto Maple Leafs,Montreal Canadiens,spread,home,-115,-1.5
2026-10-01T11:05:25.224251+00:00,fanduel,NHL,nhl_stub_001,2026-10-02T11:05:25.111870+00:00,Toronto Maple Leafs,Montreal Canadiens,spread,away,-105,1.5
2026-10-01T11:05:25.224251+00:00,fanduel,NHL,nhl_stub_001,2026-10-02T11:05:25.111870+00:00,Toronto Maple Leafs,Montreal Canadiens,total,over,-110,6.5
2026-10-01T11:05:25.224251+00:00,fanduel,NHL,nhl_stub_001,2026-10-02T11:05:25.111870+00:00,Toronto Maple Leafs,Montreal Canadiens,total,under,-110,6.5
2026-10-01T11:05:25.224251+00:00,fanduel,NHL,nhl_stub_002,2026-10-02T14:05:25.111870+00:00,Vegas Golden Knights,Colorado Avalanche,moneyline,home,-130,
2026-10-01T11:05:25.224251+00:00,fanduel,NHL,nhl_stub_002,2026-10-02T14:05:25.111870+00:00,Vegas Golden Knights,Colorado Avalanche,moneyline,away,110,
2026-10-01T11:05:25.224251+00:00,fanduel,NHL,nhl_stub_002,2026-10-02T14:05:25.111870+00:00,Vegas Golden Knights,Colorado Avalanche,spread,home,105,-1.5
2026-10-01T11:05:25.224251+00:00,fanduel,NHL,nhl_stub_002,2026-10-02T14:05:25.111870+00:00,Vegas Golden Knights,Colorado Avalanche,spread,away,-125,1.5
2026-10-01T11:05:25.224251+00:00,fanduel,NHL,nhl_stub_002,2026-10-02T14:05:25.111870+00:00,Vegas Golden Knights,Colorado Avalanche,total,over,-105,5.5
2026-10-01T11:05:25.224251+00:00,fanduel,NHL,nhl_stub_002,2026-10-02T14:05:25.111870+00:00,Vegas Golden Knights,Colorado Avalanche,total,under,-115,5.5
2026-10-01T11:05:25.224251+00:00,fanduel,MMA,mma_stub_001,2026-10-08T11:05:25.223103+00:00,Jon Jones,Stipe Miocic,moneyline,home,-250,
2026-10-01T11:05:25.224251+00:00,fanduel,MMA,mma_stub_001,2026-10-08T11:05:25.223103+00:00,Jon Jones,Stipe Miocic,moneyline,away,210,
2026-10-01T11:05:25.224251+00:00,fanduel,MMA,mma_stub_002,2026-10-08T13:05:25.223103+00:00,Islam Makhachev,Charles Oliveira,moneyline,home,-180,
2026-10-01T11:05:25.224251+00:00,fanduel,MMA,mma_stub_002,2026-10-08T13:05:25.223103+00:00,Islam Makhachev,Charles Oliveira,moneyline,away,155,
2026-10-01T11:13:51.852435+00:00,fanduel,NFL,nfl_stub_001,2026-10-03T11:13:51.017671+00:00,Kansas City Chiefs,Buffalo Bills,moneyline,home,-150,
2026-10-01T11:13:51.852435+00:00,fanduel,NFL,nfl_stub_001,2026-10-03T11:13:51.017671+00:00,Kansas City Chiefs,Buffalo Bills,moneyline,away,130,
2026-10-01T11:13:51.852435+00:00,fanduel,NFL,nfl_stub_001,2026-10-03T11:13:51.017671+00:00,Kansas City Chiefs,Buffalo Bills,spread,home,-110,-3.0
2026-10-01T11:13:51.852435+00:00,fanduel,NFL,nfl_stub_001,2026-10-03T11:13:51.017671+00:00,Kansas City Chiefs,Buffalo Bills,spread,away,-110,3.0
2026-10-01T11:13:51.852435+00:00,fanduel,NFL,nfl_stub_001,2026-10-03T11:13:51.017671+00:00,Kansas City Chiefs,Buffalo Bills,total,over,-110,47.5
2026-10-01T11:13:51.852435+00:00,fanduel,NFL,nfl_stub_001,2026-10-03T11:13:51.017671+00:00,Kansas City Chiefs,Buffalo Bills,total,under,-110,47.5
2026-10-01T11:13:51.852435+00:00,fanduel,NFL,nfl_stub_002,2026-10-04T11:13:51.017671+00:00,San Francisco 49ers,Dallas Cowboys,moneyline,home,-180,
2026-10-01T11:13:51.852435+00:00,fanduel,NFL,nfl_stub_002,2026-10-04T11:13:51.017671+00:00,San Francisco 49ers,Dallas Cowboys,moneyline,away,155,
2026-10-01T11:13:51.852435+00:00,fanduel,NFL,nfl_stub_002,2026-10-04T11:13:51.017671+00:00,San Francisco 49ers,Dallas Cowboys,spread,home,-105,-4.0
2026-10-01T11:13:51.852435+00:00,fanduel,NFL,nfl_stub_002,2026-10-04T11:13:51.017671+00:00,San Francisco 49ers,Dallas Cowboys,spread,away,-115,4.0
2026-10-01T11:13:51.852435+00:00,fanduel,NFL,nfl_stub_002,2026-10-04T11:13:51.017671+00:00,San Francisco 49ers,Dallas Cowboys,total,over,-108,49.0
2026-10-01T11:13:51.852435+00:00,fanduel,NFL,nfl_stub_002,2026-10-04T11:13:51.017671+00:00,San Francisco 49ers,Dallas Cowboys,total,under,-112,49.0
2026-10-01T11:13:51.852435+00:00,fanduel,NBA,nba_stub_001,2026-10-02T11:13:51.175523+00:00,Los Angeles Lakers,Boston Celtics,moneyline,home,120,
2026-10-01T11:13:51.852435+00:00,fanduel,NBA,nba_stub_001,2026-10-02T11:13:51.175523+00:00,Los Angeles Lakers,Boston Celtics,moneyline,away,-140,
2026-10-01T11:13:51.852435+00:00,fanduel,NBA,nba_stub_001,2026-10-02T11:13:51.175523+00:00,Los Angeles Lakers,Boston Celtics,spread,home,-110,2.5
2026-10-01T11:13:51.852435+00:00,fanduel,NBA,nba_stub_001,2026-10-02T11:13:51.175523+00:00,Los Angeles Lakers,Boston Celtics,spread,away,-110,-2.5
2026-10-01T11:13:51.852435+00:00,fanduel,NBA,nba_stub_001,2026-10-02T11:13:51.175523+00:00,Los Angeles Lakers,Boston Celtics,total,over,-110,225.5
2026-10-01T11:13:51.852435+00:00,fanduel,NBA,nba_stub_001,2026-10-02T11:13:51.175523+00:00,Los Angeles Lakers,Boston Celtics,total,under,-110,225.5
2026-10-01T11:13:51.852435+00:00,fanduel,NBA,nba_stub_002,2026-10-02T14:13:51.175523+00:00,Golden State Warriors,Phoenix Suns,moneyline,home,-165,
2026-10-01T11:13:51.852435+00:00,fanduel,NBA,nba_stub_002,2026-10-02T14:13:51.175523+00:00,Golden State Warriors,Phoenix Suns,moneyline,away,145,
2026-10-01T11:13:51.852435+00:00,fanduel,NBA,nba_stub_002,2026-10-02T14:13:51.175523+00:00,Golden State Warriors,Phoenix Suns,spread,home,-108,-4.0
2026-10-01T11:13:51.852435+00:00,fanduel,NBA,nba_stub_002,2026-10-02T14:13:51.175523+00:00,Golden State Warriors,Phoenix Suns,spread,away,-112,4.0
2026-10-01T11:13:51.852435+00:00,fanduel,NBA,nba_stub_002,2026-10-02T14:13:51.175523+00:00,Golden State Warriors,Phoenix Suns,total,over,-105,232.0
2026-10-01T11:13:51.852435+00:00,fanduel,NBA,nba_stub_002,2026-10-02T14:13:51.175523+00:00,Golden State Warriors,Phoenix Suns,total,under,-115,232.0
2026-10-01T11:13:51.852435+00:00,fanduel,NBA,nba_stub_001,2026-10-02T11:13:51.479751+00:00,Los Angeles Lakers,Boston Celtics,moneyline,home,120,
2026-10-01T11:13:51.852435+00:00,fanduel,NBA,nba_stub_001,2026-10-02T11:13:51.479751+00:00,Los Angeles Lakers,Boston Celtics,moneyline,away,-140,
2026-10-01T11:13:51.852435+00:00,fanduel,NBA,nba_stub_001,2026-10-02T11:13:51.479751+00:00,Los Angeles Lakers,Boston Celtics,spread,home,-110,2.5
2026-10-01T11:13:51.852435+00:00,fanduel,NBA,nba_stub_001,2026-10-02T11:13:51.479751+00:00,Los Angeles Lakers,Boston Celtics,spread,away,-110,-2.5
2026-10-01T11:13:51.852435+00:00,fanduel,NBA,nba_stub_001,2026-10-02T11:13:51.479751+00:00,Los Angeles Lakers,Boston Celtics,total,over,-110,225.5
2026-10-01T11:13:51.852435+00:00,fanduel,NBA,nba_stub_001,2026-10-02T11:13:51.479751+00:00,Los Angeles Lakers,Boston Celtics,total,under,-110,225.5
2026-10-01T11:13:51.852435+00:00,fanduel,NBA,nba_stub_002,2026-10-02T14:13:51.479751+00:00,Golden State Warriors,Phoenix Suns,moneyline,home,-165,
2026-10-01T11:13:51.852435+00:00,fanduel,NBA,nba_stub_002,2026-10-02T14:13:51.479751+00:00,Golden State Warriors,Phoenix Suns,moneyline,away,145,
2026-10-01T11:13:51.852435+00:00,fanduel,NBA,nba_stub_002,2026-10-02T14:13:51.479751+00:00,Golden State Warriors,Phoenix Suns,spread,home,-108,-4.0
2026-10-01T11:13:51.852435+00:00,fanduel,NBA,nba_stub_002,2026-10-02T14:13:51.479751+00:00,Golden State Warriors,Phoenix Suns,spread,away,-112,4.0
2026-10-01T11:13:51.852435+00:00,fanduel,NBA,nba_stub_002,2026-10-02T14:13:51.479751+00:00,Golden State Warriors,Phoenix Suns,total,over,-105,232.0
2026-10-01T11:13:51.852435+00:00,fanduel,NBA,nba_stub_002,2026-10-02T14:13:51.479751+00:00,Golden State Warriors,Phoenix Suns,total,under,-115,232.0
2026-10-01T11:13:51.852435+00:00,fanduel,NHL,nhl_stub_001,2026-10-02T11:13:51.665885+00:00,Toronto Maple Leafs,Montreal Canadiens,moneyline,home,-155,
2026-10-01T11:13:51.852435+00:00,fanduel,NHL,nhl_stub_001,2026-10-02T11:13:51.665885+00:00,Toronto Maple Leafs,Montreal Canadiens,moneyline,away,135,
2026-10-01T11:13:51.852435+00:00,fanduel,NHL,nhl_stub_001,2026-10-02T11:13:51.665885+00:00,Toronto Maple Leafs,Montreal Canadiens,spread,home,-115,-1.5
2026-10-01T11:13:51.852435+00:00,fanduel,NHL,nhl_stub_001,2026-10-02T11:13:51.665885+00:00,Toronto Maple Leafs,Montreal Canadiens,spread,away,-105,1.5
2026-10-01T11:13:51.852435+00:00,fanduel,NHL,nhl_stub_001,2026-10-02T11:13:51.665885+00:00,Toronto Maple Leafs,Montreal Canadiens,total,over,-110,6.5
2026-10-01T11:13:51.852435+00:00,fanduel,NHL,nhl_stub_001,2026-10-02T11:13:51.665885+00:00,Toronto Maple Leafs,Montreal Canadiens,total,under,-110,6.5
2026-10-01T11:13:51.852435+00:00,fanduel,NHL,nhl_stub_002,2026-10-02T14:13:51.665885+00:00,Vegas Golden Knights,Colorado Avalanche,moneyline,home,-130,
2026-10-01T11:13:51.852435+00:00,fanduel,NHL,nhl_stub_002,2026-10-02T14:13:51.665885+00:00,Vegas Golden Knights,Colorado Avalanche,moneyline,away,110,
2026-10-01T11:13:51.852435+00:00,fanduel,NHL,nhl_stub_002,2026-10-02T14:13:51.665885+00:00,Vegas Golden Knights,Colorado Avalanche,spread,home,105,-1.5
2026-10-01T11:13:51.852435+00:00,fanduel,NHL,nhl_stub_002,2026-10-02T14:13:51.665885+00:00,Vegas Golden Knights,Colorado Avalanche,spread,away,-125,1.5
2026-10-01T11:13:51.852435+00:00,fanduel,NHL,nhl_stub_002,2026-10-02T14:13:51.665885+00:00,Vegas Golden Knights,Colorado Avalanche,total,over,-105,5.5
2026-10-01T11:13:51.852435+00:00,fanduel,NHL,nhl_stub_002,2026-10-02T14:13:51.665885+00:00,Vegas Golden Knights,Colorado Avalanche,total,under,-115,5.5
2026-10-01T11:13:51.852435+00:00,fanduel,MMA,mma_stub_001,2026-10-08T11:13:51.850921+00:00,Jon Jones,Stipe Miocic,moneyline,home,-250,
2026-10-01T11:13:51.852435+00:00,fanduel,MMA,mma_stub_001,2026-10-08T11:13:51.850921+00:00,Jon Jones,Stipe Miocic,moneyline,away,210,
2026-10-01T11:13:51.852435+00:00,fanduel,MMA,mma_stub_002,2026-10-08T13:13:51.850921+00:00,Islam Makhachev,Charles Oliveira,moneyline,home,-180,
2026-10-01T11:13:51.852435+00:00,fanduel,MMA,mma_stub_002,2026-10-08T13:13:51.850921+00:00,Islam Makhachev,Charles Oliveira,moneyline,away,155,
2026-10-01T18:36:15.126313+00:00,fanduel,NFL,nfl_stub_001,2026-10-03T18:36:14.150464+00:00,Kansas City Chiefs,Buffalo Bills,moneyline,home,-150,
2026-10-01T18:36:15.126313+00:00,fanduel,NFL,nfl_stub_001,2026-10-03T18:36:14.150464+00:00,Kansas City Chiefs,Buffalo Bills,moneyline,away,130,
2026-10-01T18:36:15.126313+00:00,fanduel,NFL,nfl_stub_001,2026-10-03T18:36:14.150464+00:00,Kansas City Chiefs,Buffalo Bills,spread,home,-110,-3.0
2026-10-01T18:36:15.126313+00:00,fanduel,NFL,nfl_stub_001,2026-10-03T18:36:14.150464+00:00,Kansas City Chiefs,Buffalo Bills,spread,away,-110,3.0
2026-10-01T18:36:15.126313+00:00,fanduel,NFL,nfl_stub_001,2026-10-03T18:36:14.150464+00:00,Kansas City Chiefs,Buffalo Bills,total,over,-110,47.5
2026-10-01T18:36:15.126313+00:00,fanduel,NFL,nfl_stub_001,2026-10-03T18:36:14.150464+00:00,Kansas City Chiefs,Buffalo Bills,total,under,-110,47.5
2026-10-01T18:36:15.126313+00:00,fanduel,NFL,nfl_stub_002,2026-10-04T18:36:14.150464+00:00,San Francisco 49ers,Dallas Cowboys,moneyline,home,-180,
2026-10-01T18:36:15.126313+00:00,fanduel,NFL,nfl_stub_002,2026-10-04T18:36:14.150464+00:00,San Francisco 49ers,Dallas Cowboys,moneyline,away,155,
2026-10-01T18:36:15.126313+00:00,fanduel,NFL,nfl_stub_002,2026-10-04T18:36:14.150464+00:00,San Francisco 49ers,Dallas Cowboys,spread,home,-105,-4.0
2026-10-01T18:36:15.126313+00:00,fanduel,NFL,nfl_stub_002,2026-10-04T18:36:14.150464+00:00,San Francisco 49ers,Dallas Cowboys,spread,away,-115,4.0
2026-10-01T18:36:15.126313+00:00,fanduel,NFL,nfl_stub_002,2026-10-04T18:36:14.150464+00:00,San Francisco 49ers,Dallas Cowboys,total,over,-108,49.0
2026-10-01T18:36:15.126313+00:00,fanduel,NFL,nfl_stub_002,2026-10-04T18:36:14.150464+00:00,San Francisco 49ers,Dallas Cowboys,total,under,-112,49.0
2026-10-01T18:36:15.126313+00:00,fanduel,NBA,nba_stub_001,2026-10-02T18:36:14.371637+00:00,Los Angeles Lakers,Boston Celtics,moneyline,home,120,
2026-10-01T18:36:15.126313+00:00,fanduel,NBA,nba_stub_001,2026-10-02T18:36:14.371637+00:00,Los Angeles Lakers,Boston Celtics,moneyline,away,-140,
2026-10-01T18:36:15.126313+00:00,fanduel,NBA,nba_stub_001,2026-10-02T18:36:14.371637+00:00,Los Angeles Lakers,Boston Celtics,spread,home,-110,2.5
2026-10-01T18:36:15.126313+00:00,fanduel,NBA,nba_stub_001,2026-10-02T18:36:14.371637+00:00,Los Angeles Lakers,Boston Celtics,spread,away,-110,-2.5
2026-10-01T18:36:15.126313+00:00,fanduel,NBA,nba_stub_001,2026-10-02T18:36:14.371637+00:00,Los Angeles Lakers,Boston Celtics,total,over,-110,225.5
2026-10-01T18:36:15.126313+00:00,fanduel,NBA,nba_stub_001,2026-10-02T18:36:14.371637+00:00,Los Angeles Lakers,Boston Celtics,total,under,-110,225.5
2026-10-01T18:36:15.126313+00:00,fanduel,NBA,nba_stub_002,2026-10-02T21:36:14.371637+00:00,Golden State Warriors,Phoenix Suns,moneyline,home,-165,
2026-10-01T18:36:15.126313+00:00,fanduel,NBA,nba_stub_002,2026-10-02T21:36:14.371637+00:00,Golden State Warriors,Phoenix Suns,moneyline,away,145,
2026-10-01T18:36:15.126313+00:00,fanduel,NBA,nba_stub_002,2026-10-02T21:36:14.371637+00:00,Golden State Warriors,Phoenix Suns,spread,home,-108,-4.0
2026-10-01T18:36:15.126313+00:00,fanduel,NBA,nba_stub_002,2026-10-02T21:36:14.371637+00:00,Golden State Warriors,Phoenix Suns,spread,away,-112,4.0
2026-10-01T18:36:15.126313+00:00,fanduel,NBA,nba_stub_002,2026-10-02T21:36:14.371637+00:00,Golden State Warriors,Phoenix Suns,total,over,-105,232.0
2026-10-01T18:36:15.126313+00:00,fanduel,NBA,nba_stub_002,2026-10-02T21:36:14.371637+00:00,Golden State Warriors,Phoenix Suns,total,under,-115,232.0
2026-10-01T18:36:15.126313+00:00,fanduel,NBA,nba_stub_001,2026-10-02T18:36:14.748764+00:00,Los Angeles Lakers,Boston Celtics,moneyline,home,120,
2026-10-01T18:36:15.126313+00:00,fanduel,NBA,nba_stub_001,2026-10-02T18:36:14.748764+00:00,Los Angeles Lakers,Boston Celtics,moneyline,away,-140,
2026-10-01T18:36:15.126313+00:00,fanduel,NBA,nba_stub_001,2026-10-02T18:36:14.748764+00:00,Los Angeles Lakers,Boston Celtics,spread,home,-110,2.5
2026-10-01T18:36:15.126313+00:00,fanduel,NBA,nba_stub_001,2026-10-02T18:36:14.748764+00:00,Los Angeles Lakers,Boston Celtics,spread,away,-110,-2.5
2026-10-01T18:36:15.126313+00:00,fanduel,NBA,nba_stub_001,2026-10-02T18:36:14.748764+00:00,Los Angeles Lakers,Boston Celtics,total,over,-110,225.5
2026-10-01T18:36:15.126313+00:00,fanduel,NBA,nba_stub_001,2026-10-02T18:36:14.748764+00:00,Los Angeles Lakers,Boston Celtics,total,under,-110,225.5
2026-10-01T18:36:15.126313+00:00,fanduel,NBA,nba_stub_002,2026-10-02T21:36:14.748764+00:00,Golden State Warriors,Phoenix Suns,moneyline,home,-165,
2026-10-01T18:36:15.126313+00:00,fanduel,NBA,nba_stub_002,2026-10-02T21:36:14.748764+00:00,Golden State Warriors,Phoenix Suns,moneyline,away,145,
2026-10-01T18:36:15.126313+00:00,fanduel,NBA,nba_stub_002,2026-10-02T21:36:14.748764+00:00,Golden State Warriors,Phoenix Suns,spread,home,-108,-4.0
2026-10-01T18:36:15.126313+00:00,fanduel,NBA,nba_stub_002,2026-10-02T21:36:14.748764+00:00,Golden State Warriors,Phoenix Suns,spread,away,-112,4.0
2026-10-01T18:36:15.126313+00:00,fanduel,NBA,nba_stub_002,2026-10-02T21:36:14.748764+00:00,Golden State Warriors,Phoenix Suns,total,over,-105,232.0
2026-10-01T18:36:15.126313+00:00,fanduel,NBA,nba_stub_002,2026-10-02T21:36:14.748764+00:00,Golden State Warriors,Phoenix Suns,total,under,-115,232.0
2026-10-01T18:36:15.126313+00:00,fanduel,NHL,nhl_stub_001,2026-10-02T18:36:14.987261+00:00,Toronto Maple Leafs,Montreal Canadiens,moneyline,home,-155,
2026-10-01T18:36:15.126313+00:00,fanduel,NHL,nhl_stub_001,2026-10-02T18:36:14.987261+00:00,Toronto Maple Leafs,Montreal Canadiens,moneyline,away,135,
2026-10-01T18:36:15.126313+00:00,fanduel,NHL,nhl_stub_001,2026-10-02T18:36:14.987261+00:00,Toronto Maple Leafs,Montreal Canadiens,spread,home,-115,-1.5
2026-10-01T18:36:15.126313+00:00,fanduel,NHL,nhl_stub_001,2026-10-02T18:36:14.987261+00:00,Toronto Maple Leafs,Montreal Canadiens,spread,away,-105,1.5
2026-10-01T18:36:15.126313+00:00,fanduel,NHL,nhl_stub_001,2026-10-02T18:36:14.987261+00:00,Toronto Maple Leafs,Montreal Canadiens,total,over,-110,6.5
2026-10-01T18:36:15.126313+00:00,fanduel,NHL,nhl_stub_001,2026-10-02T18:36:14.987261+00:00,Toronto Maple Leafs,Montreal Canadiens,total,under,-110,6.5
2026-10-01T18:36:15.126313+00:00,fanduel,NHL,nhl_stub_002,2026-10-02T21:36:14.987261+00:00,Vegas Golden Knights,Colorado Avalanche,moneyline,home,-130,
2026-10-01T18:36:15.126313+00:00,fanduel,NHL,nhl_stub_002,2026-10-02T21:36:14.987261+00:00,Vegas Golden Knights,Colorado Avalanche,moneyline,away,110,
2026-10-01T18:36:15.126313+00:00,fanduel,NHL,nhl_stub_002,2026-10-02T21:36:14.987261+00:00,Vegas Golden Knights,Colorado Avalanche,spread,home,105,-1.5
2026-10-01T18:36:15.126313+00:00,fanduel,NHL,nhl_stub_002,2026-10-02T21:36:14.987261+00:00,Vegas Golden Knights,Colorado Avalanche,spread,away,-125,1.5
2026-10-01T18:36:15.126313+00:00,fanduel,NHL,nhl_stub_002,2026-10-02T21:36:14.987261+00:00,Vegas Golden Knights,Colorado Avalanche,total,over,-105,5.5
2026-10-01T18:36:15.126313+00:00,fanduel,NHL,nhl_stub_002,2026-10-02T21:36:14.987261+00:00,Vegas Golden Knights,Colorado Avalanche,total,under,-115,5.5
2026-10-01T18:36:15.126313+00:00,fanduel,MMA,mma_stub_001,2026-10-08T18:36:15.125513+00:00,Jon Jones,Stipe Miocic,moneyline,home,-250,
2026-10-01T18:36:15.126313+00:00,fanduel,MMA,mma_stub_001,2026-10-08T18:36:15.125513+00:00,Jon Jones,Stipe Miocic,moneyline,away,210,
2026-10-01T18:36:15.126313+00:00,fanduel,MMA,mma_stub_002,2026-10-08T20:36:15.125513+00:00,Islam Makhachev,Charles Oliveira,moneyline,home,-180,
2026-10-01T18:36:15.126313+00:00,fanduel,MMA,mma_stub_002,2026-10-08T20:36:15.125513+00:00,Islam Makhachev,Charles Oliveira,moneyline,away,155,
2026-10-01T21:41:03.669045+00:00,fanduel,NFL,nfl_stub_001,2026-10-03T21:41:02.811963+00:00,Kansas City Chiefs,Buffalo Bills,moneyline,home,-150,
2026-10-01T21:41:03.669045+00:00,fanduel,NFL,nfl_stub_001,2026-10-03T21:41:02.811963+00:00,Kansas City Chiefs,Buffalo Bills,moneyline,away,130,
2026-10-01T21:41:03.669045+00:00,fanduel,NFL,nfl_stub_001,2026-10-03T21:41:02.811963+00:00,Kansas City Chiefs,Buffalo Bills,spread,home,-110,-3.0
2026-10-01T21:41:03.669045+00:00,fanduel,NFL,nfl_stub_001,2026-10-03T21:41:02.811963+00:00,Kansas City Chiefs,Buffalo Bills,spread,away,-110,3.0
2026-10-01T21:41:03.669045+00:00,fanduel,NFL,nfl_stub_001,2026-10-03T21:41:02.811963+00:00,Kansas City Chiefs,Buffalo Bills,total,over,-110,47.5
2026-10-01T21:41:03.669045+00:00,fanduel,NFL,nfl_stub_001,2026-10-03T21:41:02.811963+00:00,Kansas City Chiefs,Buffalo Bills,total,under,-110,47.5
2026-10-01T21:41:03.669045+00:00,fanduel,NFL,nfl_stub_002,2026-10-04T21:41:02.811963+00:00,San Francisco 49ers,Dallas Cowboys,moneyline,home,-180,
2026-10-01T21:41:03.669045+00:00,fanduel,NFL,nfl_stub_002,2026-10-04T21:41:02.811963+00:00,San Francisco 49ers,Dallas Cowboys,moneyline,away,155,
2026-10-01T21:41:03.669045+00:00,fanduel,NFL,nfl_stub_002,2026-10-04T21:41:02.811963+00:00,San Francisco 49ers,Dallas Cowboys,spread,home,-105,-4.0
2026-10-01T21:41:03.669045+00:00,fanduel,NFL,nfl_stub_002,2026-10-04T21:41:02.811963+00:00,San Francisco 49ers,Dallas Cowboys,spread,away,-115,4.0
2026-10-01T21:41:03.669045+00:00,fanduel,NFL,nfl_stub_002,2026-10-04T21:41:02.811963+00:00,San Francisco 49ers,Dallas Cowboys,total,over,-108,49.0
2026-10-01T21:41:03.669045+00:00,fanduel,NFL,nfl_stub_002,2026-10-04T21:41:02.811963+00:00,San Francisco 49ers,Dallas Cowboys,total,under,-112,49.0
2026-10-01T21:41:03.669045+00:00,fanduel,NBA,nba_stub_001,2026-10-02T21:41:03.019379+00:00,Los Angeles Lakers,Boston Celtics,moneyline,home,120,
2026-10-01T21:41:03.669045+00:00,fanduel,NBA,nba_stub_001,2026-10-02T21:41:03.019379+00:00,Los Angeles Lakers,Boston Celtics,moneyline,away,-140,
2026-10-01T21:41:03.669045+00:00,fanduel,NBA,nba_stub_001,2026-10-02T21:41:03.019379+00:00,Los Angeles Lakers,Boston Celtics,spread,home,-110,2.5
2026-10-01T21:41:03.669045+00:00,fanduel,NBA,nba_stub_001,2026-10-02T21:41:03.019379+00:00,Los Angeles Lakers,Boston Celtics,spread,away,-110,-2.5
2026-10-01T21:41:03.669045+00:00,fanduel,NBA,nba_stub_001,2026-10-02T21:41:03.019379+00:00,Los Angeles Lakers,Boston Celtics,total,over,-110,225.5
2026-10-01T21:41:03.669045+00:00,fanduel,NBA,nba_stub_001,2026-10-02T21:41:03.019379+00:00,Los Angeles Lakers,Boston Celtics,total,under,-110,225.5
2026-10-01T21:41:03.669045+00:00,fanduel,NBA,nba_stub_002,2026-10-03T00:41:03.019379+00:00,Golden State Warriors,Phoenix Suns,moneyline,home,-165,
2026-10-01T21:41:03.669045+00:00,fanduel,NBA,nba_stub_002,2026-10-03T00:41:03.019379+00:00,Golden State Warriors,Phoenix Suns,moneyline,away,145,
2026-10-01T21:41:03.669045+00:00,fanduel,NBA,nba_stub_002,2026-10-03T00:41:03.019379+00:00,Golden State Warriors,Phoenix Suns,spread,home,-108,-4.0
2026-10-01T21:41:03.669045+00:00,fanduel,NBA,nba_stub_002,2026-10-03T00:41:03.019379+00:00,Golden State Warriors,Phoenix Suns,spread,away,-112,4.0
2026-10-01T21:41:03.669045+00:00,fanduel,NBA,nba_stub_002,2026-10-03T00:41:03.019379+00:00,Golden State Warriors,Phoenix Suns,total,over,-105,232.0
2026-10-01T21:41:03.669045+00:00,fanduel,NBA,nba_stub_002,2026-10-03T00:41:03.019379+00:00,Golden State Warriors,Phoenix Suns,total,under,-115,232.0
2026-10-01T21:41:03.669045+00:00,fanduel,NBA,nba_stub_001,2026-10-02T21:41:03.271413+00:00,Los Angeles Lakers,Boston Celtics,moneyline,home,120,
2026-10-01T21:41:03.669045+00:00,fanduel,NBA,nba_stub_001,2026-10-02T21:41:03.271413+00:00,Los Angeles Lakers,Boston Celtics,moneyline,away,-140,
2026-10-01T21:41:03.669045+00:00,fanduel,NBA,nba_stub_001,2026-10-02T21:41:03.271413+00:00,Los Angeles Lakers,Boston Celtics,spread,home,-110,2.5
2026-10-01T21:41:03.669045+00:00,fanduel,NBA,nba_stub_001,2026-10-02T21:41:03.271413+00:00,Los Angeles Lakers,Boston Celtics,spread,away,-110,-2.5
2026-10-01T21:41:03.669045+00:00,fanduel,NBA,nba_stub_001,2026-10-02T21:41:03.271413+00:00,Los Angeles Lakers,Boston Celtics,total,over,-110,225.5
2026-10-01T21:41:03.669045+00:00,fanduel,NBA,nba_stub_001,2026-10-02T21:41:03.271413+00:00,Los Angeles Lakers,Boston Celtics,total,under,-110,225.5
2026-10-01T21:41:03.669045+00:00,fanduel,NBA,nba_stub_002,2026-10-03T00:41:03.271413+00:00,Golden State Warriors,Phoenix Suns,moneyline,home,-165,
2026-10-01T21:41:03.669045+00:00,fanduel,NBA,nba_stub_002,2026-10-03T00:41:03.271413+00:00,Golden State Warriors,Phoenix Suns,moneyline,away,145,
2026-10-01T21:41:03.669045+00:00,fanduel,NBA,nba_stub_002,2026-10-03T00:41:03.271413+00:00,Golden State Warriors,Phoenix Suns,spread,home,-108,-4.0
2026-10-01T21:41:03.669045+00:00,fanduel,NBA,nba_stub_002,2026-10-03T00:41:03.271413+00:00,Golden State Warriors,Phoenix Suns,spread,away,-112,4.0
2026-10-01T21:41:03.669045+00:00,fanduel,NBA,nba_stub_002,2026-10-03T00:41:03.271413+00:00,Golden State Warriors,Phoenix Suns,total,over,-105,232.0
2026-10-01T21:41:03.669045+00:00,fanduel,NBA,nba_stub_002,2026-10-03T00:41:03.271413+00:00,Golden State Warriors,Phoenix Suns,total,under,-115,232.0
2026-10-01T21:41:03.669045+00:00,fanduel,NHL,nhl_stub_001,2026-10-02T21:41:03.400923+00:00,Toronto Maple Leafs,Montreal Canadiens,moneyline,home,-155,
2026-10-01T21:41:03.669045+00:00,fanduel,NHL,nhl_stub_001,2026-10-02T21:41:03.400923+00:00,Toronto Maple Leafs,Montreal Canadiens,moneyline,away,135,
2026-10-01T21:41:03.669045+00:00,fanduel,NHL,nhl_stub_001,2026-10-02T21:41:03.400923+00:00,Toronto Maple Leafs,Montreal Canadiens,spread,home,-115,-1.5
2026-10-01T21:41:03.669045+00:00,fanduel,NHL,nhl_stub_001,2026-10-02T21:41:03.400923+00:00,Toronto Maple Leafs,Montreal Canadiens,spread,away,-105,1.5
2026-10-01T21:41:03.669045+00:00,fanduel,NHL,nhl_stub_001,2026-10-02T21:41:03.400923+00:00,Toronto Maple Leafs,Montreal Canadiens,total,over,-110,6.5
2026-10-01T21:41:03.669045+00:00,fanduel,NHL,nhl_stub_001,2026-10-02T21:41:03.400923+00:00,Toronto Maple Leafs,Montreal Canadiens,total,under,-110,6.5
2026-10-01T21:41:03.669045+00:00,fanduel,NHL,nhl_stub_002,2026-10-03T00:41:03.400923+00:00,Vegas Golden Knights,Colorado Avalanche,moneyline,home,-130,
2026-10-01T21:41:03.669045+00:00,fanduel,NHL,nhl_stub_002,2026-10-03T00:41:03.400923+00:00,Vegas Golden Knights,Colorado Avalanche,moneyline,away,110,
2026-10-01T21:41:03.669045+00:00,fanduel,NHL,nhl_stub_002,2026-10-03T00:41:03.400923+00:00,Vegas Golden Knights,Colorado Avalanche,spread,home,105,-1.5
2026-10-01T21:41:03.669045+00:00,fanduel,NHL,nhl_stub_002,2026-10-03T00:41:03.400923+00:00,Vegas Golden Knights,Colorado Avalanche,spread,away,-125,1.5
2026-10-01T21:41:03.669045+00:00,fanduel,NHL,nhl_stub_002,2026-10-03T00:41:03.400923+00:00,Vegas Golden Knights,Colorado Avalanche,total,over,-105,5.5
2026-10-01T21:41:03.669045+00:00,fanduel,NHL,nhl_stub_002,2026-10-03T00:41:03.400923+00:00,Vegas Golden Knights,Colorado Avalanche,total,under,-115,5.5
2026-10-01T21:41:03.669045+00:00,fanduel,MMA,mma_stub_001,2026-10-08T21:41:03.668547+00:00,Jon Jones,Stipe Miocic,moneyline,home,-250,
2026-10-01T21:41:03.669045+00:00,fanduel,MMA,mma_stub_001,2026-10-08T21:41:03.668547+00:00,Jon Jones,Stipe Miocic,moneyline,away,210,
2026-10-01T21:41:03.669045+00:00,fanduel,MMA,mma_stub_002,2026-10-08T23:41:03.668547+00:00,Islam Makhachev,Charles Oliveira,moneyline,home,-180,
2026-10-01T21:41:03.669045+00:00,fanduel,MMA,mma_stub_002,2026-10-08T23:41:03.668547+00:00,Islam Makhachev,Charles Oliveira,moneyline,away,155,
2026-10-02T01:26:28.872319+00:00,fanduel,NFL,nfl_stub_001,2026-10-04T01:26:28.281703+00:00,Kansas City Chiefs,Buffalo Bills,moneyline,home,-150,
2026-10-02T01:26:28.872319+00:00,fanduel,NFL,nfl_stub_001,2026-10-04T01:26:28.281703+00:00,Kansas City Chiefs,Buffalo Bills,moneyline,away,130,
2026-10-02T01:26:28.872319+00:00,fanduel,NFL,nfl_stub_001,2026-10-04T01:26:28.281703+00:00,Kansas City Chiefs,Buffalo Bills,spread,home,-110,-3.0
2026-10-02T01:26:28.872319+00:00,fanduel,NFL,nfl_stub_001,2026-10-04T01:26:28.281703+00:00,Kansas City Chiefs,Buffalo Bills,spread,away,-110,3.0
2026-10-02T01:26:28.872319+00:00,fanduel,NFL,nfl_stub_001,2026-10-04T01:26:28.281703+00:00,Kansas City Chiefs,Buffalo Bills,total,over,-110,47.5
2026-10-02T01:26:28.872319+00:00,fanduel,NFL,nfl_stub_001,2026-10-04T01:26:28.281703+00:00,Kansas City Chiefs,Buffalo Bills,total,under,-110,47.5
2026-10-02T01:26:28.872319+00:00,fanduel,NFL,nfl_stub_002,2026-10-05T01:26:28.281703+00:00,San Francisco 49ers,Dallas Cowboys,moneyline,home,-180,
2026-10-02T01:26:28.872319+00:00,fanduel,NFL,nfl_stub_002,2026-10-05T01:26:28.281703+00:00,San Francisco 49ers,Dallas Cowboys,moneyline,away,155,
2026-10-02T01:26:28.872319+00:00,fanduel,NFL,nfl_stub_002,2026-10-05T01:26:28.281703+00:00,San Francisco 49ers,Dallas Cowboys,spread,home,-105,-4.0
2026-10-02T01:26:28.872319+00:00,fanduel,NFL,nfl_stub_002,2026-10-05T01:26:28.281703+00:00,San Francisco 49ers,Dallas Cowboys,spread,away,-115,4.0
2026-10-02T01:26:28.872319+00:00,fanduel,NFL,nfl_stub_002,2026-10-05T01:26:28.281703+00:00,San Francisco 49ers,Dallas Cowboys,total,over,-108,49.0
2026-10-02T01:26:28.872319+00:00,fanduel,NFL,nfl_stub_002,2026-10-05T01:26:28.281703+00:00,San Francisco 49ers,Dallas Cowboys,total,under,-112,49.0
2026-10-02T01:26:28.872319+00:00,fanduel,NBA,nba_stub_001,2026-10-03T01:26:28.402533+00:00,Los Angeles Lakers,Boston Celtics,moneyline,home,120,
2026-10-02T01:26:28.872319+00:00,fanduel,NBA,nba_stub_001,2026-10-03T01:26:28.402533+00:00,Los Angeles Lakers,Boston Celtics,moneyline,away,-140,
2026-10-02T01:26:28.872319+00:00,fanduel,NBA,nba_stub_001,2026-10-03T01:26:28.402533+00:00,Los Angeles Lakers,Boston Celtics,spread,home,-110,2.5
2026-10-02T01:26:28.872319+00:00,fanduel,NBA,nba_stub_001,2026-10-03T01:26:28.402533+00:00,Los Angeles Lakers,Boston Celtics,spread,away,-110,-2.5
2026-10-02T01:26:28.872319+00:00,fanduel,NBA,nba_stub_001,2026-10-03T01:26:28.402533+00:00,Los Angeles Lakers,Boston Celtics,total,over,-110,225.5
2026-10-02T01:26:28.872319+00:00,fanduel,NBA,nba_stub_001,2026-10-03T01:26:28.402533+00:00,Los Angeles Lakers,Boston Celtics,total,under,-110,225.5
2026-10-02T01:26:28.872319+00:00,fanduel,NBA,nba_stub_002,2026-10-03T04:26:28.402533+00:00,Golden State Warriors,Phoenix Suns,moneyline,home,-165,
2026-10-02T01:26:28.872319+00:00,fanduel,NBA,nba_stub_002,2026-10-03T04:26:28.402533+00:00,Golden State Warriors,Phoenix Suns,moneyline,away,145,
2026-10-02T01:26:28.872319+00:00,fanduel,NBA,nba_stub_002,2026-10-03T04:26:28.402533+00:00,Golden State Warriors,Phoenix Suns,spread,home,-108,-4.0
2026-10-02T01:26:28.872319+00:00,fanduel,NBA,nba_stub_002,2026-10-03T04:26:28.402533+00:00,Golden State Warriors,Phoenix Suns,spread,away,-112,4.0
2026-10-02T01:26:28.872319+00:00,fanduel,NBA,nba_stub_002,2026-10-03T04:26:28.402533+00:00,Golden State Warriors,Phoenix Suns,total,over,-105,232.0
2026-10-02T01:26:28.872319+00:00,fanduel,NBA,nba_stub_002,2026-10-03T04:26:28.402533+00:00,Golden State Warriors,Phoenix Suns,total,under,-115,232.0
2026-10-02T01:26:28.872319+00:00,fanduel,NBA,nba_stub_001,2026-10-03T01:26:28.630844+00:00,Los Angeles Lakers,Boston Celtics,moneyline,home,120,
2026-10-02T01:26:28.872319+00:00,fanduel,NBA,nba_stub_001,2026-10-03T01:26:28.630844+00:00,Los Angeles Lakers,Boston Celtics,moneyline,away,-140,
2026-10-02T01:26:28.872319+00:00,fanduel,NBA,nba_stub_001,2026-10-03T01:26:28.630844+00:00,Los Angeles Lakers,Boston Celtics,spread,home,-110,2.5
2026-10-02T01:26:28.872319+00:00,fanduel,NBA,nba_stub_001,2026-10-03T01:26:28.630844+00:00,Los Angeles Lakers,Boston Celtics,spread,away,-110,-2.5
2026-10-02T01:26:28.872319+00:00,fanduel,NBA,nba_stub_001,2026-10-03T01:26:28.630844+00:00,Los Angeles Lakers,Boston Celtics,total,over,-110,225.5
2026-10-02T01:26:28.872319+00:00,fanduel,NBA,nba_stub_001,2026-10-03T01:26:28.630844+00:00,Los Angeles Lakers,Boston Celtics,total,under,-110,225.5
2026-10-02T01:26:28.872319+00:00,fanduel,NBA,nba_stub_002,2026-10-03T04:26:28.630844+00:00,Golden State Warriors,Phoenix Suns,moneyline,home,-165,
2026-10-02T01:26:28.872319+00:00,fanduel,NBA,nba_stub_002,2026-10-03T04:26:28.630844+00:00,Golden State Warriors,Phoenix Suns,moneyline,away,145,
2026-10-02T01:26:28.872319+00:00,fanduel,NBA,nba_stub_002,2026-10-03T04:26:28.630844+00:00,Golden State Warriors,Phoenix Suns,spread,home,-108,-4.0
2026-10-02T01:26:28.872319+00:00,fanduel,NBA,nba_stub_002,2026-10-03T04:26:28.630844+00:00,Golden State Warriors,Phoenix Suns,spread,away,-112,4.0
2026-10-02T01:26:28.872319+00:00,fanduel,NBA,nba_stub_002,2026-10-03T04:26:28.630844+00:00,Golden State Warriors,Phoenix Suns,total,over,-105,232.0
2026-10-02T01:26:28.872319+00:00,fanduel,NBA,nba_stub_002,2026-10-03T04:26:28.630844+00:00,Golden State Warriors,Phoenix Suns,total,under,-115,232.0
2026-10-02T01:26:28.872319+00:00,fanduel,NHL,nhl_stub_001,2026-10-03T01:26:28.753565+00:00,Toronto Maple Leafs,Montreal Canadiens,moneyline,home,-155,
2026-10-02T01:26:28.872319+00:00,fanduel,NHL,nhl_stub_001,2026-10-03T01:26:28.753565+00:00,Toronto Maple Leafs,Montreal Canadiens,moneyline,away,135,
2026-10-02T01:26:28.872319+00:00,fanduel,NHL,nhl_stub_001,2026-10-03T01:26:28.753565+00:00,Toronto Maple Leafs,Montreal Canadiens,spread,home,-115,-1.5
2026-10-02T01:26:28.872319+00:00,fanduel,NHL,nhl_stub_001,2026-10-03T01:26:28.753565+00:00,Toronto Maple Leafs,Montreal Canadiens,spread,away,-105,1.5
2026-10-02T01:26:28.872319+00:00,fanduel,NHL,nhl_stub_001,2026-10-03T01:26:28.753565+00:00,Toronto Maple Leafs,Montreal Canadiens,total,over,-110,6.5
2026-10-02T01:26:28.872319+00:00,fanduel,NHL,nhl_stub_001,2026-10-03T01:26:28.753565+00:00,Toronto Maple Leafs,Montreal Canadiens,total,under,-110,6.5
2026-10-02T01:26:28.872319+00:00,fanduel,NHL,nhl_stub_002,2026-10-03T04:26:28.753565+00:00,Vegas Golden Knights,Colorado Avalanche,moneyline,home,-130,
2026-10-02T01:26:28.872319+00:00,fanduel,NHL,nhl_stub_002,2026-10-03T04:26:28.753565+00:00,Vegas Golden Knights,Colorado Avalanche,moneyline,away,110,
2026-10-02T01:26:28.872319+00:00,fanduel,NHL,nhl_stub_002,2026-10-03T04:26:28.753565+00:00,Vegas Golden Knights,Colorado Avalanche,spread,home,105,-1.5
2026-10-02T01:26:28.872319+00:00,fanduel,NHL,nhl_stub_002,2026-10-03T04:26:28.753565+00:00,Vegas Golden Knights,Colorado Avalanche,spread,away,-125,1.5
2026-10-02T01:26:28.872319+00:00,fanduel,NHL,nhl_stub_002,2026-10-03T04:26:28.753565+00:00,Vegas Golden Knights,Colorado Avalanche,total,over,-105,5.5
2026-10-02T01:26:28.872319+00:00,fanduel,NHL,nhl_stub_002,2026-10-03T04:26:28.753565+00:00,Vegas Golden Knights,Colorado Avalanche,total,under,-115,5.5
2026-10-02T01:26:28.872319+00:00,fanduel,MMA,mma_stub_001,2026-10-09T01:26:28.871049+00:00,Jon Jones,Stipe Miocic,moneyline,home,-250,
2026-10-02T01:26:28.872319+00:00,fanduel,MMA,mma_stub_001,2026-10-09T01:26:28.871049+00:00,Jon Jones,Stipe Miocic,moneyline,away,210,
2026-10-02T01:26:28.872319+00:00,fanduel,MMA,mma_stub_002,2026-10-09T03:26:28.871049+00:00,Islam Makhachev,Charles Oliveira,moneyline,home,-180,
2026-10-02T01:26:28.872319+00:00,fanduel,MMA,mma_stub_002,2026-10-09T03:26:28.871049+00:00,Islam Makhachev,Charles Oliveira,moneyline,away,155,
2026-10-02T04:02:46.219352+00:00,fanduel,NFL,nfl_stub_001,2026-10-04T04:02:45.659103+00:00,Kansas City Chiefs,Buffalo Bills,moneyline,home,-150,
2026-10-02T04:02:46.219352+00:00,fanduel,NFL,nfl_stub_001,2026-10-04T04:02:45.659103+00:00,Kansas City Chiefs,Buffalo Bills,moneyline,away,130,
2026-10-02T04:02:46.219352+00:00,fanduel,NFL,nfl_stub_001,2026-10-04T04:02:45.659103+00:00,Kansas City Chiefs,Buffalo Bills,spread,home,-110,-3.0
2026-10-02T04:02:46.219352+00:00,fanduel,NFL,nfl_stub_001,2026-10-04T04:02:45.659103+00:00,Kansas City Chiefs,Buffalo Bills,spread,away,-110,3.0
2026-10-02T04:02:46.219352+00:00,fanduel,NFL,nfl_stub_001,2026-10-04T04:02:45.659103+00:00,Kansas City Chiefs,Buffalo Bills,total,over,-110,47.5
2026-10-02T04:02:46.219352+00:00,fanduel,NFL,nfl_stub_001,2026-10-04T04:02:45.659103+00:00,Kansas City Chiefs,Buffalo Bills,total,under,-110,47.5
2026-10-02T04:02:46.219352+00:00,fanduel,NFL,nfl_stub_002,2026-10-05T04:02:45.659103+00:00,San Francisco 49ers,Dallas Cowboys,moneyline,home,-180,
2026-10-02T04:02:46.219352+00:00,fanduel,NFL,nfl_stub_002,2026-10-05T04:02:45.659103+00:00,San Francisco 49ers,Dallas Cowboys,moneyline,away,155,
2026-10-02T04:02:46.219352+00:00,fanduel,NFL,nfl_stub_002,2026-10-05T04:02:45.659103+00:00,San Francisco 49ers,Dallas Cowboys,spread,home,-105,-4.0
2026-10-02T04:02:46.219352+00:00,fanduel,NFL,nfl_stub_002,2026-10-05T04:02:45.659103+00:00,San Francisco 49ers,Dallas Cowboys,spread,away,-115,4.0
2026-10-02T04:02:46.219352+00:00,fanduel,NFL,nfl_stub_002,2026-10-05T04:02:45.659103+00:00,San Francisco 49ers,Dallas Cowboys,total,over,-108,49.0
2026-10-02T04:02:46.219352+00:00,fanduel,NFL,nfl_stub_002,2026-10-05T04:02:45.659103+00:00,San Francisco 49ers,Dallas Cowboys,total,under,-112,49.0
2026-10-02T04:02:46.219352+00:00,fanduel,NBA,nba_stub_001,2026-10-03T04:02:45.787378+00:00,Los Angeles Lakers,Boston Celtics,moneyline,home,120,
2026-10-02T04:02:46.219352+00:00,fanduel,NBA,nba_stub_001,2026-10-03T04:02:45.787378+00:00,Los Angeles Lakers,Boston Celtics,moneyline,away,-140,
2026-10-02T04:02:46.219352+00:00,fanduel,NBA,nba_stub_001,2026-10-03T04:02:45.787378+00:00,Los Angeles Lakers,Boston Celtics,spread,home,-110,2.5
2026-10-02T04:02:46.219352+00:00,fanduel,NBA,nba_stub_001,2026-10-03T04:02:45.787378+00:00,Los Angeles Lakers,Boston Celtics,spread,away,-110,-2.5
2026-10-02T04:02:46.219352+00:00,fanduel,NBA,nba_stub_001,2026-10-03T04:02:45.787378+00:00,Los Angeles Lakers,Boston Celtics,total,over,-110,225.5
2026-10-02T04:02:46.219352+00:00,fanduel,NBA,nba_stub_001,2026-10-03T04:02:45.787378+00:00,Los Angeles Lakers,Boston Celtics,total,under,-110,225.5
2026-10-02T04:02:46.219352+00:00,fanduel,NBA,nba_stub_002,2026-10-03T07:02:45.787378+00:00,Golden State Warriors,Phoenix Suns,moneyline,home,-165,
2026-10-02T04:02:46.219352+00:00,fanduel,NBA,nba_stub_002,2026-10-03T07:02:45.787378+00:00,Golden State Warriors,Phoenix Suns,moneyline,away,145,
2026-10-02T04:02:46.219352+00:00,fanduel,NBA,nba_stub_002,2026-10-03T07:02:45.787378+00:00,Golden State Warriors,Phoenix Suns,spread,home,-108,-4.0
2026-10-02T04:02:46.219352+00:00,fanduel,NBA,nba_stub_002,2026-10-03T07:02:45.787378+00:00,Golden State Warriors,Phoenix Suns,spread,away,-112,4.0
2026-10-02T04:02:46.219352+00:00,fanduel,NBA,nba_stub_002,2026-10-03T07:02:45.787378+00:00,Golden State Warriors,Phoenix Suns,total,over,-105,232.0
2026-10-02T04:02:46.219352+00:00,fanduel,NBA,nba_stub_002,2026-10-03T07:02:45.787378+00:00,Golden State Warriors,Phoenix Suns,total,under,-115,232.0
2026-10-02T04:02:46.219352+00:00,fanduel,NBA,nba_stub_001,2026-10-03T04:02:45.983717+00:00,Los Angeles Lakers,Boston Celtics,moneyline,home,120,
2026-10-02T04:02:46.219352+00:00,fanduel,NBA,nba_stub_001,2026-10-03T04:02:45.983717+00:00,Los Angeles Lakers,Boston Celtics,moneyline,away,-140,
2026-10-02T04:02:46.219352+00:00,fanduel,NBA,nba_stub_001,2026-10-03T04:02:45.983717+00:00,Los Angeles Lakers,Boston Celtics,spread,home,-110,2.5
2026-10-02T04:02:46.219352+00:00,fanduel,NBA,nba_stub_001,2026-10-03T04:02:45.983717+00:00,Los Angeles Lakers,Boston Celtics,spread,away,-110,-2.5
2026-10-02T04:02:46.219352+00:00,fanduel,NBA,nba_stub_001,2026-10-03T04:02:45.983717+00:00,Los Angeles Lakers,Boston Celtics,total,over,-110,225.5
2026-10-02T04:02:46.219352+00:00,fanduel,NBA,nba_stub_001,2026-10-03T04:02:45.983717+00:00,Los Angeles Lakers,Boston Celtics,total,under,-110,225.5
2026-10-02T04:02:46.219352+00:00,fanduel,NBA,nba_stub_002,2026-10-03T07:02:45.983717+00:00,Golden State Warriors,Phoenix Suns,moneyline,home,-165,
2026-10-02T04:02:46.219352+00:00,fanduel,NBA,nba_stub_002,2026-10-03T07:02:45.983717+00:00,Golden State Warriors,Phoenix Suns,moneyline,away,145,
2026-10-02T04:02:46.219352+00:00,fanduel,NBA,nba_stub_002,2026-10-03T07:02:45.983717+00:00,Golden State Warriors,Phoenix Suns,spread,home,-108,-4.0
2026-10-02T04:02:46.219352+00:00,fanduel,NBA,nba_stub_002,2026-10-03T07:02:45.983717+00:00,Golden State Warriors,Phoenix Suns,spread,away,-112,4.0
2026-10-02T04:02:46.219352+00:00,fanduel,NBA,nba_stub_002,2026-10-03T07:02:45.983717+00:00,Golden State Warriors,Phoenix Suns,total,over,-105,232.0
2026-10-02T04:02:46.219352+00:00,fanduel,NBA,nba_stub_002,2026-10-03T07:02:45.983717+00:00,Golden State Warriors,Phoenix Suns,total,under,-115,232.0
2026-10-02T04:02:46.219352+00:00,fanduel,NHL,nhl_stub_001,2026-10-03T04:02:46.081751+00:00,Toronto Maple Leafs,Montreal Canadiens,moneyline,home,-155,
2026-10-02T04:02:46.219352+00:00,fanduel,NHL,nhl_stub_001,2026-10-03T04:02:46.081751+00:00,Toronto Maple Leafs,Montreal Canadiens,moneyline,away,135,
2026-10-02T04:02:46.219352+00:00,fanduel,NHL,nhl_stub_001,2026-10-03T04:02:46.081751+00:00,Toronto Maple Leafs,Montreal Canadiens,spread,home,-115,-1.5
2026-10-02T04:02:46.219352+00:00,fanduel,NHL,nhl_stub_001,2026-10-03T04:02:46.081751+00:00,Toronto Maple Leafs,Montreal Canadiens,spread,away,-105,1.5
2026-10-02T04:02:46.219352+00:00,fanduel,NHL,nhl_stub_001,2026-10-03T04:02:46.081751+00:00,Toronto Maple Leafs,Montreal Canadiens,total,over,-110,6.5
2026-10-02T04:02:46.219352+00:00,fanduel,NHL,nhl_stub_001,2026-10-03T04:02:46.081751+00:00,Toronto Maple Leafs,Montreal Canadiens,total,under,-110,6.5
2026-10-02T04:02:46.219352+00:00,fanduel,NHL,nhl_stub_002,2026-10-03T07:02:46.081751+00:00,Vegas Golden Knights,Colorado Avalanche,moneyline,home,-130,
2026-10-02T04:02:46.219352+00:00,fanduel,NHL,nhl_stub_002,2026-10-03T07:02:46.081751+00:00,Vegas Golden Knights,Colorado Avalanche,moneyline,away,110,
2026-10-02T04:02:46.219352+00:00,fanduel,NHL,nhl_stub_002,2026-10-03T07:02:46.081751+00:00,Vegas Golden Knights,Colorado Avalanche,spread,home,105,-1.5
2026-10-02T04:02:46.219352+00:00,fanduel,NHL,nhl_stub_002,2026-10-03T07:02:46.081751+00:00,Vegas Golden Knights,Colorado Avalanche,spread,away,-125,1.5
2026-10-02T04:02:46.219352+00:00,fanduel,NHL,nhl_stub_002,2026-10-03T07:02:46.081751+00:00,Vegas Golden Knights,Colorado Avalanche,total,over,-105,5.5
2026-10-02T04:02:46.219352+00:00,fanduel,NHL,nhl_stub_002,2026-10-03T07:02:46.081751+00:00,Vegas Golden Knights,Colorado Avalanche,total,under,-115,5.5
2026-10-02T04:02:46.219352+00:00,fanduel,MMA,mma_stub_001,2026-10-09T04:02:46.218282+00:00,Jon Jones,Stipe Miocic,moneyline,home,-250,
2026-10-02T04:02:46.219352+00:00,fanduel,MMA,mma_stub_001,2026-10-09T04:02:46.218282+00:00,Jon Jones,Stipe Miocic,moneyline,away,210,
2026-10-02T04:02:46.219352+00:00,fanduel,MMA,mma_stub_002,2026-10-09T06:02:46.218282+00:00,Islam Makhachev,Charles Oliveira,moneyline,home,-180,
2026-10-02T04:02:46.219352+00:00,fanduel,MMA,mma_stub_002,2026-10-09T06:02:46.218282+00:00,Islam Makhachev,Charles Oliveira,moneyline,away,155,
2026-10-02T10:38:12.786392+00:00,fanduel,NFL,nfl_stub_001,2026-10-04T10:38:11.363952+00:00,Kansas City Chiefs,Buffalo Bills,moneyline,home,-150,
2026-10-02T10:38:12.786392+00:00,fanduel,NFL,nfl_stub_001,2026-10-04T10:38:11.363952+00:00,Kansas City Chiefs,Buffalo Bills,moneyline,away,130,
2026-10-02T10:38:12.786392+00:00,fanduel,NFL,nfl_stub_001,2026-10-04T10:38:11.363952+00:00,Kansas City Chiefs,Buffalo Bills,spread,home,-110,-3.0
2026-10-02T10:38:12.786392+00:00,fanduel,NFL,nfl_stub_001,2026-10-04T10:38:11.363952+00:00,Kansas City Chiefs,Buffalo Bills,spread,away,-110,3.0
2026-10-02T10:38:12.786392+00:00,fanduel,NFL,nfl_stub_001,2026-10-04T10:38:11.363952+00:00,Kansas City Chiefs,Buffalo Bills,total,over,-110,47.5
2026-10-02T10:38:12.786392+00:00,fanduel,NFL,nfl_stub_001,2026-10-04T10:38:11.363952+00:00,Kansas City Chiefs,Buffalo Bills,total,under,-110,47.5
2026-10-02T10:38:12.786392+00:00,fanduel,NFL,nfl_stub_002,2026-10-05T10:38:11.363952+00:00,San Francisco 49ers,Dallas Cowboys,moneyline,home,-180,
2026-10-02T10:38:12.786392+00:00,fanduel,NFL,nfl_stub_002,2026-10-05T10:38:11.363952+00:00,San Francisco 49ers,Dallas Cowboys,moneyline,away,155,
2026-10-02T10:38:12.786392+00:00,fanduel,NFL,nfl_stub_002,2026-10-05T10:38:11.363952+00:00,San Francisco 49ers,Dallas Cowboys,spread,home,-105,-4.0
2026-10-02T10:38:12.786392+00:00,fanduel,NFL,nfl_stub_002,2026-10-05T10:38:11.363952+00:00,San Francisco 49ers,Dallas Cowboys,spread,away,-115,4.0
2026-10-02T10:38:12.786392+00:00,fanduel,NFL,nfl_stub_002,2026-10-05T10:38:11.363952+00:00,San Francisco 49ers,Dallas Cowboys,total,over,-108,49.0
2026-10-02T10:38:12.786392+00:00,fanduel,NFL,nfl_stub_002,2026-10-05T10:38:11.363952+00:00,San Francisco 49ers,Dallas Cowboys,total,under,-112,49.0
2026-10-02T10:38:12.786392+00:00,fanduel,NBA,nba_stub_001,2026-10-03T10:38:11.702042+00:00,Los Angeles Lakers,Boston Celtics,moneyline,home,120,
2026-10-02T10:38:12.786392+00:00,fanduel,NBA,nba_stub_001,2026-10-03T10:38:11.702042+00:00,Los Angeles Lakers,Boston Celtics,moneyline,away,-140,
2026-10-02T10:38:12.786392+00:00,fanduel,NBA,nba_stub_001,2026-10-03T10:38:11.702042+00:00,Los Angeles Lakers,Boston Celtics,spread,home,-110,2.5
2026-10-02T10:38:12.786392+00:00,fanduel,NBA,nba_stub_001,2026-10-03T10:38:11.702042+00:00,Los Angeles Lakers,Boston Celtics,spread,away,-110,-2.5
2026-10-02T10:38:12.786392+00:00,fanduel,NBA,nba_stub_001,2026-10-03T10:38:11.702042+00:00,Los Angeles Lakers,Boston Celtics,total,over,-110,225.5
2026-10-02T10:38:12.786392+00:00,fanduel,NBA,nba_stub_001,2026-10-03T10:38:11.702042+00:00,Los Angeles Lakers,Boston Celtics,total,under,-110,225.5
2026-10-02T10:38:12.786392+00:00,fanduel,NBA,nba_stub_002,2026-10-03T13:38:11.702042+00:00,Golden State Warriors,Phoenix Suns,moneyline,home,-165,
2026-10-02T10:38:12.786392+00:00,fanduel,NBA,nba_stub_002,2026-10-03T13:38:11.702042+00:00,Golden State Warriors,Phoenix Suns,moneyline,away,145,
2026-10-02T10:38:12.786392+00:00,fanduel,NBA,nba_stub_002,2026-10-03T13:38:11.702042+00:00,Golden State Warriors,Phoenix Suns,spread,home,-108,-4.0
2026-10-02T10:38:12.786392+00:00,fanduel,NBA,nba_stub_002,2026-10-03T13:38:11.702042+00:00,Golden State Warriors,Phoenix Suns,spread,away,-112,4.0
2026-10-02T10:38:12.786392+00:00,fanduel,NBA,nba_stub_002,2026-10-03T13:38:11.702042+00:00,Golden State Warriors,Phoenix Suns,total,over,-105,232.0
2026-10-02T10:38:12.786392+00:00,fanduel,NBA,nba_stub_002,2026-10-03T13:38:11.702042+00:00,Golden State Warriors,Phoenix Suns,total,under,-115,232.0
2026-10-02T10:38:12.786392+00:00,fanduel,NBA,nba_stub_001,2026-10-03T10:38:12.316442+00:00,Los Angeles Lakers,Boston Celtics,moneyline,home,120,
2026-10-02T10:38:12.786392+00:00,fanduel,NBA,nba_stub_001,2026-10-03T10:38:12.316442+00:00,Los Angeles Lakers,Boston Celtics,moneyline,away,-140,
2026-10-02T10:38:12.786392+00:00,fanduel,NBA,nba_stub_001,2026-10-03T10:38:12.316442+00:00,Los Angeles Lakers,Boston Celtics,spread,home,-110,2.5
2026-10-02T10:38:12.786392+00:00,fanduel,NBA,nba_stub_001,2026-10-03T10:38:12.316442+00:00,Los Angeles Lakers,Boston Celtics,spread,away,-110,-2.5
2026-10-02T10:38:12.786392+00:00,fanduel,NBA,nba_stub_001,2026-10-03T10:38:12.316442+00:00,Los Angeles Lakers,Boston Celtics,total,over,-110,225.5
2026-10-02T10:38:12.786392+00:00,fanduel,NBA,nba_stub_001,2026-10-03T10:38:12.316442+00:00,Los Angeles Lakers,Boston Celtics,total,under,-110,225.5
2026-10-02T10:38:12.786392+00:00,fanduel,NBA,nba_stub_002,2026-10-03T13:38:12.316442+00:00,Golden State Warriors,Phoenix Suns,moneyline,home,-165,
2026-10-02T10:38:12.786392+00:00,fanduel,NBA,nba_stub_002,2026-10-03T13:38:12.316442+00:00,Golden State Warriors,Phoenix Suns,moneyline,away,145,
2026-10-02T10:38:12.786392+00:00,fanduel,NBA,nba_stub_002,2026-10-03T13:38:12.316442+00:00,Golden State Warriors,Phoenix Suns,spread,home,-108,-4.0
2026-10-02T10:38:12.786392+00:00,fanduel,NBA,nba_stub_002,2026-10-03T13:38:12.316442+00:00,Golden State Warriors,Phoenix Suns,spread,away,-112,4.0
2026-10-02T10:38:12.786392+00:00,fanduel,NBA,nba_stub_002,2026-10-03T13:38:12.316442+00:00,Golden State Warriors,Phoenix Suns,total,over,-105,232.0
2026-10-02T10:38:12.786392+00:00,fanduel,NBA,nba_stub_002,2026-10-03T13:38:12.316442+00:00,Golden State Warriors,Phoenix Suns,total,under,-115,232.0
2026-10-02T10:38:12.786392+00:00,fanduel,NHL,nhl_stub_001,2026-10-03T10:38:12.602663+00:00,Toronto Maple Leafs,Montreal Canadiens,moneyline,home,-155,
2026-10-02T10:38:12.786392+00:00,fanduel,NHL,nhl_stub_001,2026-10-03T10:38:12.602663+00:00,Toronto Maple Leafs,Montreal Canadiens,moneyline,away,135,
2026-10-02T10:38:12.786392+00:00,fanduel,NHL,nhl_stub_001,2026-10-03T10:38:12.602663+00:00,Toronto Maple Leafs,Montreal Canadiens,spread,home,-115,-1.5
2026-10-02T10:38:12.786392+00:00,fanduel,NHL,nhl_stub_001,2026-10-03T10:38:12.602663+00:00,Toronto Maple Leafs,Montreal Canadiens,spread,away,-105,1.5
2026-10-02T10:38:12.786392+00:00,fanduel,NHL,nhl_stub_001,2026-10-03T10:38:12.602663+00:00,Toronto Maple Leafs,Montreal Canadiens,total,over,-110,6.5
2026-10-02T10:38:12.786392+00:00,fanduel,NHL,nhl_stub_001,2026-10-03T10:38:12.602663+00:00,Toronto Maple Leafs,Montreal Canadiens,total,under,-110,6.5
2026-10-02T10:38:12.786392+00:00,fanduel,NHL,nhl_stub_002,2026-10-03T13:38:12.602663+00:00,Vegas Golden Knights,Colorado Avalanche,moneyline,home,-130,
2026-10-02T10:38:12.786392+00:00,fanduel,NHL,nhl_stub_002,2026-10-03T13:38:12.602663+00:00,Vegas Golden Knights,Colorado Avalanche,moneyline,away,110,
2026-10-02T10:38:12.786392+00:00,fanduel,NHL,nhl_stub_002,2026-10-03T13:38:12.602663+00:00,Vegas Golden Knights,Colorado Avalanche,spread,home,105,-1.5
2026-10-02T10:38:12.786392+00:00,fanduel,NHL,nhl_stub_002,2026-10-03T13:38:12.602663+00:00,Vegas Golden Knights,Colorado Avalanche,spread,away,-125,1.5
2026-10-02T10:38:12.786392+00:00,fanduel,NHL,nhl_stub_002,2026-10-03T13:38:12.602663+00:00,Vegas Golden Knights,Colorado Avalanche,total,over,-105,5.5
2026-10-02T10:38:12.786392+00:00,fanduel,NHL,nhl_stub_002,2026-10-03T13:38:12.602663+00:00,Vegas Golden Knights,Colorado Avalanche,total,under,-115,5.5
2026-10-02T10:38:12.786392+00:00,fanduel,MMA,mma_stub_001,2026-10-09T10:38:12.785164+00:00,Jon Jones,Stipe Miocic,moneyline,home,-250,
2026-10-02T10:38:12.786392+00:00,fanduel,MMA,mma_stub_001,2026-10-09T10:38:12.785164+00:00,Jon Jones,Stipe Miocic,moneyline,away,210,
2026-10-02T10:38:12.786392+00:00,fanduel,MMA,mma_stub_002,2026-10-09T12:38:12.785164+00:00,Islam Makhachev,Charles Oliveira,moneyline,home,-180,
2026-10-02T10:38:12.786392+00:00,fanduel,MMA,mma_stub_002,2026-10-09T12:38:12.785164+00:00,Islam Makhachev,Charles Oliveira,moneyline,away,155,
2026-10-02T10:46:28.332044+00:00,fanduel,NFL,nfl_stub_001,2026-10-04T10:46:27.614713+00:00,Kansas City Chiefs,Buffalo Bills,moneyline,home,-150,
2026-10-02T10:46:28.332044+00:00,fanduel,NFL,nfl_stub_001,2026-10-04T10:46:27.614713+00:00,Kansas City Chiefs,Buffalo Bills,moneyline,away,130,
2026-10-02T10:46:28.332044+00:00,fanduel,NFL,nfl_stub_001,2026-10-04T10:46:27.614713+00:00,Kansas City Chiefs,Buffalo Bills,spread,home,-110,-3.0
2026-10-02T10:46:28.332044+00:00,fanduel,NFL,nfl_stub_001,2026-10-04T10:46:27.614713+00:00,Kansas City Chiefs,Buffalo Bills,spread,away,-110,3.0
2026-10-02T10:46:28.332044+00:00,fanduel,NFL,nfl_stub_001,2026-10-04T10:46:27.614713+00:00,Kansas City Chiefs,Buffalo Bills,total,over,-110,47.5
2026-10-02T10:46:28.332044+00:00,fanduel,NFL,nfl_stub_001,2026-10-04T10:46:27.614713+00:00,Kansas City Chiefs,Buffalo Bills,total,under,-110,47.5
2026-10-02T10:46:28.332044+00:00,fanduel,NFL,nfl_stub_002,2026-10-05T10:46:27.614713+00:00,San Francisco 49ers,Dallas Cowboys,moneyline,home,-180,
2026-10-02T10:46:28.332044+00:00,fanduel,NFL,nfl_stub_002,2026-10-05T10:46:27.614713+00:00,San Francisco 49ers,Dallas Cowboys,moneyline,away,155,
2026-10-02T10:46:28.332044+00:00,fanduel,NFL,nfl_stub_002,2026-10-05T10:46:27.614713+00:00,San Francisco 49ers,Dallas Cowboys,spread,home,-105,-4.0
2026-10-02T10:46:28.332044+00:00,fanduel,NFL,nfl_stub_002,2026-10-05T10:46:27.614713+00:00,San Francisco 49ers,Dallas Cowboys,spread,away,-115,4.0
2026-10-02T10:46:28.332044+00:00,fanduel,NFL,nfl_stub_002,2026-10-05T10:46:27.614713+00:00,San Francisco 49ers,Dallas Cowboys,total,over,-108,49.0
2026-10-02T10:46:28.332044+00:00,fanduel,NFL,nfl_stub_002,2026-10-05T10:46:27.614713+00:00,San Francisco 49ers,Dallas Cowboys,total,under,-112,49.0
2026-10-02T10:46:28.332044+00:00,fanduel,NBA,nba_stub_001,2026-10-03T10:46:27.774568+00:00,Los Angeles Lakers,Boston Celtics,moneyline,home,120,
2026-10-02T10:46:28.332044+00:00,fanduel,NBA,nba_stub_001,2026-10-03T10:46:27.774568+00:00,Los Angeles Lakers,Boston Celtics,moneyline,away,-140,
2026-10-02T10:46:28.332044+00:00,fanduel,NBA,nba_stub_001,2026-10-03T10:46:27.774568+00:00,Los Angeles Lakers,Boston Celtics,spread,home,-110,2.5
2026-10-02T10:46:28.332044+00:00,fanduel,NBA,nba_stub_001,2026-10-03T10:46:27.774568+00:00,Los Angeles Lakers,Boston Celtics,spread,away,-110,-2.5
2026-10-02T10:46:28.332044+00:00,fanduel,NBA,nba_stub_001,2026-10-03T10:46:27.774568+00:00,Los Angeles Lakers,Boston Celtics,total,over,-110,225.5
2026-10-02T10:46:28.332044+00:00,fanduel,NBA,nba_stub_001,2026-10-03T10:46:27.774568+00:00,Los Angeles Lakers,Boston Celtics,total,under,-110,225.5
2026-10-02T10:46:28.332044+00:00,fanduel,NBA,nba_stub_002,2026-10-03T13:46:27.774568+00:00,Golden State Warriors,Phoenix Suns,moneyline,home,-165,
2026-10-02T10:46:28.332044+00:00,fanduel,NBA,nba_stub_002,2026-10-03T13:46:27.774568+00:00,Golden State Warriors,Phoenix Suns,moneyline,away,145,
2026-10-02T10:46:28.332044+00:00,fanduel,NBA,nba_stub_002,2026-10-03T13:46:27.774568+00:00,Golden State Warriors,Phoenix Suns,spread,home,-108,-4.0
2026-10-02T10:46:28.332044+00:00,fanduel,NBA,nba_stub_002,2026-10-03T13:46:27.774568+00:00,Golden State Warriors,Phoenix Suns,spread,away,-112,4.0
2026-10-02T10:46:28.332044+00:00,fanduel,NBA,nba_stub_002,2026-10-03T13:46:27.774568+00:00,Golden State Warriors,Phoenix Suns,total,over,-105,232.0
2026-10-02T10:46:28.332044+00:00,fanduel,NBA,nba_stub_002,2026-10-03T13:46:27.774568+00:00,Golden State Warriors,Phoenix Suns,total,under,-115,232.0
2026-10-02T10:46:28.332044+00:00,fanduel,NBA,nba_stub_001,2026-10-03T10:46:28.064251+00:00,Los Angeles Lakers,Boston Celtics,moneyline,home,120,
2026-10-02T10:46:28.332044+00:00,fanduel,NBA,nba_stub_001,2026-10-03T10:46:28.064251+00:00,Los Angeles Lakers,Boston Celtics,moneyline,away,-140,
2026-10-02T10:46:28.332044+00:00,fanduel,NBA,nba_stub_001,2026-10-03T10:46:28.064251+00:00,Los Angeles Lakers,Boston Celtics,spread,home,-110,2.5
2026-10-02T10:46:28.332044+00:00,fanduel,NBA,nba_stub_001,2026-10-03T10:46:28.064251+00:00,Los Angeles Lakers,Boston Celtics,spread,away,-110,-2.5
2026-10-02T10:46:28.332044+00:00,fanduel,NBA,nba_stub_001,2026-10-03T10:46:28.064251+00:00,Los Angeles Lakers,Boston Celtics,total,over,-110,225.5
2026-10-02T10:46:28.332044+00:00,fanduel,NBA,nba_stub_001,2026-10-03T10:46:28.064251+00:00,Los Angeles Lakers,Boston Celtics,total,under,-110,225.5
2026-10-02T10:46:28.332044+00:00,fanduel,NBA,nba_stub_002,2026-10-03T13:46:28.064251+00:00,Golden State Warriors,Phoenix Suns,moneyline,home,-165,
2026-10-02T10:46:28.332044+00:00,fanduel,NBA,nba_stub_002,2026-10-03T13:46:28.064251+00:00,Golden State Warriors,Phoenix Suns,moneyline,away,145,
2026-10-02T10:46:28.332044+00:00,fanduel,NBA,nba_stub_002,2026-10-03T13:46:28.064251+00:00,Golden State Warriors,Phoenix Suns,spread,home,-108,-4.0
2026-10-02T10:46:28.332044+00:00,fanduel,NBA,nba_stub_002,2026-10-03T13:46:28.064251+00:00,Golden State Warriors,Phoenix Suns,spread,away,-112,4.0
2026-10-02T10:46:28.332044+00:00,fanduel,NBA,nba_stub_002,2026-10-03T13:46:28.064251+00:00,Golden State Warriors,Phoenix Suns,total,over,-105,232.0
2026-10-02T10:46:28.332044+00:00,fanduel,NBA,nba_stub_002,2026-10-03T13:46:28.064251+00:00,Golden State Warriors,Phoenix Suns,total,under,-115,232.0
2026-10-02T10:46:28.332044+00:00,fanduel,NHL,nhl_stub_001,2026-10-03T10:46:28.238403+00:00,Toronto Maple Leafs,Montreal Canadiens,moneyline,home,-155,
2026-10-02T10:46:28.332044+00:00,fanduel,NHL,nhl_stub_001,2026-10-03T10:46:28.238403+00:00,Toronto Maple Leafs,Montreal Canadiens,moneyline,away,135,
2026-10-02T10:46:28.332044+00:00,fanduel,NHL,nhl_stub_001,2026-10-03T10:46:28.238403+00:00,Toronto Maple Leafs,Montreal Canadiens,spread,home,-115,-1.5
2026-10-02T10:46:28.332044+00:00,fanduel,NHL,nhl_stub_001,2026-10-03T10:46:28.238403+00:00,Toronto Maple Leafs,Montreal Canadiens,spread,away,-105,1.5
2026-10-02T10:46:28.332044+00:00,fanduel,NHL,nhl_stub_001,2026-10-03T10:46:28.238403+00:00,Toronto Maple Leafs,Montreal Canadiens,total,over,-110,6.5
2026-10-02T10:46:28.332044+00:00,fanduel,NHL,nhl_stub_001,2026-10-03T10:46:28.238403+00:00,Toronto Maple Leafs,Montreal Canadiens,total,under,-110,6.5
2026-10-02T10:46:28.332044+00:00,fanduel,NHL,nhl_stub_002,2026-10-03T13:46:28.238403+00:00,Vegas Golden Knights,Colorado Avalanche,moneyline,home,-130,
2026-10-02T10:46:28.332044+00:00,fanduel,NHL,nhl_stub_002,2026-10-03T13:46:28.238403+00:00,Vegas Golden Knights,Colorado Avalanche,moneyline,away,110,
2026-10-02T10:46:28.332044+00:00,fanduel,NHL,nhl_stub_002,2026-10-03T13:46:28.238403+00:00,Vegas Golden Knights,Colorado Avalanche,spread,home,105,-1.5
2026-10-02T10:46:28.332044+00:00,fanduel,NHL,nhl_stub_002,2026-10-03T13:46:28.238403+00:00,Vegas Golden Knights,Colorado Avalanche,spread,away,-125,1.5
2026-10-02T10:46:28.332044+00:00,fanduel,NHL,nhl_stub_002,2026-10-03T13:46:28.238403+00:00,Vegas Golden Knights,Colorado Avalanche,total,over,-105,5.5
2026-10-02T10:46:28.332044+00:00,fanduel,NHL,nhl_stub_002,2026-10-03T13:46:28.238403+00:00,Vegas Golden Knights,Colorado Avalanche,total,under,-115,5.5
2026-10-02T10:46:28.332044+00:00,fanduel,MMA,mma_stub_001,2026-10-09T10:46:28.331185+00:00,Jon Jones,Stipe Miocic,moneyline,home,-250,
2026-10-02T10:46:28.332044+00:00,fanduel,MMA,mma_stub_001,2026-10-09T10:46:28.331185+00:00,Jon Jones,Stipe Miocic,moneyline,away,210,
2026-10-02T10:46:28.332044+00:00,fanduel,MMA,mma_stub_002,2026-10-09T12:46:28.331185+00:00,Islam Makhachev,Charles Oliveira,moneyline,home,-180,
2026-10-02T10:46:28.332044+00:00,fanduel,MMA,mma_stub_002,2026-10-09T12:46:28.331185+00:00,Islam Makhachev,Charles Oliveira,moneyline,away,155,
2026-10-02T16:23:40.989060+00:00,fanduel,NFL,nfl_stub_001,2026-10-04T16:23:40.268937+00:00,Kansas City Chiefs,Buffalo Bills,moneyline,home,-150,
2026-10-02T16:23:40.989060+00:00,fanduel,NFL,nfl_stub_001,2026-10-04T16:23:40.268937+00:00,Kansas City Chiefs,Buffalo Bills,moneyline,away,130,
2026-10-02T16:23:40.989060+00:00,fanduel,NFL,nfl_stub_001,2026-10-04T16:23:40.268937+00:00,Kansas City Chiefs,Buffalo Bills,spread,home,-110,-3.0
2026-10-02T16:23:40.989060+00:00,fanduel,NFL,nfl_stub_001,2026-10-04T16:23:40.268937+00:00,Kansas City Chiefs,Buffalo Bills,spread,away,-110,3.0
2026-10-02T16:23:40.989060+00:00,fanduel,NFL,nfl_stub_001,2026-10-04T16:23:40.268937+00:00,Kansas City Chiefs,Buffalo Bills,total,over,-110,47.5
2026-10-02T16:23:40.989060+00:00,fanduel,NFL,nfl_stub_001,2026-10-04T16:23:40.268937+00:00,Kansas City Chiefs,Buffalo Bills,total,under,-110,47.5
2026-10-02T16:23:40.989060+00:00,fanduel,NFL,nfl_stub_002,2026-10-05T16:23:40.268937+00:00,San Francisco 49ers,Dallas Cowboys,moneyline,home,-180,
2026-10-02T16:23:40.989060+00:00,fanduel,NFL,nfl_stub_002,2026-10-05T16:23:40.268937+00:00,San Francisco 49ers,Dallas Cowboys,moneyline,away,155,
2026-10-02T16:23:40.989060+00:00,fanduel,NFL,nfl_stub_002,2026-10-05T16:23:40.268937+00:00,San Francisco 49ers,Dallas Cowboys,spread,home,-105,-4.0
2026-10-02T16:23:40.989060+00:00,fanduel,NFL,nfl_stub_002,2026-10-05T16:23:40.268937+00:00,San Francisco 49ers,Dallas Cowboys,spread,away,-115,4.0
2026-10-02T16:23:40.989060+00:00,fanduel,NFL,nfl_stub_002,2026-10-05T16:23:40.268937+00:00,San Francisco 49ers,Dallas Cowboys,total,over,-108,49.0
2026-10-02T16:23:40.989060+00:00,fanduel,NFL,nfl_stub_002,2026-10-05T16:23:40.268937+00:00,San Francisco 49ers,Dallas Cowboys,total,under,-112,49.0
2026-10-02T16:23:40.989060+00:00,fanduel,NBA,nba_stub_001,2026-10-03T16:23:40.386298+00:00,Los Angeles Lakers,Boston Celtics,moneyline,home,120,
2026-10-02T16:23:40.989060+00:00,fanduel,NBA,nba_stub_001,2026-10-03T16:23:40.386298+00:00,Los Angeles Lakers,Boston Celtics,moneyline,away,-140,
2026-10-02T16:23:40.989060+00:00,fanduel,NBA,nba_stub_001,2026-10-03T16:23:40.386298+00:00,Los Angeles Lakers,Boston Celtics,spread,home,-110,2.5
2026-10-02T16:23:40.989060+00:00,fanduel,NBA,nba_stub_001,2026-10-03T16:23:40.386298+00:00,Los Angeles Lakers,Boston Celtics,spread,away,-110,-2.5
2026-10-02T16:23:40.989060+00:00,fanduel,NBA,nba_stub_001,2026-10-03T16:23:40.386298+00:00,Los Angeles Lakers,Boston Celtics,total,over,-110,225.5
2026-10-02T16:23:40.989060+00:00,fanduel,NBA,nba_stub_001,2026-10-03T16:23:40.386298+00:00,Los Angeles Lakers,Boston Celtics,total,under,-110,225.5
2026-10-02T16:23:40.989060+00:00,fanduel,NBA,nba_stub_002,2026-10-03T19:23:40.386298+00:00,Golden State Warriors,Phoenix Suns,moneyline,home,-165,
2026-10-02T16:23:40.989060+00:00,fanduel,NBA,nba_stub_002,2026-10-03T19:23:40.386298+00:00,Golden State Warriors,Phoenix Suns,moneyline,away,145,
2026-10-02T16:23:40.989060+00:00,fanduel,NBA,nba_stub_002,2026-10-03T19:23:40.386298+00:00,Golden State Warriors,Phoenix Suns,spread,home,-108,-4.0
2026-10-02T16:23:40.989060+00:00,fanduel,NBA,nba_stub_002,2026-10-03T19:23:40.386298+00:00,Golden State Warriors,Phoenix Suns,spread,away,-112,4.0
2026-10-02T16:23:40.989060+00:00,fanduel,NBA,nba_stub_002,2026-10-03T19:23:40.386298+00:00,Golden State Warriors,Phoenix Suns,total,over,-105,232.0
2026-10-02T16:23:40.989060+00:00,fanduel,NBA,nba_stub_002,2026-10-03T19:23:40.386298+00:00,Golden State Warriors,Phoenix Suns,total,under,-115,232.0
2026-10-02T16:23:40.989060+00:00,fanduel,NBA,nba_stub_001,2026-10-03T16:23:40.652156+00:00,Los Angeles Lakers,Boston Celtics,moneyline,home,120,
2026-10-02T16:23:40.989060+00:00,fanduel,NBA,nba_stub_001,2026-10-03T16:23:40.652156+00:00,Los Angeles Lakers,Boston Celtics,moneyline,away,-140,
2026-10-02T16:23:40.989060+00:00,fanduel,NBA,nba_stub_001,2026-10-03T16:23:40.652156+00:00,Los Angeles Lakers,Boston Celtics,spread,home,-110,2.5
2026-10-02T16:23:40.989060+00:00,fanduel,NBA,nba_stub_001,2026-10-03T16:23:40.652156+00:00,Los Angeles Lakers,Boston Celtics,spread,away,-110,-2.5
2026-10-02T16:23:40.989060+00:00,fanduel,NBA,nba_stub_001,2026-10-03T16:23:40.652156+00:00,Los Angeles Lakers,Boston Celtics,total,over,-110,225.5
2026-10-02T16:23:40.989060+00:00,fanduel,NBA,nba_stub_001,2026-10-03T16:23:40.652156+00:00,Los Angeles Lakers,Boston Celtics,total,under,-110,225.5
2026-10-02T16:23:40.989060+00:00,fanduel,NBA,nba_stub_002,2026-10-03T19:23:40.652156+00:00,Golden State Warriors,Phoenix Suns,moneyline,home,-165,
2026-10-02T16:23:40.989060+00:00,fanduel,NBA,nba_stub_002,2026-10-03T19:23:40.652156+00:00,Golden State Warriors,Phoenix Suns,moneyline,away,145,
2026-10-02T16:23:40.989060+00:00,fanduel,NBA,nba_stub_002,2026-10-03T19:23:40.652156+00:00,Golden State Warriors,Phoenix Suns,spread,home,-108,-4.0
2026-10-02T16:23:40.989060+00:00,fanduel,NBA,nba_stub_002,2026-10-03T19:23:40.652156+00:00,Golden State Warriors,Phoenix Suns,spread,away,-112,4.0
2026-10-02T16:23:40.989060+00:00,fanduel,NBA,nba_stub_002,2026-10-03T19:23:40.652156+00:00,Golden State Warriors,Phoenix Suns,total,over,-105,232.0
2026-10-02T16:23:40.989060+00:00,fanduel,NBA,nba_stub_002,2026-10-03T19:23:40.652156+00:00,Golden State Warriors,Phoenix Suns,total,under,-115,232.0
2026-10-02T16:23:40.989060+00:00,fanduel,NHL,nhl_stub_001,2026-10-03T16:23:40.869454+00:00,Toronto Maple Leafs,Montreal Canadiens,moneyline,home,-155,
2026-10-02T16:23:40.989060+00:00,fanduel,NHL,nhl_stub_001,2026-10-03T16:23:40.869454+00:00,Toronto Maple Leafs,Montreal Canadiens,moneyline,away,135,
2026-10-02T16:23:40.989060+00:00,fanduel,NHL,nhl_stub_001,2026-10-03T16:23:40.869454+00:00,Toronto Maple Leafs,Montreal Canadiens,spread,home,-115,-1.5
2026-10-02T16:23:40.989060+00:00,fanduel,NHL,nhl_stub_001,2026-10-03T16:23:40.869454+00:00,Toronto Maple Leafs,Montreal Canadiens,spread,away,-105,1.5
2026-10-02T16:23:40.989060+00:00,fanduel,NHL,nhl_stub_001,2026-10-03T16:23:40.869454+00:00,Toronto Maple Leafs,Montreal Canadiens,total,over,-110,6.5
2026-10-02T16:23:40.989060+00:00,fanduel,NHL,nhl_stub_001,2026-10-03T16:23:40.869454+00:00,Toronto Maple Leafs,Montreal Canadiens,total,under,-110,6.5
2026-10-02T16:23:40.989060+00:00,fanduel,NHL,nhl_stub_002,2026-10-03T19:23:40.869454+00:00,Vegas Golden Knights,Colorado Avalanche,moneyline,home,-130,
2026-10-02T16:23:40.989060+00:00,fanduel,NHL,nhl_stub_002,2026-10-03T19:23:40.869454+00:00,Vegas Golden Knights,Colorado Avalanche,moneyline,away,110,
2026-10-02T16:23:40.989060+00:00,fanduel,NHL,nhl_stub_002,2026-10-03T19:23:40.869454+00:00,Vegas Golden Knights,Colorado Avalanche,spread,home,105,-1.5
2026-10-02T16:23:40.989060+00:00,fanduel,NHL,nhl_stub_002,2026-10-03T19:23:40.869454+00:00,Vegas Golden Knights,Colorado Avalanche,spread,away,-125,1.5
2026-10-02T16:23:40.989060+00:00,fanduel,NHL,nhl_stub_002,2026-10-03T19:23:40.869454+00:00,Vegas Golden Knights,Colorado Avalanche,total,over,-105,5.5
2026-10-02T16:23:40.989060+00:00,fanduel,NHL,nhl_stub_002,2026-10-03T19:23:40.869454+00:00,Vegas Golden Knights,Colorado Avalanche,total,under,-115,5.5
2026-10-02T16:23:40.989060+00:00,fanduel,MMA,mma_stub_001,2026-10-09T16:23:40.987848+00:00,Jon Jones,Stipe Miocic,moneyline,home,-250,
2026-10-02T16:23:40.989060+00:00,fanduel,MMA,mma_stub_001,2026-10-09T16:23:40.987848+00:00,Jon Jones,Stipe Miocic,moneyline,away,210,
2026-10-02T16:23:40.989060+00:00,fanduel,MMA,mma_stub_002,2026-10-09T18:23:40.987848+00:00,Islam Makhachev,Charles Oliveira,moneyline,home,-180,
2026-10-02T16:23:40.989060+00:00,fanduel,MMA,mma_stub_002,2026-10-09T18:23:40.987848+00:00,Islam Makhachev,Charles Oliveira,moneyline,away,155,
2026-10-02T21:13:24.333743+00:00,fanduel,NFL,nfl_stub_001,2026-10-04T21:13:23.918566+00:00,Kansas City Chiefs,Buffalo Bills,moneyline,home,-150,
2026-10-02T21:13:24.333743+00:00,fanduel,NFL,nfl_stub_001,2026-10-04T21:13:23.918566+00:00,Kansas City Chiefs,Buffalo Bills,moneyline,away,130,
2026-10-02T21:13:24.333743+00:00,fanduel,NFL,nfl_stub_001,2026-10-04T21:13:23.918566+00:00,Kansas City Chiefs,Buffalo Bills,spread,home,-110,-3.0
2026-10-02T21:13:24.333743+00:00,fanduel,NFL,nfl_stub_001,2026-10-04T21:13:23.918566+00:00,Kansas City Chiefs,Buffalo Bills,spread,away,-110,3.0
2026-10-02T21:13:24.333743+00:00,fanduel,NFL,nfl_stub_001,2026-10-04T21:13:23.918566+00:00,Kansas City Chiefs,Buffalo Bills,total,over,-110,47.5
2026-10-02T21:13:24.333743+00:00,fanduel,NFL,nfl_stub_001,2026-10-04T21:13:23.918566+00:00,Kansas City Chiefs,Buffalo Bills,total,under,-110,47.5
2026-10-02T21:13:24.333743+00:00,fanduel,NFL,nfl_stub_002,2026-10-05T21:13:23.918566+00:00,San Francisco 49ers,Dallas Cowboys,moneyline,home,-180,
2026-10-02T21:13:24.333743+00:00,fanduel,NFL,nfl_stub_002,2026-10-05T21:13:23.918566+00:00,San Francisco 49ers,Dallas Cowboys,moneyline,away,155,
2026-10-02T21:13:24.333743+00:00,fanduel,NFL,nfl_stub_002,2026-10-05T21:13:23.918566+00:00,San Francisco 49ers,Dallas Cowboys,spread,home,-105,-4.0
2026-10-02T21:13:24.333743+00:00,fanduel,NFL,nfl_stub_002,2026-10-05T21:13:23.918566+00:00,San Francisco 49ers,Dallas Cowboys,spread,away,-115,4.0
2026-10-02T21:13:24.333743+00:00,fanduel,NFL,nfl_stub_002,2026-10-05T21:13:23.918566+00:00,San Francisco 49ers,Dallas Cowboys,total,over,-108,49.0
2026-10-02T21:13:24.333743+00:00,fanduel,NFL,nfl_stub_002,2026-10-05T21:13:23.918566+00:00,San Francisco 49ers,Dallas Cowboys,total,under,-112,49.0
2026-10-02T21:13:24.333743+00:00,fanduel,NBA,nba_stub_001,2026-10-03T21:13:23.996088+00:00,Los Angeles Lakers,Boston Celtics,moneyline,home,120,
2026-10-02T21:13:24.333743+00:00,fanduel,NBA,nba_stub_001,2026-10-03T21:13:23.996088+00:00,Los Angeles Lakers,Boston Celtics,moneyline,away,-140,
2026-10-02T21:13:24.333743+00:00,fanduel,NBA,nba_stub_001,2026-10-03T21:13:23.996088+00:00,Los Angeles Lakers,Boston Celtics,spread,home,-110,2.5
2026-10-02T21:13:24.333743+00:00,fanduel,NBA,nba_stub_001,2026-10-03T21:13:23.996088+00:00,Los Angeles Lakers,Boston Celtics,spread,away,-110,-2.5
2026-10-02T21:13:24.333743+00:00,fanduel,NBA,nba_stub_001,2026-10-03T21:13:23.996088+00:00,Los Angeles Lakers,Boston Celtics,total,over,-110,225.5
2026-10-02T21:13:24.333743+00:00,fanduel,NBA,nba_stub_001,2026-10-03T21:13:23.996088+00:00,Los Angeles Lakers,Boston Celtics,total,under,-110,225.5
2026-10-02T21:13:24.333743+00:00,fanduel,NBA,nba_stub_002,2026-10-04T00:13:23.996088+00:00,Golden State Warriors,Phoenix Suns,moneyline,home,-165,
2026-10-02T21:13:24.333743+00:00,fanduel,NBA,nba_stub_002,2026-10-04T00:13:23.996088+00:00,Golden State Warriors,Phoenix Suns,moneyline,away,145,
2026-10-02T21:13:24.333743+00:00,fanduel,NBA,nba_stub_002,2026-10-04T00:13:23.996088+00:00,Golden State Warriors,Phoenix Suns,spread,home,-108,-4.0
2026-10-02T21:13:24.333743+00:00,fanduel,NBA,nba_stub_002,2026-10-04T00:13:23.996088+00:00,Golden State Warriors,Phoenix Suns,spread,away,-112,4.0
2026-10-02T21:13:24.333743+00:00,fanduel,NBA,nba_stub_002,2026-10-04T00:13:23.996088+00:00,Golden State Warriors,Phoenix Suns,total,over,-105,232.0
2026-10-02T21:13:24.333743+00:00,fanduel,NBA,nba_stub_002,2026-10-04T00:13:23.996088+00:00,Golden State Warriors,Phoenix Suns,total,under,-115,232.0
2026-10-02T21:13:24.333743+00:00,fanduel,NBA,nba_stub_001,2026-10-03T21:13:24.210829+00:00,Los Angeles Lakers,Boston Celtics,moneyline,home,120,
2026-10-02T21:13:24.333743+00:00,fanduel,NBA,nba_stub_001,2026-10-03T21:13:24.210829+00:00,Los Angeles Lakers,Boston Celtics,moneyline,away,-140,
2026-10-02T21:13:24.333743+00:00,fanduel,NBA,nba_stub_001,2026-10-03T21:13:24.210829+00:00,Los Angeles Lakers,Boston Celtics,spread,home,-110,2.5
2026-10-02T21:13:24.333743+00:00,fanduel,NBA,nba_stub_001,2026-10-03T21:13:24.210829+00:00,Los Angeles Lakers,Boston Celtics,spread,away,-110,-2.5
2026-10-02T21:13:24.333743+00:00,fanduel,NBA,nba_stub_001,2026-10-03T21:13:24.210829+00:00,Los Angeles Lakers,Boston Celtics,total,over,-110,225.5
2026-10-02T21:13:24.333743+00:00,fanduel,NBA,nba_stub_001,2026-10-03T21:13:24.210829+00:00,Los Angeles Lakers,Boston Celtics,total,under,-110,225.5
2026-10-02T21:13:24.333743+00:00,fanduel,NBA,nba_stub_002,2026-10-04T00:13:24.210829+00:00,Golden State Warriors,Phoenix Suns,moneyline,home,-165,
2026-10-02T21:13:24.333743+00:00,fanduel,NBA,nba_stub_002,2026-10-04T00:13:24.210829+00:00,Golden State Warriors,Phoenix Suns,moneyline,away,145,
2026-10-02T21:13:24.333743+00:00,fanduel,NBA,nba_stub_002,2026-10-04T00:13:24.210829+00:00,Golden State Warriors,Phoenix Suns,spread,home,-108,-4.0
2026-10-02T21:13:24.333743+00:00,fanduel,NBA,nba_stub_002,2026-10-04T00:13:24.210829+00:00,Golden State Warriors,Phoenix Suns,spread,away,-112,4.0
2026-10-02T21:13:24.333743+00:00,fanduel,NBA,nba_stub_002,2026-10-04T00:13:24.210829+00:00,Golden State Warriors,Phoenix Suns,total,over,-105,232.0
2026-10-02T21:13:24.333743+00:00,fanduel,NBA,nba_stub_002,2026-10-04T00:13:24.210829+00:00,Golden State Warriors,Phoenix Suns,total,under,-115,232.0
2026-10-02T21:13:24.333743+00:00,fanduel,NHL,nhl_stub_001,2026-10-03T21:13:24.280783+00:00,Toronto Maple Leafs,Montreal Canadiens,moneyline,home,-155,
2026-10-02T21:13:24.333743+00:00,fanduel,NHL,nhl_stub_001,2026-10-03T21:13:24.280783+00:00,Toronto Maple Leafs,Montreal Canadiens,moneyline,away,135,
2026-10-02T21:13:24.333743+00:00,fanduel,NHL,nhl_stub_001,2026-10-03T21:13:24.280783+00:00,Toronto Maple Leafs,Montreal Canadiens,spread,home,-115,-1.5
2026-10-02T21:13:24.333743+00:00,fanduel,NHL,nhl_stub_001,2026-10-03T21:13:24.280783+00:00,Toronto Maple Leafs,Montreal Canadiens,spread,away,-105,1.5
2026-10-02T21:13:24.333743+00:00,fanduel,NHL,nhl_stub_001,2026-10-03T21:13:24.280783+00:00,Toronto Maple Leafs,Montreal Canadiens,total,over,-110,6.5
2026-10-02T21:13:24.333743+00:00,fanduel,NHL,nhl_stub_001,2026-10-03T21:13:24.280783+00:00,Toronto Maple Leafs,Montreal Canadiens,total,under,-110,6.5
2026-10-02T21:13:24.333743+00:00,fanduel,NHL,nhl_stub_002,2026-10-04T00:13:24.280783+00:00,Vegas Golden Knights,Colorado Avalanche,moneyline,home,-130,
2026-10-02T21:13:24.333743+00:00,fanduel,NHL,nhl_stub_002,2026-10-04T00:13:24.280783+00:00,Vegas Golden Knights,Colorado Avalanche,moneyline,away,110,
2026-10-02T21:13:24.333743+00:00,fanduel,NHL,nhl_stub_002,2026-10-04T00:13:24.280783+00:00,Vegas Golden Knights,Colorado Avalanche,spread,home,105,-1.5
2026-10-02T21:13:24.333743+00:00,fanduel,NHL,nhl_stub_002,2026-10-04T00:13:24.280783+00:00,Vegas Golden Knights,Colorado Avalanche,spread,away,-125,1.5
2026-10-02T21:13:24.333743+00:00,fanduel,NHL,nhl_stub_002,2026-10-04T00:13:24.280783+00:00,Vegas Golden Knights,Colorado Avalanche,total,over,-105,5.5
2026-10-02T21:13:24.333743+00:00,fanduel,NHL,nhl_stub_002,2026-10-04T00:13:24.280783+00:00,Vegas Golden Knights,Colorado Avalanche,total,under,-115,5.5
2026-10-02T21:13:24.333743+00:00,fanduel,MMA,mma_stub_001,2026-10-09T21:13:24.332456+00:00,Jon Jones,Stipe Miocic,moneyline,home,-250,
2026-10-02T21:13:24.333743+00:00,fanduel,MMA,mma_stub_001,2026-10-09T21:13:24.332456+00:00,Jon Jones,Stipe Miocic,moneyline,away,210,
2026-10-02T21:13:24.333743+00:00,fanduel,MMA,mma_stub_002,2026-10-09T23:13:24.332456+00:00,Islam Makhachev,Charles Oliveira,moneyline,home,-180,
2026-10-02T21:13:24.333743+00:00,fanduel,MMA,mma_stub_002,2026-10-09T23:13:24.332456+00:00,Islam Makhachev,Charles Oliveira,moneyline,away,155,
2026-10-03T00:39:15.528175+00:00,fanduel,NFL,nfl_stub_001,2026-10-05T00:39:14.964871+00:00,Kansas City Chiefs,Buffalo Bills,moneyline,home,-150,
2026-10-03T00:39:15.528175+00:00,fanduel,NFL,nfl_stub_001,2026-10-05T00:39:14.964871+00:00,Kansas City Chiefs,Buffalo Bills,moneyline,away,130,
2026-10-03T00:39:15.528175+00:00,fanduel,NFL,nfl_stub_001,2026-10-05T00:39:14.964871+00:00,Kansas City Chiefs,Buffalo Bills,spread,home,-110,-3.0
2026-10-03T00:39:15.528175+00:00,fanduel,NFL,nfl_stub_001,2026-10-05T00:39:14.964871+00:00,Kansas City Chiefs,Buffalo Bills,spread,away,-110,3.0
2026-10-03T00:39:15.528175+00:00,fanduel,NFL,nfl_stub_001,2026-10-05T00:39:14.964871+00:00,Kansas City Chiefs,Buffalo Bills,total,over,-110,47.5
2026-10-03T00:39:15.528175+00:00,fanduel,NFL,nfl_stub_001,2026-10-05T00:39:14.964871+00:00,Kansas City Chiefs,Buffalo Bills,total,under,-110,47.5
2026-10-03T00:39:15.528175+00:00,fanduel,NFL,nfl_stub_002,2026-10-06T00:39:14.964871+00:00,San Francisco 49ers,Dallas Cowboys,moneyline,home,-180,
2026-10-03T00:39:15.528175+00:00,fanduel,NFL,nfl_stub_002,2026-10-06T00:39:14.964871+00:00,San Francisco 49ers,Dallas Cowboys,moneyline,away,155,
2026-10-03T00:39:15.528175+00:00,fanduel,NFL,nfl_stub_002,2026-10-06T00:39:14.964871+00:00,San Francisco 49ers,Dallas Cowboys,spread,home,-105,-4.0
2026-10-03T00:39:15.528175+00:00,fanduel,NFL,nfl_stub_002,2026-10-06T00:39:14.964871+00:00,San Francisco 49ers,Dallas Cowboys,spread,away,-115,4.0
2026-10-03T00:39:15.528175+00:00,fanduel,NFL,nfl_stub_002,2026-10-06T00:39:14.964871+00:00,San Francisco 49ers,Dallas Cowboys,total,over,-108,49.0
2026-10-03T00:39:15.528175+00:00,fanduel,NFL,nfl_stub_002,2026-10-06T00:39:14.964871+00:00,San Francisco 49ers,Dallas Cowboys,total,under,-112,49.0
2026-10-03T00:39:15.528175+00:00,fanduel,NBA,nba_stub_001,2026-10-04T00:39:15.061626+00:00,Los Angeles Lakers,Boston Celtics,moneyline,home,120,
2026-10-03T00:39:15.528175+00:00,fanduel,NBA,nba_stub_001,2026-10-04T00:39:15.061626+00:00,Los Angeles Lakers,Boston Celtics,moneyline,away,-140,
2026-10-03T00:39:15.528175+00:00,fanduel,NBA,nba_stub_001,2026-10-04T00:39:15.061626+00:00,Los Angeles Lakers,Boston Celtics,spread,home,-110,2.5
2026-10-03T00:39:15.528175+00:00,fanduel,NBA,nba_stub_001,2026-10-04T00:39:15.061626+00:00,Los Angeles Lakers,Boston Celtics,spread,away,-110,-2.5
2026-10-03T00:39:15.528175+00:00,fanduel,NBA,nba_stub_001,2026-10-04T00:39:15.061626+00:00,Los Angeles Lakers,Boston Celtics,total,over,-110,225.5
2026-10-03T00:39:15.528175+00:00,fanduel,NBA,nba_stub_001,2026-10-04T00:39:15.061626+00:00,Los Angeles Lakers,Boston Celtics,total,under,-110,225.5
2026-10-03T00:39:15.528175+00:00,fanduel,NBA,nba_stub_002,2026-10-04T03:39:15.061626+00:00,Golden State Warriors,Phoenix Suns,moneyline,home,-165,
2026-10-03T00:39:15.528175+00:00,fanduel,NBA,nba_stub_002,2026-10-04T03:39:15.061626+00:00,Golden State Warriors,Phoenix Suns,moneyline,away,145,
2026-10-03T00:39:15.528175+00:00,fanduel,NBA,nba_stub_002,2026-10-04T03:39:15.061626+00:00,Golden State Warriors,Phoenix Suns,spread,home,-108,-4.0
2026-10-03T00:39:15.528175+00:00,fanduel,NBA,nba_stub_002,2026-10-04T03:39:15.061626+00:00,Golden State Warriors,Phoenix Suns,spread,away,-112,4.0
2026-10-03T00:39:15.528175+00:00,fanduel,NBA,nba_stub_002,2026-10-04T03:39:15.061626+00:00,Golden State Warriors,Phoenix Suns,total,over,-105,232.0
2026-10-03T00:39:15.528175+00:00,fanduel,NBA,nba_stub_002,2026-10-04T03:39:15.061626+00:00,Golden State Warriors,Phoenix Suns,total,under,-115,232.0
2026-10-03T00:39:15.528175+00:00,fanduel,NBA,nba_stub_001,2026-10-04T00:39:15.254294+00:00,Los Angeles Lakers,Boston Celtics,moneyline,home,120,
2026-10-03T00:39:15.528175+00:00,fanduel,NBA,nba_stub_001,2026-10-04T00:39:15.254294+00:00,Los Angeles Lakers,Boston Celtics,moneyline,away,-140,
2026-10-03T00:39:15.528175+00:00,fanduel,NBA,nba_stub_001,2026-10-04T00:39:15.254294+00:00,Los Angeles Lakers,Boston Celtics,spread,home,-110,2.5
2026-10-03T00:39:15.528175+00:00,fanduel,NBA,nba_stub_001,2026-10-04T00:39:15.254294+00:00,Los Angeles Lakers,Boston Celtics,spread,away,-110,-2.5
2026-10-03T00:39:15.528175+00:00,fanduel,NBA,nba_stub_001,2026-10-04T00:39:15.254294+00:00,Los Angeles Lakers,Boston Celtics,total,over,-110,225.5
2026-10-03T00:39:15.528175+00:00,fanduel,NBA,nba_stub_001,2026-10-04T00:39:15.254294+00:00,Los Angeles Lakers,Boston Celtics,total,under,-110,225.5
2026-10-03T00:39:15.528175+00:00,fanduel,NBA,nba_stub_002,2026-10-04T03:39:15.254294+00:00,Golden State Warriors,Phoenix Suns,moneyline,home,-165,
2026-10-03T00:39:15.528175+00:00,fanduel,NBA,nba_stub_002,2026-10-04T03:39:15.254294+00:00,Golden State Warriors,Phoenix Suns,moneyline,away,145,
2026-10-03T00:39:15.528175+00:00,fanduel,NBA,nba_stub_002,2026-10-04T03:39:15.254294+00:00,Golden State Warriors,Phoenix Suns,spread,home,-108,-4.0
2026-10-03T00:39:15.528175+00:00,fanduel,NBA,nba_stub_002,2026-10-04T03:39:15.254294+00:00,Golden State Warriors,Phoenix Suns,spread,away,-112,4.0
2026-10-03T00:39:15.528175+00:00,fanduel,NBA,nba_stub_002,2026-10-04T03:39:15.254294+00:00,Golden State Warriors,Phoenix Suns,total,over,-105,232.0
2026-10-03T00:39:15.528175+00:00,fanduel,NBA,nba_stub_002,2026-10-04T03:39:15.254294+00:00,Golden State Warriors,Phoenix Suns,total,under,-115,232.0
2026-10-03T00:39:15.528175+00:00,fanduel,NHL,nhl_stub_001,2026-10-04T00:39:15.366957+00:00,Toronto Maple Leafs,Montreal Canadiens,moneyline,home,-155,
2026-10-03T00:39:15.528175+00:00,fanduel,NHL,nhl_stub_001,2026-10-04T00:39:15.366957+00:00,Toronto Maple Leafs,Montreal Canadiens,moneyline,away,135,
2026-10-03T00:39:15.528175+00:00,fanduel,NHL,nhl_stub_001,2026-10-04T00:39:15.366957+00:00,Toronto Maple Leafs,Montreal Canadiens,spread,home,-115,-1.5
2026-10-03T00:39:15.528175+00:00,fanduel,NHL,nhl_stub_001,2026-10-04T00:39:15.366957+00:00,Toronto Maple Leafs,Montreal Canadiens,spread,away,-105,1.5
2026-10-03T00:39:15.528175+00:00,fanduel,NHL,nhl_stub_001,2026-10-04T00:39:15.366957+00:00,Toronto Maple Leafs,Montreal Canadiens,total,over,-110,6.5
2026-10-03T00:39:15.528175+00:00,fanduel,NHL,nhl_stub_001,2026-10-04T00:39:15.366957+00:00,Toronto Maple Leafs,Montreal Canadiens,total,under,-110,6.5
2026-10-03T00:39:15.528175+00:00,fanduel,NHL,nhl_stub_002,2026-10-04T03:39:15.366957+00:00,Vegas Golden Knights,Colorado Avalanche,moneyline,home,-130,
2026-10-03T00:39:15.528175+00:00,fanduel,NHL,nhl_stub_002,2026-10-04T03:39:15.366957+00:00,Vegas Golden Knights,Colorado Avalanche,moneyline,away,110,
2026-10-03T00:39:15.528175+00:00,fanduel,NHL,nhl_stub_002,2026-10-04T03:39:15.366957+00:00,Vegas Golden Knights,Colorado Avalanche,spread,home,105,-1.5
2026-10-03T00:39:15.528175+00:00,fanduel,NHL,nhl_stub_002,2026-10-04T03:39:15.366957+00:00,Vegas Golden Knights,Colorado Avalanche,spread,away,-125,1.5
2026-10-03T00:39:15.528175+00:00,fanduel,NHL,nhl_stub_002,2026-10-04T03:39:15.366957+00:00,Vegas Golden Knights,Colorado Avalanche,total,over,-105,5.5
2026-10-03T00:39:15.528175+00:00,fanduel,NHL,nhl_stub_002,2026-10-04T03:39:15.366957+00:00,Vegas Golden Knights,Colorado Avalanche,total,under,-115,5.5
2026-10-03T00:39:15.528175+00:00,fanduel,MMA,mma_stub_001,2026-10-10T00:39:15.526867+00:00,Jon Jones,Stipe Miocic,moneyline,home,-250,
2026-10-03T00:39:15.528175+00:00,fanduel,MMA,mma_stub_001,2026-10-10T00:39:15.526867+00:00,Jon Jones,Stipe Miocic,moneyline,away,210,
2026-10-03T00:39:15.528175+00:00,fanduel,MMA,mma_stub_002,2026-10-10T02:39:15.526867+00:00,Islam Makhachev,Charles Oliveira,moneyline,home,-180,
2026-10-03T00:39:15.528175+00:00,fanduel,MMA,mma_stub_002,2026-10-10T02:39:15.526867+00:00,Islam Makhachev,Charles Oliveira,moneyline,away,155,
2026-10-03T03:45:45.055378+00:00,fanduel,NFL,nfl_stub_001,2026-10-05T03:45:44.388831+00:00,Kansas City Chiefs,Buffalo Bills,moneyline,home,-150,
2026-10-03T03:45:45.055378+00:00,fanduel,NFL,nfl_stub_001,2026-10-05T03:45:44.388831+00:00,Kansas City Chiefs,Buffalo Bills,moneyline,away,130,
2026-10-03T03:45:45.055378+00:00,fanduel,NFL,nfl_stub_001,2026-10-05T03:45:44.388831+00:00,Kansas City Chiefs,Buffalo Bills,spread,home,-110,-3.0
2026-10-03T03:45:45.055378+00:00,fanduel,NFL,nfl_stub_001,2026-10-05T03:45:44.388831+00:00,Kansas City Chiefs,Buffalo Bills,spread,away,-110,3.0
2026-10-03T03:45:45.055378+00:00,fanduel,NFL,nfl_stub_001,2026-10-05T03:45:44.388831+00:00,Kansas City Chiefs,Buffalo Bills,total,over,-110,47.5
2026-10-03T03:45:45.055378+00:00,fanduel,NFL,nfl_stub_001,2026-10-05T03:45:44.388831+00:00,Kansas City Chiefs,Buffalo Bills,total,under,-110,47.5
2026-10-03T03:45:45.055378+00:00,fanduel,NFL,nfl_stub_002,2026-10-06T03:45:44.388831+00:00,San Francisco 49ers,Dallas Cowboys,moneyline,home,-180,
2026-10-03T03:45:45.055378+00:00,fanduel,NFL,nfl_stub_002,2026-10-06T03:45:44.388831+00:00,San Francisco 49ers,Dallas Cowboys,moneyline,away,155,
2026-10-03T03:45:45.055378+00:00,fanduel,NFL,nfl_stub_002,2026-10-06T03:45:44.388831+00:00,San Francisco 49ers,Dallas Cowboys,spread,home,-105,-4.0
2026-10-03T03:45:45.055378+00:00,fanduel,NFL,nfl_stub_002,2026-10-06T03:45:44.388831+00:00,San Francisco 49ers,Dallas Cowboys,spread,away,-115,4.0
2026-10-03T03:45:45.055378+00:00,fanduel,NFL,nfl_stub_002,2026-10-06T03:45:44.388831+00:00,San Francisco 49ers,Dallas Cowboys,total,over,-108,49.0
2026-10-03T03:45:45.055378+00:00,fanduel,NFL,nfl_stub_002,2026-10-06T03:45:44.388831+00:00,San Francisco 49ers,Dallas Cowboys,total,under,-112,49.0
2026-10-03T03:45:45.055378+00:00,fanduel,NBA,nba_stub_001,2026-10-04T03:45:44.462581+00:00,Los Angeles Lakers,Boston Celtics,moneyline,home,120,
2026-10-03T03:45:45.055378+00:00,fanduel,NBA,nba_stub_001,2026-10-04T03:45:44.462581+00:00,Los Angeles Lakers,Boston Celtics,moneyline,away,-140,
2026-10-03T03:45:45.055378+00:00,fanduel,NBA,nba_stub_001,2026-10-04T03:45:44.462581+00:00,Los Angeles Lakers,Boston Celtics,spread,home,-110,2.5
2026-10-03T03:45:45.055378+00:00,fanduel,NBA,nba_stub_001,2026-10-04T03:45:44.462581+00:00,Los Angeles Lakers,Boston Celtics,spread,away,-110,-2.5
2026-10-03T03:45:45.055378+00:00,fanduel,NBA,nba_stub_001,2026-10-04T03:45:44.462581+00:00,Los Angeles Lakers,Boston Celtics,total,over,-110,225.5
2026-10-03T03:45:45.055378+00:00,fanduel,NBA,nba_stub_001,2026-10-04T03:45:44.462581+00:00,Los Angeles Lakers,Boston Celtics,total,under,-110,225.5
2026-10-03T03:45:45.055378+00:00,fanduel,NBA,nba_stub_002,2026-10-04T06:45:44.462581+00:00,Golden State Warriors,Phoenix Suns,moneyline,home,-165,
2026-10-03T03:45:45.055378+00:00,fanduel,NBA,nba_stub_002,2026-10-04T06:45:44.462581+00:00,Golden State Warriors,Phoenix Suns,moneyline,away,145,
2026-10-03T03:45:45.055378+00:00,fanduel,NBA,nba_stub_002,2026-10-04T06:45:44.462581+00:00,Golden State Warriors,Phoenix Suns,spread,home,-108,-4.0
2026-10-03T03:45:45.055378+00:00,fanduel,NBA,nba_stub_002,2026-10-04T06:45:44.462581+00:00,Golden State Warriors,Phoenix Suns,spread,away,-112,4.0
2026-10-03T03:45:45.055378+00:00,fanduel,NBA,nba_stub_002,2026-10-04T06:45:44.462581+00:00,Golden State Warriors,Phoenix Suns,total,over,-105,232.0
2026-10-03T03:45:45.055378+00:00,fanduel,NBA,nba_stub_002,2026-10-04T06:45:44.462581+00:00,Golden State Warriors,Phoenix Suns,total,under,-115,232.0
2026-10-03T03:45:45.055378+00:00,fanduel,NBA,nba_stub_001,2026-10-04T03:45:44.808519+00:00,Los Angeles Lakers,Boston Celtics,moneyline,home,120,
2026-10-03T03:45:45.055378+00:00,fanduel,NBA,nba_stub_001,2026-10-04T03:45:44.808519+00:00,Los Angeles Lakers,Boston Celtics,moneyline,away,-140,
2026-10-03T03:45:45.055378+00:00,fanduel,NBA,nba_stub_001,2026-10-04T03:45:44.808519+00:00,Los Angeles Lakers,Boston Celtics,spread,home,-110,2.5
2026-10-03T03:45:45.055378+00:00,fanduel,NBA,nba_stub_001,2026-10-04T03:45:44.808519+00:00,Los Angeles Lakers,Boston Celtics,spread,away,-110,-2.5
2026-10-03T03:45:45.055378+00:00,fanduel,NBA,nba_stub_001,2026-10-04T03:45:44.808519+00:00,Los Angeles Lakers,Boston Celtics,total,over,-110,225.5
2026-10-03T03:45:45.055378+00:00,fanduel,NBA,nba_stub_001,2026-10-04T03:45:44.808519+00:00,Los Angeles Lakers,Boston Celtics,total,under,-110,225.5
2026-10-03T03:45:45.055378+00:00,fanduel,NBA,nba_stub_002,2026-10-04T06:45:44.808519+00:00,Golden State Warriors,Phoenix Suns,moneyline,home,-165,
2026-10-03T03:45:45.055378+00:00,fanduel,NBA,nba_stub_002,2026-10-04T06:45:44.808519+00:00,Golden State Warriors,Phoenix Suns,moneyline,away,145,
2026-10-03T03:45:45.055378+00:00,fanduel,NBA,nba_stub_002,2026-10-04T06:45:44.808519+00:00,Golden State Warriors,Phoenix Suns,spread,home,-108,-4.0
2026-10-03T03:45:45.055378+00:00,fanduel,NBA,nba_stub_002,2026-10-04T06:45:44.808519+00:00,Golden State Warriors,Phoenix Suns,spread,away,-112,4.0
2026-10-03T03:45:45.055378+00:00,fanduel,NBA,nba_stub_002,2026-10-04T06:45:44.808519+00:00,Golden State Warriors,Phoenix Suns,total,over,-105,232.0
2026-10-03T03:45:45.055378+00:00,fanduel,NBA,nba_stub_002,2026-10-04T06:45:44.808519+00:00,Golden State Warriors,Phoenix Suns,total,under,-115,232.0
2026-10-03T03:45:45.055378+00:00,fanduel,NHL,nhl_stub_001,2026-10-04T03:45:44.967507+00:00,Toronto Maple Leafs,Montreal Canadiens,moneyline,home,-155,
2026-10-03T03:45:45.055378+00:00,fanduel,NHL,nhl_stub_001,2026-10-04T03:45:44.967507+00:00,Toronto Maple Leafs,Montreal Canadiens,moneyline,away,135,
2026-10-03T03:45:45.055378+00:00,fanduel,NHL,nhl_stub_001,2026-10-04T03:45:44.967507+00:00,Toronto Maple Leafs,Montreal Canadiens,spread,home,-115,-1.5
2026-10-03T03:45:45.055378+00:00,fanduel,NHL,nhl_stub_001,2026-10-04T03:45:44.967507+00:00,Toronto Maple Leafs,Montreal Canadiens,spread,away,-105,1.5
2026-10-03T03:45:45.055378+00:00,fanduel,NHL,nhl_stub_001,2026-10-04T03:45:44.967507+00:00,Toronto Maple Leafs,Montreal Canadiens,total,over,-110,6.5
2026-10-03T03:45:45.055378+00:00,fanduel,NHL,nhl_stub_001,2026-10-04T03:45:44.967507+00:00,Toronto Maple Leafs,Montreal Canadiens,total,under,-110,6.5
2026-10-03T03:45:45.055378+00:00,fanduel,NHL,nhl_stub_002,2026-10-04T06:45:44.967507+00:00,Vegas Golden Knights,Colorado Avalanche,moneyline,home,-130,
2026-10-03T03:45:45.055378+00:00,fanduel,NHL,nhl_stub_002,2026-10-04T06:45:44.967507+00:00,Vegas Golden Knights,Colorado Avalanche,moneyline,away,110,
2026-10-03T03:45:45.055378+00:00,fanduel,NHL,nhl_stub_002,2026-10-04T06:45:44.967507+00:00,Vegas Golden Knights,Colorado Avalanche,spread,home,105,-1.5
2026-10-03T03:45:45.055378+00:00,fanduel,NHL,nhl_stub_002,2026-10-04T06:45:44.967507+00:00,Vegas Golden Knights,Colorado Avalanche,spread,away,-125,1.5
2026-10-03T03:45:45.055378+00:00,fanduel,NHL,nhl_stub_002,2026-10-04T06:45:44.967507+00:00,Vegas Golden Knights,Colorado Avalanche,total,over,-105,5.5
2026-10-03T03:45:45.055378+00:00,fanduel,NHL,nhl_stub_002,2026-10-04T06:45:44.967507+00:00,Vegas Golden Knights,Colorado Avalanche,total,under,-115,5.5
2026-10-03T03:45:45.055378+00:00,fanduel,MMA,mma_stub_001,2026-10-10T03:45:45.054368+00:00,Jon Jones,Stipe Miocic,moneyline,home,-250,
2026-10-03T03:45:45.055378+00:00,fanduel,MMA,mma_stub_001,2026-10-10T03:45:45.054368+00:00,Jon Jones,Stipe Miocic,moneyline,away,210,
2026-10-03T03:45:45.055378+00:00,fanduel,MMA,mma_stub_002,2026-10-10T05:45:45.054368+00:00,Islam Makhachev,Charles Oliveira,moneyline,home,-180,
2026-10-03T03:45:45.055378+00:00,fanduel,MMA,mma_stub_002,2026-10-10T05:45:45.054368+00:00,Islam Makhachev,Charles Oliveira,moneyline,away,155,
2026-10-03T09:39:28.418087+00:00,fanduel,NFL,nfl_stub_001,2026-10-05T09:39:27.899219+00:00,Kansas City Chiefs,Buffalo Bills,moneyline,home,-150,
2026-10-03T09:39:28.418087+00:00,fanduel,NFL,nfl_stub_001,2026-10-05T09:39:27.899219+00:00,Kansas City Chiefs,Buffalo Bills,moneyline,away,130,
2026-10-03T09:39:28.418087+00:00,fanduel,NFL,nfl_stub_001,2026-10-05T09:39:27.899219+00:00,Kansas City Chiefs,Buffalo Bills,spread,home,-110,-3.0
2026-10-03T09:39:28.418087+00:00,fanduel,NFL,nfl_stub_001,2026-10-05T09:39:27.899219+00:00,Kansas City Chiefs,Buffalo Bills,spread,away,-110,3.0
2026-10-03T09:39:28.418087+00:00,fanduel,NFL,nfl_stub_001,2026-10-05T09:39:27.899219+00:00,Kansas City Chiefs,Buffalo Bills,total,over,-110,47.5
2026-10-03T09:39:28.418087+00:00,fanduel,NFL,nfl_stub_001,2026-10-05T09:39:27.899219+00:00,Kansas City Chiefs,Buffalo Bills,total,under,-110,47.5
2026-10-03T09:39:28.418087+00:00,fanduel,NFL,nfl_stub_002,2026-10-06T09:39:27.899219+00:00,San Francisco 49ers,Dallas Cowboys,moneyline,home,-180,
2026-10-03T09:39:28.418087+00:00,fanduel,NFL,nfl_stub_002,2026-10-06T09:39:27.899219+00:00,San Francisco 49ers,Dallas Cowboys,moneyline,away,155,
2026-10-03T09:39:28.418087+00:00,fanduel,NFL,nfl_stub_002,2026-10-06T09:39:27.899219+00:00,San Francisco 49ers,Dallas Cowboys,spread,home,-105,-4.0
2026-10-03T09:39:28.418087+00:00,fanduel,NFL,nfl_stub_002,2026-10-06T09:39:27.899219+00:00,San Francisco 49ers,Dallas Cowboys,spread,away,-115,4.0
2026-10-03T09:39:28.418087+00:00,fanduel,NFL,nfl_stub_002,2026-10-06T09:39:27.899219+00:00,San Francisco 49ers,Dallas Cowboys,total,over,-108,49.0
2026-10-03T09:39:28.418087+00:00,fanduel,NFL,nfl_stub_002,2026-10-06T09:39:27.899219+00:00,San Francisco 49ers,Dallas Cowboys,total,under,-112,49.0
2026-10-03T09:39:28.418087+00:00,fanduel,NBA,nba_stub_001,2026-10-04T09:39:27.985707+00:00,Los Angeles Lakers,Boston Celtics,moneyline,home,120,
2026-10-03T09:39:28.418087+00:00,fanduel,NBA,nba_stub_001,2026-10-04T09:39:27.985707+00:00,Los Angeles Lakers,Boston Celtics,moneyline,away,-140,
2026-10-03T09:39:28.418087+00:00,fanduel,NBA,nba_stub_001,2026-10-04T09:39:27.985707+00:00,Los Angeles Lakers,Boston Celtics,spread,home,-110,2.5
2026-10-03T09:39:28.418087+00:00,fanduel,NBA,nba_stub_001,2026-10-04T09:39:27.985707+00:00,Los Angeles Lakers,Boston Celtics,spread,away,-110,-2.5
2026-10-03T09:39:28.418087+00:00,fanduel,NBA,nba_stub_001,2026-10-04T09:39:27.985707+00:00,Los Angeles Lakers,Boston Celtics,total,over,-110,225.5
2026-10-03T09:39:28.418087+00:00,fanduel,NBA,nba_stub_001,2026-10-04T09:39:27.985707+00:00,Los Angeles Lakers,Boston Celtics,total,under,-110,225.5
2026-10-03T09:39:28.418087+00:00,fanduel,NBA,nba_stub_002,2026-10-04T12:39:27.985707+00:00,Golden State Warriors,Phoenix Suns,moneyline,home,-165,
2026-10-03T09:39:28.418087+00:00,fanduel,NBA,nba_stub_002,2026-10-04T12:39:27.985707+00:00,Golden State Warriors,Phoenix Suns,moneyline,away,145,
2026-10-03T09:39:28.418087+00:00,fanduel,NBA,nba_stub_002,2026-10-04T12:39:27.985707+00:00,Golden State Warriors,Phoenix Suns,spread,home,-108,-4.0
2026-10-03T09:39:28.418087+00:00,fanduel,NBA,nba_stub_002,2026-10-04T12:39:27.985707+00:00,Golden State Warriors,Phoenix Suns,spread,away,-112,4.0
2026-10-03T09:39:28.418087+00:00,fanduel,NBA,nba_stub_002,2026-10-04T12:39:27.985707+00:00,Golden State Warriors,Phoenix Suns,total,over,-105,232.0
2026-10-03T09:39:28.418087+00:00,fanduel,NBA,nba_stub_002,2026-10-04T12:39:27.985707+00:00,Golden State Warriors,Phoenix Suns,total,under,-115,232.0
2026-10-03T09:39:28.418087+00:00,fanduel,NBA,nba_stub_001,2026-10-04T09:39:28.159473+00:00,Los Angeles Lakers,Boston Celtics,moneyline,home,120,
2026-10-03T09:39:28.418087+00:00,fanduel,NBA,nba_stub_001,2026-10-04T09:39:28.159473+00:00,Los Angeles Lakers,Boston Celtics,moneyline,away,-140,
2026-10-03T09:39:28.418087+00:00,fanduel,NBA,nba_stub_001,2026-10-04T09:39:28.159473+00:00,Los Angeles Lakers,Boston Celtics,spread,home,-110,2.5
2026-10-03T09:39:28.418087+00:00,fanduel,NBA,nba_stub_001,2026-10-04T09:39:28.159473+00:00,Los Angeles Lakers,Boston Celtics,spread,away,-110,-2.5
2026-10-03T09:39:28.418087+00:00,fanduel,NBA,nba_stub_001,2026-10-04T09:39:28.159473+00:00,Los Angeles Lakers,Boston Celtics,total,over,-110,225.5
2026-10-03T09:39:28.418087+00:00,fanduel,NBA,nba_stub_001,2026-10-04T09:39:28.159473+00:00,Los Angeles Lakers,Boston Celtics,total,under,-110,225.5
2026-10-03T09:39:28.418087+00:00,fanduel,NBA,nba_stub_002,2026-10-04T12:39:28.159473+00:00,Golden State Warriors,Phoenix Suns,moneyline,home,-165,
2026-10-03T09:39:28.418087+00:00,fanduel,NBA,nba_stub_002,2026-10-04T12:39:28.159473+00:00,Golden State Warriors,Phoenix Suns,moneyline,away,145,
2026-10-03T09:39:28.418087+00:00,fanduel,NBA,nba_stub_002,2026-10-04T12:39:28.159473+00:00,Golden State Warriors,Phoenix Suns,spread,home,-108,-4.0
2026-10-03T09:39:28.418087+00:00,fanduel,NBA,nba_stub_002,2026-10-04T12:39:28.159473+00:00,Golden State Warriors,Phoenix Suns,spread,away,-112,4.0
2026-10-03T09:39:28.418087+00:00,fanduel,NBA,nba_stub_002,2026-10-04T12:39:28.159473+00:00,Golden State Warriors,Phoenix Suns,total,over,-105,232.0
2026-10-03T09:39:28.418087+00:00,fanduel,NBA,nba_stub_002,2026-10-04T12:39:28.159473+00:00,Golden State Warriors,Phoenix Suns,total,under,-115,232.0
2026-10-03T09:39:28.418087+00:00,fanduel,NHL,nhl_stub_001,2026-10-04T09:39:28.289966+00:00,Toronto Maple Leafs,Montreal Canadiens,moneyline,home,-155,
2026-10-03T09:39:28.418087+00:00,fanduel,NHL,nhl_stub_001,2026-10-04T09:39:28.289966+00:00,Toronto Maple Leafs,Montreal Canadiens,moneyline,away,135,
2026-10-03T09:39:28.418087+00:00,fanduel,NHL,nhl_stub_001,2026-10-04T09:39:28.289966+00:00,Toronto Maple Leafs,Montreal Canadiens,spread,home,-115,-1.5
2026-10-03T09:39:28.418087+00:00,fanduel,NHL,nhl_stub_001,2026-10-04T09:39:28.289966+00:00,Toronto Maple Leafs,Montreal Canadiens,spread,away,-105,1.5
2026-10-03T09:39:28.418087+00:00,fanduel,NHL,nhl_stub_001,2026-10-04T09:39:28.289966+00:00,Toronto Maple Leafs,Montreal Canadiens,total,over,-110,6.5
2026-10-03T09:39:28.418087+00:00,fanduel,NHL,nhl_stub_001,2026-10-04T09:39:28.289966+00:00,Toronto Maple Leafs,Montreal Canadiens,total,under,-110,6.5
2026-10-03T09:39:28.418087+00:00,fanduel,NHL,nhl_stub_002,2026-10-04T12:39:28.289966+00:00,Vegas Golden Knights,Colorado Avalanche,moneyline,home,-130,
2026-10-03T09:39:28.418087+00:00,fanduel,NHL,nhl_stub_002,2026-10-04T12:39:28.289966+00:00,Vegas Golden Knights,Colorado Avalanche,moneyline,away,110,
2026-10-03T09:39:28.418087+00:00,fanduel,NHL,nhl_stub_002,2026-10-04T12:39:28.289966+00:00,Vegas Golden Knights,Colorado Avalanche,spread,home,105,-1.5
2026-10-03T09:39:28.418087+00:00,fanduel,NHL,nhl_stub_002,2026-10-04T12:39:28.289966+00:00,Vegas Golden Knights,Colorado Avalanche,spread,away,-125,1.5
2026-10-03T09:39:28.418087+00:00,fanduel,NHL,nhl_stub_002,2026-10-04T12:39:28.289966+00:00,Vegas Golden Knights,Colorado Avalanche,total,over,-105,5.5
2026-10-03T09:39:28.418087+00:00,fanduel,NHL,nhl_stub_002,2026-10-04T12:39:28.289966+00:00,Vegas Golden Knights,Colorado Avalanche,total,under,-115,5.5
2026-10-03T09:39:28.418087+00:00,fanduel,MMA,mma_stub_001,2026-10-10T09:39:28.416827+00:00,Jon Jones,Stipe Miocic,moneyline,home,-250,
2026-10-03T09:39:28.418087+00:00,fanduel,MMA,mma_stub_001,2026-10-10T09:39:28.416827+00:00,Jon Jones,Stipe Miocic,moneyline,away,210,
2026-10-03T09:39:28.418087+00:00,fanduel,MMA,mma_stub_002,2026-10-10T11:39:28.416827+00:00,Islam Makhachev,Charles Oliveira,moneyline,home,-180,
2026-10-03T09:39:28.418087+00:00,fanduel,MMA,mma_stub_002,2026-10-10T11:39:28.416827+00:00,Islam Makhachev,Charles Oliveira,moneyline,away,155,
2026-10-03T10:06:20.876530+00:00,fanduel,NFL,nfl_stub_001,2026-10-05T10:06:20.195442+00:00,Kansas City Chiefs,Buffalo Bills,moneyline,home,-150,
2026-10-03T10:06:20.876530+00:00,fanduel,NFL,nfl_stub_001,2026-10-05T10:06:20.195442+00:00,Kansas City Chiefs,Buffalo Bills,moneyline,away,130,
2026-10-03T10:06:20.876530+00:00,fanduel,NFL,nfl_stub_001,2026-10-05T10:06:20.195442+00:00,Kansas City Chiefs,Buffalo Bills,spread,home,-110,-3.0
2026-10-03T10:06:20.876530+00:00,fanduel,NFL,nfl_stub_001,2026-10-05T10:06:20.195442+00:00,Kansas City Chiefs,Buffalo Bills,spread,away,-110,3.0
2026-10-03T10:06:20.876530+00:00,fanduel,NFL,nfl_stub_001,2026-10-05T10:06:20.195442+00:00,Kansas City Chiefs,Buffalo Bills,total,over,-110,47.5
2026-10-03T10:06:20.876530+00:00,fanduel,NFL,nfl_stub_001,2026-10-05T10:06:20.195442+00:00,Kansas City Chiefs,Buffalo Bills,total,under,-110,47.5
2026-10-03T10:06:20.876530+00:00,fanduel,NFL,nfl_stub_002,2026-10-06T10:06:20.195442+00:00,San Francisco 49ers,Dallas Cowboys,moneyline,home,-180,
2026-10-03T10:06:20.876530+00:00,fanduel,NFL,nfl_stub_002,2026-10-06T10:06:20.195442+00:00,San Francisco 49ers,Dallas Cowboys,moneyline,away,155,
2026-10-03T10:06:20.876530+00:00,fanduel,NFL,nfl_stub_002,2026-10-06T10:06:20.195442+00:00,San Francisco 49ers,Dallas Cowboys,spread,home,-105,-4.0
2026-10-03T10:06:20.876530+00:00,fanduel,NFL,nfl_stub_002,2026-10-06T10:06:20.195442+00:00,San Francisco 49ers,Dallas Cowboys,spread,away,-115,4.0
2026-10-03T10:06:20.876530+00:00,fanduel,NFL,nfl_stub_002,2026-10-06T10:06:20.195442+00:00,San Francisco 49ers,Dallas Cowboys,total,over,-108,49.0
2026-10-03T10:06:20.876530+00:00,fanduel,NFL,nfl_stub_002,2026-10-06T10:06:20.195442+00:00,San Francisco 49ers,Dallas Cowboys,total,under,-112,49.0
2026-10-03T10:06:20.876530+00:00,fanduel,NBA,nba_stub_001,2026-10-04T10:06:20.385556+00:00,Los Angeles Lakers,Boston Celtics,moneyline,home,120,
2026-10-03T10:06:20.876530+00:00,fanduel,NBA,nba_stub_001,2026-10-04T10:06:20.385556+00:00,Los Angeles Lakers,Boston Celtics,moneyline,away,-140,
2026-10-03T10:06:20.876530+00:00,fanduel,NBA,nba_stub_001,2026-10-04T10:06:20.385556+00:00,Los Angeles Lakers,Boston Celtics,spread,home,-110,2.5
2026-10-03T10:06:20.876530+00:00,fanduel,NBA,nba_stub_001,2026-10-04T10:06:20.385556+00:00,Los Angeles Lakers,Boston Celtics,spread,away,-110,-2.5
2026-10-03T10:06:20.876530+00:00,fanduel,NBA,nba_stub_001,2026-10-04T10:06:20.385556+00:00,Los Angeles Lakers,Boston Celtics,total,over,-110,225.5
2026-10-03T10:06:20.876530+00:00,fanduel,NBA,nba_stub_001,2026-10-04T10:06:20.385556+00:00,Los Angeles Lakers,Boston Celtics,total,under,-110,225.5
2026-10-03T10:06:20.876530+00:00,fanduel,NBA,nba_stub_002,2026-10-04T13:06:20.385556+00:00,Golden State Warriors,Phoenix Suns,moneyline,home,-165,
2026-10-03T10:06:20.876530+00:00,fanduel,NBA,nba_stub_002,2026-10-04T13:06:20.385556+00:00,Golden State Warriors,Phoenix Suns,moneyline,away,145,
2026-10-03T10:06:20.876530+00:00,fanduel,NBA,nba_stub_002,2026-10-04T13:06:20.385556+00:00,Golden State Warriors,Phoenix Suns,spread,home,-108,-4.0
2026-10-03T10:06:20.876530+00:00,fanduel,NBA,nba_stub_002,2026-10-04T13:06:20.385556+00:00,Golden State Warriors,Phoenix Suns,spread,away,-112,4.0
2026-10-03T10:06:20.876530+00:00,fanduel,NBA,nba_stub_002,2026-10-04T13:06:20.385556+00:00,Golden State Warriors,Phoenix Suns,total,over,-105,232.0
2026-10-03T10:06:20.876530+00:00,fanduel,NBA,nba_stub_002,2026-10-04T13:06:20.385556+00:00,Golden State Warriors,Phoenix Suns,total,under,-115,232.0
2026-10-03T10:06:20.876530+00:00,fanduel,NBA,nba_stub_001,2026-10-04T10:06:20.678968+00:00,Los Angeles Lakers,Boston Celtics,moneyline,home,120,
2026-10-03T10:06:20.876530+00:00,fanduel,NBA,nba_stub_001,2026-10-04T10:06:20.678968+00:00,Los Angeles Lakers,Boston Celtics,moneyline,away,-140,
2026-10-03T10:06:20.876530+00:00,fanduel,NBA,nba_stub_001,2026-10-04T10:06:20.678968+00:00,Los Angeles Lakers,Boston Celtics,spread,home,-110,2.5
2026-10-03T10:06:20.876530+00:00,fanduel,NBA,nba_stub_001,2026-10-04T10:06:20.678968+00:00,Los Angeles Lakers,Boston Celtics,spread,away,-110,-2.5
2026-10-03T10:06:20.876530+00:00,fanduel,NBA,nba_stub_001,2026-10-04T10:06:20.678968+00:00,Los Angeles Lakers,Boston Celtics,total,over,-110,225.5
2026-10-03T10:06:20.876530+00:00,fanduel,NBA,nba_stub_001,2026-10-04T10:06:20.678968+00:00,Los Angeles Lakers,Boston Celtics,total,under,-110,225.5
2026-10-03T10:06:20.876530+00:00,fanduel,NBA,nba_stub_002,2026-10-04T13:06:20.678968+00:00,Golden State Warriors,Phoenix Suns,moneyline,home,-165,
2026-10-03T10:06:20.876530+00:00,fanduel,NBA,nba_stub_002,2026-10-04T13:06:20.678968+00:00,Golden State Warriors,Phoenix Suns,moneyline,away,145,
2026-10-03T10:06:20.876530+00:00,fanduel,NBA,nba_stub_002,2026-10-04T13:06:20.678968+00:00,Golden State Warriors,Phoenix Suns,spread,home,-108,-4.0
2026-10-03T10:06:20.876530+00:00,fanduel,NBA,nba_stub_002,2026-10-04T13:06:20.678968+00:00,Golden State Warriors,Phoenix Suns,spread,away,-112,4.0
2026-10-03T10:06:20.876530+00:00,fanduel,NBA,nba_stub_002,2026-10-04T13:06:20.678968+00:00,Golden State Warriors,Phoenix Suns,total,over,-105,232.0
2026-10-03T10:06:20.876530+00:00,fanduel,NBA,nba_stub_002,2026-10-04T13:06:20.678968+00:00,Golden State Warriors,Phoenix Suns,total,under,-115,232.0
2026-10-03T10:06:20.876530+00:00,fanduel,NHL,nhl_stub_001,2026-10-04T10:06:20.796293+00:00,Toronto Maple Leafs,Montreal Canadiens,moneyline,home,-155,
2026-10-03T10:06:20.876530+00:00,fanduel,NHL,nhl_stub_001,2026-10-04T10:06:20.796293+00:00,Toronto Maple Leafs,Montreal Canadiens,moneyline,away,135,
2026-10-03T10:06:20.876530+00:00,fanduel,NHL,nhl_stub_001,2026-10-04T10:06:20.796293+00:00,Toronto Maple Leafs,Montreal Canadiens,spread,home,-115,-1.5
2026-10-03T10:06:20.876530+00:00,fanduel,NHL,nhl_stub_001,2026-10-04T10:06:20.796293+00:00,Toronto Maple Leafs,Montreal Canadiens,spread,away,-105,1.5
2026-10-03T10:06:20.876530+00:00,fanduel,NHL,nhl_stub_001,2026-10-04T10:06:20.796293+00:00,Toronto Maple Leafs,Montreal Canadiens,total,over,-110,6.5
2026-10-03T10:06:20.876530+00:00,fanduel,NHL,nhl_stub_001,2026-10-04T10:06:20.796293+00:00,Toronto Maple Leafs,Montreal Canadiens,total,under,-110,6.5
2026-10-03T10:06:20.876530+00:00,fanduel,NHL,nhl_stub_002,2026-10-04T13:06:20.796293+00:00,Vegas Golden Knights,Colorado Avalanche,moneyline,home,-130,
2026-10-03T10:06:20.876530+00:00,fanduel,NHL,nhl_stub_002,2026-10-04T13:06:20.796293+00:00,Vegas Golden Knights,Colorado Avalanche,moneyline,away,110,
2026-10-03T10:06:20.876530+00:00,fanduel,NHL,nhl_stub_002,2026-10-04T13:06:20.796293+00:00,Vegas Golden Knights,Colorado Avalanche,spread,home,105,-1.5
2026-10-03T10:06:20.876530+00:00,fanduel,NHL,nhl_stub_002,2026-10-04T13:06:20.796293+00:00,Vegas Golden Knights,Colorado Avalanche,spread,away,-125,1.5
2026-10-03T10:06:20.876530+00:00,fanduel,NHL,nhl_stub_002,2026-10-04T13:06:20.796293+00:00,Vegas Golden Knights,Colorado Avalanche,total,over,-105,5.5
2026-10-03T10:06:20.876530+00:00,fanduel,NHL,nhl_stub_002,2026-10-04T13:06:20.796293+00:00,Vegas Golden Knights,Colorado Avalanche,total,under,-115,5.5
2026-10-03T10:06:20.876530+00:00,fanduel,MMA,mma_stub_001,2026-10-10T10:06:20.875696+00:00,Jon Jones,Stipe Miocic,moneyline,home,-250,
2026-10-03T10:06:20.876530+00:00,fanduel,MMA,mma_stub_001,2026-10-10T10:06:20.875696+00:00,Jon Jones,Stipe Miocic,moneyline,away,210,
2026-10-03T10:06:20.876530+00:00,fanduel,MMA,mma_stub_002,2026-10-10T12:06:20.875696+00:00,Islam Makhachev,Charles Oliveira,moneyline,home,-180,
2026-10-03T10:06:20.876530+00:00,fanduel,MMA,mma_stub_002,2026-10-10T12:06:20.875696+00:00,Islam Makhachev,Charles Oliveira,moneyline,away,155,
2026-10-03T14:57:59.145674+00:00,fanduel,NFL,nfl_stub_001,2026-10-05T14:57:58.018032+00:00,Kansas City Chiefs,Buffalo Bills,moneyline,home,-150,
2026-10-03T14:57:59.145674+00:00,fanduel,NFL,nfl_stub_001,2026-10-05T14:57:58.018032+00:00,Kansas City Chiefs,Buffalo Bills,moneyline,away,130,
2026-10-03T14:57:59.145674+00:00,fanduel,NFL,nfl_stub_001,2026-10-05T14:57:58.018032+00:00,Kansas City Chiefs,Buffalo Bills,spread,home,-110,-3.0
2026-10-03T14:57:59.145674+00:00,fanduel,NFL,nfl_stub_001,2026-10-05T14:57:58.018032+00:00,Kansas City Chiefs,Buffalo Bills,spread,away,-110,3.0
2026-10-03T14:57:59.145674+00:00,fanduel,NFL,nfl_stub_001,2026-10-05T14:57:58.018032+00:00,Kansas City Chiefs,Buffalo Bills,total,over,-110,47.5
2026-10-03T14:57:59.145674+00:00,fanduel,NFL,nfl_stub_001,2026-10-05T14:57:58.018032+00:00,Kansas City Chiefs,Buffalo Bills,total,under,-110,47.5
2026-10-03T14:57:59.145674+00:00,fanduel,NFL,nfl_stub_002,2026-10-06T14:57:58.018032+00:00,San Francisco 49ers,Dallas Cowboys,moneyline,home,-180,
2026-10-03T14:57:59.145674+00:00,fanduel,NFL,nfl_stub_002,2026-10-06T14:57:58.018032+00:00,San Francisco 49ers,Dallas Cowboys,moneyline,away,155,
2026-10-03T14:57:59.145674+00:00,fanduel,NFL,nfl_stub_002,2026-10-06T14:57:58.018032+00:00,San Francisco 49ers,Dallas Cowboys,spread,home,-105,-4.0
2026-10-03T14:57:59.145674+00:00,fanduel,NFL,nfl_stub_002,2026-10-06T14:57:58.018032+00:00,San Francisco 49ers,Dallas Cowboys,spread,away,-115,4.0
2026-10-03T14:57:59.145674+00:00,fanduel,NFL,nfl_stub_002,2026-10-06T14:57:58.018032+00:00,San Francisco 49ers,Dallas Cowboys,total,over,-108,49.0
2026-10-03T14:57:59.145674+00:00,fanduel,NFL,nfl_stub_002,2026-10-06T14:57:58.018032+00:00,San Francisco 49ers,Dallas Cowboys,total,under,-112,49.0
2026-10-03T14:57:59.145674+00:00,fanduel,NBA,nba_stub_001,2026-10-04T14:57:58.219003+00:00,Los Angeles Lakers,Boston Celtics,moneyline,home,120,
2026-10-03T14:57:59.145674+00:00,fanduel,NBA,nba_stub_001,2026-10-04T14:57:58.219003+00:00,Los Angeles Lakers,Boston Celtics,moneyline,away,-140,
2026-10-03T14:57:59.145674+00:00,fanduel,NBA,nba_stub_001,2026-10-04T14:57:58.219003+00:00,Los Angeles Lakers,Boston Celtics,spread,home,-110,2.5
2026-10-03T14:57:59.145674+00:00,fanduel,NBA,nba_stub_001,2026-10-04T14:57:58.219003+00:00,Los Angeles Lakers,Boston Celtics,spread,away,-110,-2.5
2026-10-03T14:57:59.145674+00:00,fanduel,NBA,nba_stub_001,2026-10-04T14:57:58.219003+00:00,Los Angeles Lakers,Boston Celtics,total,over,-110,225.5
2026-10-03T14:57:59.145674+00:00,fanduel,NBA,nba_stub_001,2026-10-04T14:57:58.219003+00:00,Los Angeles Lakers,Boston Celtics,total,under,-110,225.5
2026-10-03T14:57:59.145674+00:00,fanduel,NBA,nba_stub_002,2026-10-04T17:57:58.219003+00:00,Golden State Warriors,Phoenix Suns,moneyline,home,-165,
2026-10-03T14:57:59.145674+00:00,fanduel,NBA,nba_stub_002,2026-10-04T17:57:58.219003+00:00,Golden State Warriors,Phoenix Suns,moneyline,away,145,
2026-10-03T14:57:59.145674+00:00,fanduel,NBA,nba_stub_002,2026-10-04T17:57:58.219003+00:00,Golden State Warriors,Phoenix Suns,spread,home,-108,-4.0
2026-10-03T14:57:59.145674+00:00,fanduel,NBA,nba_stub_002,2026-10-04T17:57:58.219003+00:00,Golden State Warriors,Phoenix Suns,spread,away,-112,4.0
2026-10-03T14:57:59.145674+00:00,fanduel,NBA,nba_stub_002,2026-10-04T17:57:58.219003+00:00,Golden State Warriors,Phoenix Suns,total,over,-105,232.0
2026-10-03T14:57:59.145674+00:00,fanduel,NBA,nba_stub_002,2026-10-04T17:57:58.219003+00:00,Golden State Warriors,Phoenix Suns,total,under,-115,232.0
2026-10-03T14:57:59.145674+00:00,fanduel,NBA,nba_stub_001,2026-10-04T14:57:58.616998+00:00,Los Angeles Lakers,Boston Celtics,moneyline,home,120,
2026-10-03T14:57:59.145674+00:00,fanduel,NBA,nba_stub_001,2026-10-04T14:57:58.616998+00:00,Los Angeles Lakers,Boston Celtics,moneyline,away,-140,
2026-10-03T14:57:59.145674+00:00,fanduel,NBA,nba_stub_001,2026-10-04T14:57:58.616998+00:00,Los Angeles Lakers,Boston Celtics,spread,home,-110,2.5
2026-10-03T14:57:59.145674+00:00,fanduel,NBA,nba_stub_001,2026-10-04T14:57:58.616998+00:00,Los Angeles Lakers,Boston Celtics,spread,away,-110,-2.5
2026-10-03T14:57:59.145674+00:00,fanduel,NBA,nba_stub_001,2026-10-04T14:57:58.616998+00:00,Los Angeles Lakers,Boston Celtics,total,over,-110,225.5
2026-10-03T14:57:59.145674+00:00,fanduel,NBA,nba_stub_001,2026-10-04T14:57:58.616998+00:00,Los Angeles Lakers,Boston Celtics,total,under,-110,225.5
2026-10-03T14:57:59.145674+00:00,fanduel,NBA,nba_stub_002,2026-10-04T17:57:58.616998+00:00,Golden State Warriors,Phoenix Suns,moneyline,home,-165,
2026-10-03T14:57:59.145674+00:00,fanduel,NBA,nba_stub_002,2026-10-04T17:57:58.616998+00:00,Golden State Warriors,Phoenix Suns,moneyline,away,145,
2026-10-03T14:57:59.145674+00:00,fanduel,NBA,nba_stub_002,2026-10-04T17:57:58.616998+00:00,Golden State Warriors,Phoenix Suns,spread,home,-108,-4.0
2026-10-03T14:57:59.145674+00:00,fanduel,NBA,nba_stub_002,2026-10-04T17:57:58.616998+00:00,Golden State Warriors,Phoenix Suns,spread,away,-112,4.0
2026-10-03T14:57:59.145674+00:00,fanduel,NBA,nba_stub_002,2026-10-04T17:57:58.616998+00:00,Golden State Warriors,Phoenix Suns,total,over,-105,232.0
2026-10-03T14:57:59.145674+00:00,fanduel,NBA,nba_stub_002,2026-10-04T17:57:58.616998+00:00,Golden State Warriors,Phoenix Suns,total,under,-115,232.0
2026-10-03T14:57:59.145674+00:00,fanduel,NHL,nhl_stub_001,2026-10-04T14:57:58.957082+00:00,Toronto Maple Leafs,Montreal Canadiens,moneyline,home,-155,
2026-10-03T14:57:59.145674+00:00,fanduel,NHL,nhl_stub_001,2026-10-04T14:57:58.957082+00:00,Toronto Maple Leafs,Montreal Canadiens,moneyline,away,135,
2026-10-03T14:57:59.145674+00:00,fanduel,NHL,nhl_stub_001,2026-10-04T14:57:58.957082+00:00,Toronto Maple Leafs,Montreal Canadiens,spread,home,-115,-1.5
2026-10-03T14:57:59.145674+00:00,fanduel,NHL,nhl_stub_001,2026-10-04T14:57:58.957082+00:00,Toronto Maple Leafs,Montreal Canadiens,spread,away,-105,1.5
2026-10-03T14:57:59.145674+00:00,fanduel,NHL,nhl_stub_001,2026-10-04T14:57:58.957082+00:00,Toronto Maple Leafs,Montreal Canadiens,total,over,-110,6.5
2026-10-03T14:57:59.145674+00:00,fanduel,NHL,nhl_stub_001,2026-10-04T14:57:58.957082+00:00,Toronto Maple Leafs,Montreal Canadiens,total,under,-110,6.5
2026-10-03T14:57:59.145674+00:00,fanduel,NHL,nhl_stub_002,2026-10-04T17:57:58.957082+00:00,Vegas Golden Knights,Colorado Avalanche,moneyline,home,-130,
2026-10-03T14:57:59.145674+00:00,fanduel,NHL,nhl_stub_002,2026-10-04T17:57:58.957082+00:00,Vegas Golden Knights,Colorado Avalanche,moneyline,away,110,
2026-10-03T14:57:59.145674+00:00,fanduel,NHL,nhl_stub_002,2026-10-04T17:57:58.957082+00:00,Vegas Golden Knights,Colorado Avalanche,spread,home,105,-1.5
2026-10-03T14:57:59.145674+00:00,fanduel,NHL,nhl_stub_002,2026-10-04T17:57:58.957082+00:00,Vegas Golden Knights,Colorado Avalanche,spread,away,-125,1.5
2026-10-03T14:57:59.145674+00:00,fanduel,NHL,nhl_stub_002,2026-10-04T17:57:58.957082+00:00,Vegas Golden Knights,Colorado Avalanche,total,over,-105,5.5
2026-10-03T14:57:59.145674+00:00,fanduel,NHL,nhl_stub_002,2026-10-04T17:57:58.957082+00:00,Vegas Golden Knights,Colorado Avalanche,total,under,-115,5.5
2026-10-03T14:57:59.145674+00:00,fanduel,MMA,mma_stub_001,2026-10-10T14:57:59.144269+00:00,Jon Jones,Stipe Miocic,moneyline,home,-250,
2026-10-03T14:57:59.145674+00:00,fanduel,MMA,mma_stub_001,2026-10-10T14:57:59.144269+00:00,Jon Jones,Stipe Miocic,moneyline,away,210,
2026-10-03T14:57:59.145674+00:00,fanduel,MMA,mma_stub_002,2026-10-10T16:57:59.144269+00:00,Islam Makhachev,Charles Oliveira,moneyline,home,-180,
2026-10-03T14:57:59.145674+00:00,fanduel,MMA,mma_stub_002,2026-10-10T16:57:59.144269+00:00,Islam Makhachev,Charles Oliveira,moneyline,away,155,
2026-10-03T18:30:07.229079+00:00,fanduel,NFL,nfl_stub_001,2026-10-05T18:30:06.581295+00:00,Kansas City Chiefs,Buffalo Bills,moneyline,home,-150,
2026-10-03T18:30:07.229079+00:00,fanduel,NFL,nfl_stub_001,2026-10-05T18:30:06.581295+00:00,Kansas City Chiefs,Buffalo Bills,moneyline,away,130,
2026-10-03T18:30:07.229079+00:00,fanduel,NFL,nfl_stub_001,2026-10-05T18:30:06.581295+00:00,Kansas City Chiefs,Buffalo Bills,spread,home,-110,-3.0
2026-10-03T18:30:07.229079+00:00,fanduel,NFL,nfl_stub_001,2026-10-05T18:30:06.581295+00:00,Kansas City Chiefs,Buffalo Bills,spread,away,-110,3.0
2026-10-03T18:30:07.229079+00:00,fanduel,NFL,nfl_stub_001,2026-10-05T18:30:06.581295+00:00,Kansas City Chiefs,Buffalo Bills,total,over,-110,47.5
2026-10-03T18:30:07.229079+00:00,fanduel,NFL,nfl_stub_001,2026-10-05T18:30:06.581295+00:00,Kansas City Chiefs,Buffalo Bills,total,under,-110,47.5
2026-10-03T18:30:07.229079+00:00,fanduel,NFL,nfl_stub_002,2026-10-06T18:30:06.581295+00:00,San Francisco 49ers,Dallas Cowboys,moneyline,home,-180,
2026-10-03T18:30:07.229079+00:00,fanduel,NFL,nfl_stub_002,2026-10-06T18:30:06.581295+00:00,San Francisco 49ers,Dallas Cowboys,moneyline,away,155,
2026-10-03T18:30:07.229079+00:00,fanduel,NFL,nfl_stub_002,2026-10-06T18:30:06.581295+00:00,San Francisco 49ers,Dallas Cowboys,spread,home,-105,-4.0
2026-10-03T18:30:07.229079+00:00,fanduel,NFL,nfl_stub_002,2026-10-06T18:30:06.581295+00:00,San Francisco 49ers,Dallas Cowboys,spread,away,-115,4.0
2026-10-03T18:30:07.229079+00:00,fanduel,NFL,nfl_stub_002,2026-10-06T18:30:06.581295+00:00,San Francisco 49ers,Dallas Cowboys,total,over,-108,49.0
2026-10-03T18:30:07.229079+00:00,fanduel,NFL,nfl_stub_002,2026-10-06T18:30:06.581295+00:00,San Francisco 49ers,Dallas Cowboys,total,under,-112,49.0
2026-10-03T18:30:07.229079+00:00,fanduel,NBA,nba_stub_001,2026-10-04T18:30:06.714209+00:00,Los Angeles Lakers,Boston Celtics,moneyline,home,120,
2026-10-03T18:30:07.229079+00:00,fanduel,NBA,nba_stub_001,2026-10-04T18:30:06.714209+00:00,Los Angeles Lakers,Boston Celtics,moneyline,away,-140,
2026-10-03T18:30:07.229079+00:00,fanduel,NBA,nba_stub_001,2026-10-04T18:30:06.714209+00:00,Los Angeles Lakers,Boston Celtics,spread,home,-110,2.5
2026-10-03T18:30:07.229079+00:00,fanduel,NBA,nba_stub_001,2026-10-04T18:30:06.714209+00:00,Los Angeles Lakers,Boston Celtics,spread,away,-110,-2.5
2026-10-03T18:30:07.229079+00:00,fanduel,NBA,nba_stub_001,2026-10-04T18:30:06.714209+00:00,Los Angeles Lakers,Boston Celtics,total,over,-110,225.5
2026-10-03T18:30:07.229079+00:00,fanduel,NBA,nba_stub_001,2026-10-04T18:30:06.714209+00:00,Los Angeles Lakers,Boston Celtics,total,under,-110,225.5
2026-10-03T18:30:07.229079+00:00,fanduel,NBA,nba_stub_002,2026-10-04T21:30:06.714209+00:00,Golden State Warriors,Phoenix Suns,moneyline,home,-165,
2026-10-03T18:30:07.229079+00:00,fanduel,NBA,nba_stub_002,2026-10-04T21:30:06.714209+00:00,Golden State Warriors,Phoenix Suns,moneyline,away,145,
2026-10-03T18:30:07.229079+00:00,fanduel,NBA,nba_stub_002,2026-10-04T21:30:06.714209+00:00,Golden State Warriors,Phoenix Suns,spread,home,-108,-4.0
2026-10-03T18:30:07.229079+00:00,fanduel,NBA,nba_stub_002,2026-10-04T21:30:06.714209+00:00,Golden State Warriors,Phoenix Suns,spread,away,-112,4.0
2026-10-03T18:30:07.229079+00:00,fanduel,NBA,nba_stub_002,2026-10-04T21:30:06.714209+00:00,Golden State Warriors,Phoenix Suns,total,over,-105,232.0
2026-10-03T18:30:07.229079+00:00,fanduel,NBA,nba_stub_002,2026-10-04T21:30:06.714209+00:00,Golden State Warriors,Phoenix Suns,total,under,-115,232.0
2026-10-03T18:30:07.229079+00:00,fanduel,NBA,nba_stub_001,2026-10-04T18:30:07.003804+00:00,Los Angeles Lakers,Boston Celtics,moneyline,home,120,
2026-10-03T18:30:07.229079+00:00,fanduel,NBA,nba_stub_001,2026-10-04T18:30:07.003804+00:00,Los Angeles Lakers,Boston Celtics,moneyline,away,-140,
2026-10-03T18:30:07.229079+00:00,fanduel,NBA,nba_stub_001,2026-10-04T18:30:07.003804+00:00,Los Angeles Lakers,Boston Celtics,spread,home,-110,2.5
2026-10-03T18:30:07.229079+00:00,fanduel,NBA,nba_stub_001,2026-10-04T18:30:07.003804+00:00,Los Angeles Lakers,Boston Celtics,spread,away,-110,-2.5
2026-10-03T18:30:07.229079+00:00,fanduel,NBA,nba_stub_001,2026-10-04T18:30:07.003804+00:00,Los Angeles Lakers,Boston Celtics,total,over,-110,225.5
2026-10-03T18:30:07.229079+00:00,fanduel,NBA,nba_stub_001,2026-10-04T18:30:07.003804+00:00,Los Angeles Lakers,Boston Celtics,total,under,-110,225.5
2026-10-03T18:30:07.229079+00:00,fanduel,NBA,nba_stub_002,2026-10-04T21:30:07.003804+00:00,Golden State Warriors,Phoenix Suns,moneyline,home,-165,
2026-10-03T18:30:07.229079+00:00,fanduel,NBA,nba_stub_002,2026-10-04T21:30:07.003804+00:00,Golden State Warriors,Phoenix Suns,moneyline,away,145,
2026-10-03T18:30:07.229079+00:00,fanduel,NBA,nba_stub_002,2026-10-04T21:30:07.003804+00:00,Golden State Warriors,Phoenix Suns,spread,home,-108,-4.0
2026-10-03T18:30:07.229079+00:00,fanduel,NBA,nba_stub_002,2026-10-04T21:30:07.003804+00:00,Golden State Warriors,Phoenix Suns,spread,away,-112,4.0
2026-10-03T18:30:07.229079+00:00,fanduel,NBA,nba_stub_002,2026-10-04T21:30:07.003804+00:00,Golden State Warriors,Phoenix Suns,total,over,-105,232.0
2026-10-03T18:30:07.229079+00:00,fanduel,NBA,nba_stub_002,2026-10-04T21:30:07.003804+00:00,Golden State Warriors,Phoenix Suns,total,under,-115,232.0
2026-10-03T18:30:07.229079+00:00,fanduel,NHL,nhl_stub_001,2026-10-04T18:30:07.124187+00:00,Toronto Maple Leafs,Montreal Canadiens,moneyline,home,-155,
2026-10-03T18:30:07.229079+00:00,fanduel,NHL,nhl_stub_001,2026-10-04T18:30:07.124187+00:00,Toronto Maple Leafs,Montreal Canadiens,moneyline,away,135,
2026-10-03T18:30:07.229079+00:00,fanduel,NHL,nhl_stub_001,2026-10-04T18:30:07.124187+00:00,Toronto Maple Leafs,Montreal Canadiens,spread,home,-115,-1.5
2026-10-03T18:30:07.229079+00:00,fanduel,NHL,nhl_stub_001,2026-10-04T18:30:07.124187+00:00,Toronto Maple Leafs,Montreal Canadiens,spread,away,-105,1.5
2026-10-03T18:30:07.229079+00:00,fanduel,NHL,nhl_stub_001,2026-10-04T18:30:07.124187+00:00,Toronto Maple Leafs,Montreal Canadiens,total,over,-110,6.5
2026-10-03T18:30:07.229079+00:00,fanduel,NHL,nhl_stub_001,2026-10-04T18:30:07.124187+00:00,Toronto Maple Leafs,Montreal Canadiens,total,under,-110,6.5
2026-10-03T18:30:07.229079+00:00,fanduel,NHL,nhl_stub_002,2026-10-04T21:30:07.124187+00:00,Vegas Golden Knights,Colorado Avalanche,moneyline,home,-130,
2026-10-03T18:30:07.229079+00:00,fanduel,NHL,nhl_stub_002,2026-10-04T21:30:07.124187+00:00,Vegas Golden Knights,Colorado Avalanche,moneyline,away,110,
2026-10-03T18:30:07.229079+00:00,fanduel,NHL,nhl_stub_002,2026-10-04T21:30:07.124187+00:00,Vegas Golden Knights,Colorado Avalanche,spread,home,105,-1.5
2026-10-03T18:30:07.229079+00:00,fanduel,NHL,nhl_stub_002,2026-10-04T21:30:07.124187+00:00,Vegas Golden Knights,Colorado Avalanche,spread,away,-125,1.5
2026-10-03T18:30:07.229079+00:00,fanduel,NHL,nhl_stub_002,2026-10-04T21:30:07.124187+00:00,Vegas Golden Knights,Colorado Avalanche,total,over,-105,5.5
2026-10-03T18:30:07.229079+00:00,fanduel,NHL,nhl_stub_002,2026-10-04T21:30:07.124187+00:00,Vegas Golden Knights,Colorado Avalanche,total,under,-115,5.5
2026-10-03T18:30:07.229079+00:00,fanduel,MMA,mma_stub_001,2026-10-10T18:30:07.227854+00:00,Jon Jones,Stipe Miocic,moneyline,home,-250,
2026-10-03T18:30:07.229079+00:00,fanduel,MMA,mma_stub_001,2026-10-10T18:30:07.227854+00:00,Jon Jones,Stipe Miocic,moneyline,away,210,
2026-10-03T18:30:07.229079+00:00,fanduel,MMA,mma_stub_002,2026-10-10T20:30:07.227854+00:00,Islam Makhachev,Charles Oliveira,moneyline,home,-180,
2026-10-03T18:30:07.229079+00:00,fanduel,MMA,mma_stub_002,2026-10-10T20:30:07.227854+00:00,Islam Makhachev,Charles Oliveira,moneyline,away,155,
2026-10-03T19:43:08.402646+00:00,fanduel,NFL,nfl_stub_001,2026-10-05T19:43:07.586870+00:00,Kansas City Chiefs,Buffalo Bills,moneyline,home,-150,
2026-10-03T19:43:08.402646+00:00,fanduel,NFL,nfl_stub_001,2026-10-05T19:43:07.586870+00:00,Kansas City Chiefs,Buffalo Bills,moneyline,away,130,
2026-10-03T19:43:08.402646+00:00,fanduel,NFL,nfl_stub_001,2026-10-05T19:43:07.586870+00:00,Kansas City Chiefs,Buffalo Bills,spread,home,-110,-3.0
2026-10-03T19:43:08.402646+00:00,fanduel,NFL,nfl_stub_001,2026-10-05T19:43:07.586870+00:00,Kansas City Chiefs,Buffalo Bills,spread,away,-110,3.0
2026-10-03T19:43:08.402646+00:00,fanduel,NFL,nfl_stub_001,2026-10-05T19:43:07.586870+00:00,Kansas City Chiefs,Buffalo Bills,total,over,-110,47.5
2026-10-03T19:43:08.402646+00:00,fanduel,NFL,nfl_stub_001,2026-10-05T19:43:07.586870+00:00,Kansas City Chiefs,Buffalo Bills,total,under,-110,47.5
2026-10-03T19:43:08.402646+00:00,fanduel,NFL,nfl_stub_002,2026-10-06T19:43:07.586870+00:00,San Francisco 49ers,Dallas Cowboys,moneyline,home,-180,
2026-10-03T19:43:08.402646+00:00,fanduel,NFL,nfl_stub_002,2026-10-06T19:43:07.586870+00:00,San Francisco 49ers,Dallas Cowboys,moneyline,away,155,
2026-10-03T19:43:08.402646+00:00,fanduel,NFL,nfl_stub_002,2026-10-06T19:43:07.586870+00:00,San Francisco 49ers,Dallas Cowboys,spread,home,-105,-4.0
2026-10-03T19:43:08.402646+00:00,fanduel,NFL,nfl_stub_002,2026-10-06T19:43:07.586870+00:00,San Francisco 49ers,Dallas Cowboys,spread,away,-115,4.0
2026-10-03T19:43:08.402646+00:00,fanduel,NFL,nfl_stub_002,2026-10-06T19:43:07.586870+00:00,San Francisco 49ers,Dallas Cowboys,total,over,-108,49.0
2026-10-03T19:43:08.402646+00:00,fanduel,NFL,nfl_stub_002,2026-10-06T19:43:07.586870+00:00,San Francisco 49ers,Dallas Cowboys,total,under,-112,49.0
2026-10-03T19:43:08.402646+00:00,fanduel,NBA,nba_stub_001,2026-10-04T19:43:07.845191+00:00,Los Angeles Lakers,Boston Celtics,moneyline,home,120,
2026-10-03T19:43:08.402646+00:00,fanduel,NBA,nba_stub_001,2026-10-04T19:43:07.845191+00:00,Los Angeles Lakers,Boston Celtics,moneyline,away,-140,
2026-10-03T19:43:08.402646+00:00,fanduel,NBA,nba_stub_001,2026-10-04T19:43:07.845191+00:00,Los Angeles Lakers,Boston Celtics,spread,home,-110,2.5
2026-10-03T19:43:08.402646+00:00,fanduel,NBA,nba_stub_001,2026-10-04T19:43:07.845191+00:00,Los Angeles Lakers,Boston Celtics,spread,away,-110,-2.5
2026-10-03T19:43:08.402646+00:00,fanduel,NBA,nba_stub_001,2026-10-04T19:43:07.845191+00:00,Los Angeles Lakers,Boston Celtics,total,over,-110,225.5
2026-10-03T19:43:08.402646+00:00,fanduel,NBA,nba_stub_001,2026-10-04T19:43:07.845191+00:00,Los Angeles Lakers,Boston Celtics,total,under,-110,225.5
2026-10-03T19:43:08.402646+00:00,fanduel,NBA,nba_stub_002,2026-10-04T22:43:07.845191+00:00,Golden State Warriors,Phoenix Suns,moneyline,home,-165,
2026-10-03T19:43:08.402646+00:00,fanduel,NBA,nba_stub_002,2026-10-04T22:43:07.845191+00:00,Golden State Warriors,Phoenix Suns,moneyline,away,145,
2026-10-03T19:43:08.402646+00:00,fanduel,NBA,nba_stub_002,2026-10-04T22:43:07.845191+00:00,Golden State Warriors,Phoenix Suns,spread,home,-108,-4.0
2026-10-03T19:43:08.402646+00:00,fanduel,NBA,nba_stub_002,2026-10-04T22:43:07.845191+00:00,Golden State Warriors,Phoenix Suns,spread,away,-112,4.0
2026-10-03T19:43:08.402646+00:00,fanduel,NBA,nba_stub_002,2026-10-04T22:43:07.845191+00:00,Golden State Warriors,Phoenix Suns,total,over,-105,232.0
2026-10-03T19:43:08.402646+00:00,fanduel,NBA,nba_stub_002,2026-10-04T22:43:07.845191+00:00,Golden State Warriors,Phoenix Suns,total,under,-115,232.0
2026-10-03T19:43:08.402646+00:00,fanduel,NBA,nba_stub_001,2026-10-04T19:43:08.121723+00:00,Los Angeles Lakers,Boston Celtics,moneyline,home,120,
2026-10-03T19:43:08.402646+00:00,fanduel,NBA,nba_stub_001,2026-10-04T19:43:08.121723+00:00,Los Angeles Lakers,Boston Celtics,moneyline,away,-140,
2026-10-03T19:43:08.402646+00:00,fanduel,NBA,nba_stub_001,2026-10-04T19:43:08.121723+00:00,Los Angeles Lakers,Boston Celtics,spread,home,-110,2.5
2026-10-03T19:43:08.402646+00:00,fanduel,NBA,nba_stub_001,2026-10-04T19:43:08.121723+00:00,Los Angeles Lakers,Boston Celtics,spread,away,-110,-2.5
2026-10-03T19:43:08.402646+00:00,fanduel,NBA,nba_stub_001,2026-10-04T19:43:08.121723+00:00,Los Angeles Lakers,Boston Celtics,total,over,-110,225.5
2026-10-03T19:43:08.402646+00:00,fanduel,NBA,nba_stub_001,2026-10-04T19:43:08.121723+00:00,Los Angeles Lakers,Boston Celtics,total,under,-110,225.5
2026-10-03T19:43:08.402646+00:00,fanduel,NBA,nba_stub_002,2026-10-04T22:43:08.121723+00:00,Golden State Warriors,Phoenix Suns,moneyline,home,-165,
2026-10-03T19:43:08.402646+00:00,fanduel,NBA,nba_stub_002,2026-10-04T22:43:08.121723+00:00,Golden State Warriors,Phoenix Suns,moneyline,away,145,
2026-10-03T19:43:08.402646+00:00,fanduel,NBA,nba_stub_002,2026-10-04T22:43:08.121723+00:00,Golden State Warriors,Phoenix Suns,spread,home,-108,-4.0
2026-10-03T19:43:08.402646+00:00,fanduel,NBA,nba_stub_002,2026-10-04T22:43:08.121723+00:00,Golden State Warriors,Phoenix Suns,spread,away,-112,4.0
2026-10-03T19:43:08.402646+00:00,fanduel,NBA,nba_stub_002,2026-10-04T22:43:08.121723+00:00,Golden State Warriors,Phoenix Suns,total,over,-105,232.0
2026-10-03T19:43:08.402646+00:00,fanduel,NBA,nba_stub_002,2026-10-04T22:43:08.121723+00:00,Golden State Warriors,Phoenix Suns,total,under,-115,232.0
2026-10-03T19:43:08.402646+00:00,fanduel,NHL,nhl_stub_001,2026-10-04T19:43:08.248116+00:00,Toronto Maple Leafs,Montreal Canadiens,moneyline,home,-155,
2026-10-03T19:43:08.402646+00:00,fanduel,NHL,nhl_stub_001,2026-10-04T19:43:08.248116+00:00,Toronto Maple Leafs,Montreal Canadiens,moneyline,away,135,
2026-10-03T19:43:08.402646+00:00,fanduel,NHL,nhl_stub_001,2026-10-04T19:43:08.248116+00:00,Toronto Maple Leafs,Montreal Canadiens,spread,home,-115,-1.5
2026-10-03T19:43:08.402646+00:00,fanduel,NHL,nhl_stub_001,2026-10-04T19:43:08.248116+00:00,Toronto Maple Leafs,Montreal Canadiens,spread,away,-105,1.5
2026-10-03T19:43:08.402646+00:00,fanduel,NHL,nhl_stub_001,2026-10-04T19:43:08.248116+00:00,Toronto Maple Leafs,Montreal Canadiens,total,over,-110,6.5
2026-10-03T19:43:08.402646+00:00,fanduel,NHL,nhl_stub_001,2026-10-04T19:43:08.248116+00:00,Toronto Maple Leafs,Montreal Canadiens,total,under,-110,6.5
2026-10-03T19:43:08.402646+00:00,fanduel,NHL,nhl_stub_002,2026-10-04T22:43:08.248116+00:00,Vegas Golden Knights,Colorado Avalanche,moneyline,home,-130,
2026-10-03T19:43:08.402646+00:00,fanduel,NHL,nhl_stub_002,2026-10-04T22:43:08.248116+00:00,Vegas Golden Knights,Colorado Avalanche,moneyline,away,110,
2026-10-03T19:43:08.402646+00:00,fanduel,NHL,nhl_stub_002,2026-10-04T22:43:08.248116+00:00,Vegas Golden Knights,Colorado Avalanche,spread,home,105,-1.5
2026-10-03T19:43:08.402646+00:00,fanduel,NHL,nhl_stub_002,2026-10-04T22:43:08.248116+00:00,Vegas Golden Knights,Colorado Avalanche,spread,away,-125,1.5
2026-10-03T19:43:08.402646+00:00,fanduel,NHL,nhl_stub_002,2026-10-04T22:43:08.248116+00:00,Vegas Golden Knights,Colorado Avalanche,total,over,-105,5.5
2026-10-03T19:43:08.402646+00:00,fanduel,NHL,nhl_stub_002,2026-10-04T22:43:08.248116+00:00,Vegas Golden Knights,Colorado Avalanche,total,under,-115,5.5
2026-10-03T19:43:08.402646+00:00,fanduel,MMA,mma_stub_001,2026-10-10T19:43:08.401179+00:00,Jon Jones,Stipe Miocic,moneyline,home,-250,
2026-10-03T19:43:08.402646+00:00,fanduel,MMA,mma_stub_001,2026-10-10T19:43:08.401179+00:00,Jon Jones,Stipe Miocic,moneyline,away,210,
2026-10-03T19:43:08.402646+00:00,fanduel,MMA,mma_stub_002,2026-10-10T21:43:08.401179+00:00,Islam Makhachev,Charles Oliveira,moneyline,home,-180,
2026-10-03T19:43:08.402646+00:00,fanduel,MMA,mma_stub_002,2026-10-10T21:43:08.401179+00:00,Islam Makhachev,Charles Oliveira,moneyline,away,155,
2026-10-03T22:46:03.049093+00:00,fanduel,NFL,nfl_stub_001,2026-10-05T22:46:02.522983+00:00,Kansas City Chiefs,Buffalo Bills,moneyline,home,-150,
2026-10-03T22:46:03.049093+00:00,fanduel,NFL,nfl_stub_001,2026-10-05T22:46:02.522983+00:00,Kansas City Chiefs,Buffalo Bills,moneyline,away,130,
2026-10-03T22:46:03.049093+00:00,fanduel,NFL,nfl_stub_001,2026-10-05T22:46:02.522983+00:00,Kansas City Chiefs,Buffalo Bills,spread,home,-110,-3.0
2026-10-03T22:46:03.049093+00:00,fanduel,NFL,nfl_stub_001,2026-10-05T22:46:02.522983+00:00,Kansas City Chiefs,Buffalo Bills,spread,away,-110,3.0
2026-10-03T22:46:03.049093+00:00,fanduel,NFL,nfl_stub_001,2026-10-05T22:46:02.522983+00:00,Kansas City Chiefs,Buffalo Bills,total,over,-110,47.5
2026-10-03T22:46:03.049093+00:00,fanduel,NFL,nfl_stub_001,2026-10-05T22:46:02.522983+00:00,Kansas City Chiefs,Buffalo Bills,total,under,-110,47.5
2026-10-03T22:46:03.049093+00:00,fanduel,NFL,nfl_stub_002,2026-10-06T22:46:02.522983+00:00,San Francisco 49ers,Dallas Cowboys,moneyline,home,-180,
2026-10-03T22:46:03.049093+00:00,fanduel,NFL,nfl_stub_002,2026-10-06T22:46:02.522983+00:00,San Francisco 49ers,Dallas Cowboys,moneyline,away,155,
2026-10-03T22:46:03.049093+00:00,fanduel,NFL,nfl_stub_002,2026-10-06T22:46:02.522983+00:00,San Francisco 49ers,Dallas Cowboys,spread,home,-105,-4.0
2026-10-03T22:46:03.049093+00:00,fanduel,NFL,nfl_stub_002,2026-10-06T22:46:02.522983+00:00,San Francisco 49ers,Dallas Cowboys,spread,away,-115,4.0
2026-10-03T22:46:03.049093+00:00,fanduel,NFL,nfl_stub_002,2026-10-06T22:46:02.522983+00:00,San Francisco 49ers,Dallas Cowboys,total,over,-108,49.0
2026-10-03T22:46:03.049093+00:00,fanduel,NFL,nfl_stub_002,2026-10-06T22:46:02.522983+00:00,San Francisco 49ers,Dallas Cowboys,total,under,-112,49.0
2026-10-03T22:46:03.049093+00:00,fanduel,NBA,nba_stub_001,2026-10-04T22:46:02.706130+00:00,Los Angeles Lakers,Boston Celtics,moneyline,home,120,
2026-10-03T22:46:03.049093+00:00,fanduel,NBA,nba_stub_001,2026-10-04T22:46:02.706130+00:00,Los Angeles Lakers,Boston Celtics,moneyline,away,-140,
2026-10-03T22:46:03.049093+00:00,fanduel,NBA,nba_stub_001,2026-10-04T22:46:02.706130+00:00,Los Angeles Lakers,Boston Celtics,spread,home,-110,2.5
2026-10-03T22:46:03.049093+00:00,fanduel,NBA,nba_stub_001,2026-10-04T22:46:02.706130+00:00,Los Angeles Lakers,Boston Celtics,spread,away,-110,-2.5
2026-10-03T22:46:03.049093+00:00,fanduel,NBA,nba_stub_001,2026-10-04T22:46:02.706130+00:00,Los Angeles Lakers,Boston Celtics,total,over,-110,225.5
2026-10-03T22:46:03.049093+00:00,fanduel,NBA,nba_stub_001,2026-10-04T22:46:02.706130+00:00,Los Angeles Lakers,Boston Celtics,total,under,-110,225.5
2026-10-03T22:46:03.049093+00:00,fanduel,NBA,nba_stub_002,2026-10-05T01:46:02.706130+00:00,Golden State Warriors,Phoenix Suns,moneyline,home,-165,
2026-10-03T22:46:03.049093+00:00,fanduel,NBA,nba_stub_002,2026-10-05T01:46:02.706130+00:00,Golden State Warriors,Phoenix Suns,moneyline,away,145,
2026-10-03T22:46:03.049093+00:00,fanduel,NBA,nba_stub_002,2026-10-05T01:46:02.706130+00:00,Golden State Warriors,Phoenix Suns,spread,home,-108,-4.0
2026-10-03T22:46:03.049093+00:00,fanduel,NBA,nba_stub_002,2026-10-05T01:46:02.706130+00:00,Golden State Warriors,Phoenix Suns,spread,away,-112,4.0
2026-10-03T22:46:03.049093+00:00,fanduel,NBA,nba_stub_002,2026-10-05T01:46:02.706130+00:00,Golden State Warriors,Phoenix Suns,total,over,-105,232.0
2026-10-03T22:46:03.049093+00:00,fanduel,NBA,nba_stub_002,2026-10-05T01:46:02.706130+00:00,Golden State Warriors,Phoenix Suns,total,under,-115,232.0
2026-10-03T22:46:03.049093+00:00,fanduel,NBA,nba_stub_001,2026-10-04T22:46:02.889734+00:00,Los Angeles Lakers,Boston Celtics,moneyline,home,120,
2026-10-03T22:46:03.049093+00:00,fanduel,NBA,nba_stub_001,2026-10-04T22:46:02.889734+00:00,Los Angeles Lakers,Boston Celtics,moneyline,away,-140,
2026-10-03T22:46:03.049093+00:00,fanduel,NBA,nba_stub_001,2026-10-04T22:46:02.889734+00:00,Los Angeles Lakers,Boston Celtics,spread,home,-110,2.5
2026-10-03T22:46:03.049093+00:00,fanduel,NBA,nba_stub_001,2026-10-04T22:46:02.889734+00:00,Los Angeles Lakers,Boston Celtics,spread,away,-110,-2.5
2026-10-03T22:46:03.049093+00:00,fanduel,NBA,nba_stub_001,2026-10-04T22:46:02.889734+00:00,Los Angeles Lakers,Boston Celtics,total,over,-110,225.5
2026-10-03T22:46:03.049093+00:00,fanduel,NBA,nba_stub_001,2026-10-04T22:46:02.889734+00:00,Los Angeles Lakers,Boston Celtics,total,under,-110,225.5
2026-10-03T22:46:03.049093+00:00,fanduel,NBA,nba_stub_002,2026-10-05T01:46:02.889734+00:00,Golden State Warriors,Phoenix Suns,moneyline,home,-165,
2026-10-03T22:46:03.049093+00:00,fanduel,NBA,nba_stub_002,2026-10-05T01:46:02.889734+00:00,Golden State Warriors,Phoenix Suns,moneyline,away,145,
2026-10-03T22:46:03.049093+00:00,fanduel,NBA,nba_stub_002,2026-10-05T01:46:02.889734+00:00,Golden State Warriors,Phoenix Suns,spread,home,-108,-4.0
2026-10-03T22:46:03.049093+00:00,fanduel,NBA,nba_stub_002,2026-10-05T01:46:02.889734+00:00,Golden State Warriors,Phoenix Suns,spread,away,-112,4.0
2026-10-03T22:46:03.049093+00:00,fanduel,NBA,nba_stub_002,2026-10-05T01:46:02.889734+00:00,Golden State Warriors,Phoenix Suns,total,over,-105,232.0
2026-10-03T22:46:03.049093+00:00,fanduel,NBA,nba_stub_002,2026-10-05T01:46:02.889734+00:00,Golden State Warriors,Phoenix Suns,total,under,-115,232.0
2026-10-03T22:46:03.049093+00:00,fanduel,NHL,nhl_stub_001,2026-10-04T22:46:02.977704+00:00,Toronto Maple Leafs,Montreal Canadiens,moneyline,home,-155,
2026-10-03T22:46:03.049093+00:00,fanduel,NHL,nhl_stub_001,2026-10-04T22:46:02.977704+00:00,Toronto Maple Leafs,Montreal Canadiens,moneyline,away,135,
2026-10-03T22:46:03.049093+00:00,fanduel,NHL,nhl_stub_001,2026-10-04T22:46:02.977704+00:00,Toronto Maple Leafs,Montreal Canadiens,spread,home,-115,-1.5
2026-10-03T22:46:03.049093+00:00,fanduel,NHL,nhl_stub_001,2026-10-04T22:46:02.977704+00:00,Toronto Maple Leafs,Montreal Canadiens,spread,away,-105,1.5
2026-10-03T22:46:03.049093+00:00,fanduel,NHL,nhl_stub_001,2026-10-04T22:46:02.977704+00:00,Toronto Maple Leafs,Montreal Canadiens,total,over,-110,6.5
2026-10-03T22:46:03.049093+00:00,fanduel,NHL,nhl_stub_001,2026-10-04T22:46:02.977704+00:00,Toronto Maple Leafs,Montreal Canadiens,total,under,-110,6.5
2026-10-03T22:46:03.049093+00:00,fanduel,NHL,nhl_stub_002,2026-10-05T01:46:02.977704+00:00,Vegas Golden Knights,Colorado Avalanche,moneyline,home,-130,
2026-10-03T22:46:03.049093+00:00,fanduel,NHL,nhl_stub_002,2026-10-05T01:46:02.977704+00:00,Vegas Golden Knights,Colorado Avalanche,moneyline,away,110,
2026-10-03T22:46:03.049093+00:00,fanduel,NHL,nhl_stub_002,2026-10-05T01:46:02.977704+00:00,Vegas Golden Knights,Colorado Avalanche,spread,home,105,-1.5
2026-10-03T22:46:03.049093+00:00,fanduel,NHL,nhl_stub_002,2026-10-05T01:46:02.977704+00:00,Vegas Golden Knights,Colorado Avalanche,spread,away,-125,1.5
2026-10-03T22:46:03.049093+00:00,fanduel,NHL,nhl_stub_002,2026-10-05T01:46:02.977704+00:00,Vegas Golden Knights,Colorado Avalanche,total,over,-105,5.5
2026-10-03T22:46:03.049093+00:00,fanduel,NHL,nhl_stub_002,2026-10-05T01:46:02.977704+00:00,Vegas Golden Knights,Colorado Avalanche,total,under,-115,5.5
2026-10-03T22:46:03.049093+00:00,fanduel,MMA,mma_stub_001,2026-10-10T22:46:03.048256+00:00,Jon Jones,Stipe Miocic,moneyline,home,-250,
2026-10-03T22:46:03.049093+00:00,fanduel,MMA,mma_stub_001,2026-10-10T22:46:03.048256+00:00,Jon Jones,Stipe Miocic,moneyline,away,210,
2026-10-03T22:46:03.049093+00:00,fanduel,MMA,mma_stub_002,2026-10-11T00:46:03.048256+00:00,Islam Makhachev,Charles Oliveira,moneyline,home,-180,
2026-10-03T22:46:03.049093+00:00,fanduel,MMA,mma_stub_002,2026-10-11T00:46:03.048256+00:00,Islam Makhachev,Charles Oliveira,moneyline,away,155,
2026-10-04T02:27:52.405257+00:00,fanduel,NFL,nfl_stub_001,2026-10-06T02:27:51.680849+00:00,Kansas City Chiefs,Buffalo Bills,moneyline,home,-150,
2026-10-04T02:27:52.405257+00:00,fanduel,NFL,nfl_stub_001,2026-10-06T02:27:51.680849+00:00,Kansas City Chiefs,Buffalo Bills,moneyline,away,130,
2026-10-04T02:27:52.405257+00:00,fanduel,NFL,nfl_stub_001,2026-10-06T02:27:51.680849+00:00,Kansas City Chiefs,Buffalo Bills,spread,home,-110,-3.0
2026-10-04T02:27:52.405257+00:00,fanduel,NFL,nfl_stub_001,2026-10-06T02:27:51.680849+00:00,Kansas City Chiefs,Buffalo Bills,spread,away,-110,3.0
2026-10-04T02:27:52.405257+00:00,fanduel,NFL,nfl_stub_001,2026-10-06T02:27:51.680849+00:00,Kansas City Chiefs,Buffalo Bills,total,over,-110,47.5
2026-10-04T02:27:52.405257+00:00,fanduel,NFL,nfl_stub_001,2026-10-06T02:27:51.680849+00:00,Kansas City Chiefs,Buffalo Bills,total,under,-110,47.5
2026-10-04T02:27:52.405257+00:00,fanduel,NFL,nfl_stub_002,2026-10-07T02:27:51.680849+00:00,San Francisco 49ers,Dallas Cowboys,moneyline,home,-180,
2026-10-04T02:27:52.405257+00:00,fanduel,NFL,nfl_stub_002,2026-10-07T02:27:51.680849+00:00,San Francisco 49ers,Dallas Cowboys,moneyline,away,155,
2026-10-04T02:27:52.405257+00:00,fanduel,NFL,nfl_stub_002,2026-10-07T02:27:51.680849+00:00,San Francisco 49ers,Dallas Cowboys,spread,home,-105,-4.0
2026-10-04T02:27:52.405257+00:00,fanduel,NFL,nfl_stub_002,2026-10-07T02:27:51.680849+00:00,San Francisco 49ers,Dallas Cowboys,spread,away,-115,4.0
2026-10-04T02:27:52.405257+00:00,fanduel,NFL,nfl_stub_002,2026-10-07T02:27:51.680849+00:00,San Francisco 49ers,Dallas Cowboys,total,over,-108,49.0
2026-10-04T02:27:52.405257+00:00,fanduel,NFL,nfl_stub_002,2026-10-07T02:27:51.680849+00:00,San Francisco 49ers,Dallas Cowboys,total,under,-112,49.0
2026-10-04T02:27:52.405257+00:00,fanduel,NBA,nba_stub_001,2026-10-05T02:27:51.841560+00:00,Los Angeles Lakers,Boston Celtics,moneyline,home,120,
2026-10-04T02:27:52.405257+00:00,fanduel,NBA,nba_stub_001,2026-10-05T02:27:51.841560+00:00,Los Angeles Lakers,Boston Celtics,moneyline,away,-140,
2026-10-04T02:27:52.405257+00:00,fanduel,NBA,nba_stub_001,2026-10-05T02:27:51.841560+00:00,Los Angeles Lakers,Boston Celtics,spread,home,-110,2.5
2026-10-04T02:27:52.405257+00:00,fanduel,NBA,nba_stub_001,2026-10-05T02:27:51.841560+00:00,Los Angeles Lakers,Boston Celtics,spread,away,-110,-2.5
2026-10-04T02:27:52.405257+00:00,fanduel,NBA,nba_stub_001,2026-10-05T02:27:51.841560+00:00,Los Angeles Lakers,Boston Celtics,total,over,-110,225.5
2026-10-04T02:27:52.405257+00:00,fanduel,NBA,nba_stub_001,2026-10-05T02:27:51.841560+00:00,Los Angeles Lakers,Boston Celtics,total,under,-110,225.5
2026-10-04T02:27:52.405257+00:00,fanduel,NBA,nba_stub_002,2026-10-05T05:27:51.841560+00:00,Golden State Warriors,Phoenix Suns,moneyline,home,-165,
2026-10-04T02:27:52.405257+00:00,fanduel,NBA,nba_stub_002,2026-10-05T05:27:51.841560+00:00,Golden State Warriors,Phoenix Suns,moneyline,away,145,
2026-10-04T02:27:52.405257+00:00,fanduel,NBA,nba_stub_002,2026-10-05T05:27:51.841560+00:00,Golden State Warriors,Phoenix Suns,spread,home,-108,-4.0
2026-10-04T02:27:52.405257+00:00,fanduel,NBA,nba_stub_002,2026-10-05T05:27:51.841560+00:00,Golden State Warriors,Phoenix Suns,spread,away,-112,4.0
2026-10-04T02:27:52.405257+00:00,fanduel,NBA,nba_stub_002,2026-10-05T05:27:51.841560+00:00,Golden State Warriors,Phoenix Suns,total,over,-105,232.0
2026-10-04T02:27:52.405257+00:00,fanduel,NBA,nba_stub_002,2026-10-05T05:27:51.841560+00:00,Golden State Warriors,Phoenix Suns,total,under,-115,232.0
2026-10-04T02:27:52.405257+00:00,fanduel,NBA,nba_stub_001,2026-10-05T02:27:52.156542+00:00,Los Angeles Lakers,Boston Celtics,moneyline,home,120,
2026-10-04T02:27:52.405257+00:00,fanduel,NBA,nba_stub_001,2026-10-05T02:27:52.156542+00:00,Los Angeles Lakers,Boston Celtics,moneyline,away,-140,
2026-10-04T02:27:52.405257+00:00,fanduel,NBA,nba_stub_001,2026-10-05T02:27:52.156542+00:00,Los Angeles Lakers,Boston Celtics,spread,home,-110,2.5
2026-10-04T02:27:52.405257+00:00,fanduel,NBA,nba_stub_001,2026-10-05T02:27:52.156542+00:00,Los Angeles Lakers,Boston Celtics,spread,away,-110,-2.5
2026-10-04T02:27:52.405257+00:00,fanduel,NBA,nba_stub_001,2026-10-05T02:27:52.156542+00:00,Los Angeles Lakers,Boston Celtics,total,over,-110,225.5
2026-10-04T02:27:52.405257+00:00,fanduel,NBA,nba_stub_001,2026-10-05T02:27:52.156542+00:00,Los Angeles Lakers,Boston Celtics,total,under,-110,225.5
2026-10-04T02:27:52.405257+00:00,fanduel,NBA,nba_stub_002,2026-10-05T05:27:52.156542+00:00,Golden State Warriors,Phoenix Suns,moneyline,home,-165,
2026-10-04T02:27:52.405257+00:00,fanduel,NBA,nba_stub_002,2026-10-05T05:27:52.156542+00:00,Golden State Warriors,Phoenix Suns,moneyline,away,145,
2026-10-04T02:27:52.405257+00:00,fanduel,NBA,nba_stub_002,2026-10-05T05:27:52.156542+00:00,Golden State Warriors,Phoenix Suns,spread,home,-108,-4.0
2026-10-04T02:27:52.405257+00:00,fanduel,NBA,nba_stub_002,2026-10-05T05:27:52.156542+00:00,Golden State Warriors,Phoenix Suns,spread,away,-112,4.0
2026-10-04T02:27:52.405257+00:00,fanduel,NBA,nba_stub_002,2026-10-05T05:27:52.156542+00:00,Golden State Warriors,Phoenix Suns,total,over,-105,232.0
2026-10-04T02:27:52.405257+00:00,fanduel,NBA,nba_stub_002,2026-10-05T05:27:52.156542+00:00,Golden State Warriors,Phoenix Suns,total,under,-115,232.0
2026-10-04T02:27:52.405257+00:00,fanduel,NHL,nhl_stub_001,2026-10-05T02:27:52.279653+00:00,Toronto Maple Leafs,Montreal Canadiens,moneyline,home,-155,
2026-10-04T02:27:52.405257+00:00,fanduel,NHL,nhl_stub_001,2026-10-05T02:27:52.279653+00:00,Toronto Maple Leafs,Montreal Canadiens,moneyline,away,135,
2026-10-04T02:27:52.405257+00:00,fanduel,NHL,nhl_stub_001,2026-10-05T02:27:52.279653+00:00,Toronto Maple Leafs,Montreal Canadiens,spread,home,-115,-1.5
2026-10-04T02:27:52.405257+00:00,fanduel,NHL,nhl_stub_001,2026-10-05T02:27:52.279653+00:00,Toronto Maple Leafs,Montreal Canadiens,spread,away,-105,1.5
2026-10-04T02:27:52.405257+00:00,fanduel,NHL,nhl_stub_001,2026-10-05T02:27:52.279653+00:00,Toronto Maple Leafs,Montreal Canadiens,total,over,-110,6.5
2026-10-04T02:27:52.405257+00:00,fanduel,NHL,nhl_stub_001,2026-10-05T02:27:52.279653+00:00,Toronto Maple Leafs,Montreal Canadiens,total,under,-110,6.5
2026-10-04T02:27:52.405257+00:00,fanduel,NHL,nhl_stub_002,2026-10-05T05:27:52.279653+00:00,Vegas Golden Knights,Colorado Avalanche,moneyline,home,-130,
2026-10-04T02:27:52.405257+00:00,fanduel,NHL,nhl_stub_002,2026-10-05T05:27:52.279653+00:00,Vegas Golden Knights,Colorado Avalanche,moneyline,away,110,
2026-10-04T02:27:52.405257+00:00,fanduel,NHL,nhl_stub_002,2026-10-05T05:27:52.279653+00:00,Vegas Golden Knights,Colorado Avalanche,spread,home,105,-1.5
2026-10-04T02:27:52.405257+00:00,fanduel,NHL,nhl_stub_002,2026-10-05T05:27:52.279653+00:00,Vegas Golden Knights,Colorado Avalanche,spread,away,-125,1.5
2026-10-04T02:27:52.405257+00:00,fanduel,NHL,nhl_stub_002,2026-10-05T05:27:52.279653+00:00,Vegas Golden Knights,Colorado Avalanche,total,over,-105,5.5
2026-10-04T02:27:52.405257+00:00,fanduel,NHL,nhl_stub_002,2026-10-05T05:27:52.279653+00:00,Vegas Golden Knights,Colorado Avalanche,total,under,-115,5.5
2026-10-04T02:27:52.405257+00:00,fanduel,MMA,mma_stub_001,2026-10-11T02:27:52.404244+00:00,Jon Jones,Stipe Miocic,moneyline,home,-250,
2026-10-04T02:27:52.405257+00:00,fanduel,MMA,mma_stub_001,2026-10-11T02:27:52.404244+00:00,Jon Jones,Stipe Miocic,moneyline,away,210,
2026-10-04T02:27:52.405257+00:00,fanduel,MMA,mma_stub_002,2026-10-11T04:27:52.404244+00:00,Islam Makhachev,Charles Oliveira,moneyline,home,-180,
2026-10-04T02:27:52.405257+00:00,fanduel,MMA,mma_stub_002,2026-10-11T04:27:52.404244+00:00,Islam Makhachev,Charles Oliveira,moneyline,away,155,
2026-10-04T04:15:35.374760+00:00,fanduel,NFL,nfl_stub_001,2026-10-06T04:15:34.427318+00:00,Kansas City Chiefs,Buffalo Bills,moneyline,home,-150,
2026-10-04T04:15:35.374760+00:00,fanduel,NFL,nfl_stub_001,2026-10-06T04:15:34.427318+00:00,Kansas City Chiefs,Buffalo Bills,moneyline,away,130,
2026-10-04T04:15:35.374760+00:00,fanduel,NFL,nfl_stub_001,2026-10-06T04:15:34.427318+00:00,Kansas City Chiefs,Buffalo Bills,spread,home,-110,-3.0
2026-10-04T04:15:35.374760+00:00,fanduel,NFL,nfl_stub_001,2026-10-06T04:15:34.427318+00:00,Kansas City Chiefs,Buffalo Bills,spread,away,-110,3.0
2026-10-04T04:15:35.374760+00:00,fanduel,NFL,nfl_stub_001,2026-10-06T04:15:34.427318+00:00,Kansas City Chiefs,Buffalo Bills,total,over,-110,47.5
2026-10-04T04:15:35.374760+00:00,fanduel,NFL,nfl_stub_001,2026-10-06T04:15:34.427318+00:00,Kansas City Chiefs,Buffalo Bills,total,under,-110,47.5
2026-10-04T04:15:35.374760+00:00,fanduel,NFL,nfl_stub_002,2026-10-07T04:15:34.427318+00:00,San Francisco 49ers,Dallas Cowboys,moneyline,home,-180,
2026-10-04T04:15:35.374760+00:00,fanduel,NFL,nfl_stub_002,2026-10-07T04:15:34.427318+00:00,San Francisco 49ers,Dallas Cowboys,moneyline,away,155,
2026-10-04T04:15:35.374760+00:00,fanduel,NFL,nfl_stub_002,2026-10-07T04:15:34.427318+00:00,San Francisco 49ers,Dallas Cowboys,spread,home,-105,-4.0
2026-10-04T04:15:35.374760+00:00,fanduel,NFL,nfl_stub_002,2026-10-07T04:15:34.427318+00:00,San Francisco 49ers,Dallas Cowboys,spread,away,-115,4.0
2026-10-04T04:15:35.374760+00:00,fanduel,NFL,nfl_stub_002,2026-10-07T04:15:34.427318+00:00,San Francisco 49ers,Dallas Cowboys,total,over,-108,49.0
2026-10-04T04:15:35.374760+00:00,fanduel,NFL,nfl_stub_002,2026-10-07T04:15:34.427318+00:00,San Francisco 49ers,Dallas Cowboys,total,under,-112,49.0
2026-10-04T04:15:35.374760+00:00,fanduel,NBA,nba_stub_001,2026-10-05T04:15:34.639014+00:00,Los Angeles Lakers,Boston Celtics,moneyline,home,120,
2026-10-04T04:15:35.374760+00:00,fanduel,NBA,nba_stub_001,2026-10-05T04:15:34.639014+00:00,Los Angeles Lakers,Boston Celtics,moneyline,away,-140,
2026-10-04T04:15:35.374760+00:00,fanduel,NBA,nba_stub_001,2026-10-05T04:15:34.639014+00:00,Los Angeles Lakers,Boston Celtics,spread,home,-110,2.5
2026-10-04T04:15:35.374760+00:00,fanduel,NBA,nba_stub_001,2026-10-05T04:15:34.639014+00:00,Los Angeles Lakers,Boston Celtics,spread,away,-110,-2.5
2026-10-04T04:15:35.374760+00:00,fanduel,NBA,nba_stub_001,2026-10-05T04:15:34.639014+00:00,Los Angeles Lakers,Boston Celtics,total,over,-110,225.5
2026-10-04T04:15:35.374760+00:00,fanduel,NBA,nba_stub_001,2026-10-05T04:15:34.639014+00:00,Los Angeles Lakers,Boston Celtics,total,under,-110,225.5
2026-10-04T04:15:35.374760+00:00,fanduel,NBA,nba_stub_002,2026-10-05T07:15:34.639014+00:00,Golden State Warriors,Phoenix Suns,moneyline,home,-165,
2026-10-04T04:15:35.374760+00:00,fanduel,NBA,nba_stub_002,2026-10-05T07:15:34.639014+00:00,Golden State Warriors,Phoenix Suns,moneyline,away,145,
2026-10-04T04:15:35.374760+00:00,fanduel,NBA,nba_stub_002,2026-10-05T07:15:34.639014+00:00,Golden State Warriors,Phoenix Suns,spread,home,-108,-4.0
2026-10-04T04:15:35.374760+00:00,fanduel,NBA,nba_stub_002,2026-10-05T07:15:34.639014+00:00,Golden State Warriors,Phoenix Suns,spread,away,-112,4.0
2026-10-04T04:15:35.374760+00:00,fanduel,NBA,nba_stub_002,2026-10-05T07:15:34.639014+00:00,Golden State Warriors,Phoenix Suns,total,over,-105,232.0
2026-10-04T04:15:35.374760+00:00,fanduel,NBA,nba_stub_002,2026-10-05T07:15:34.639014+00:00,Golden State Warriors,Phoenix Suns,total,under,-115,232.0
2026-10-04T04:15:35.374760+00:00,fanduel,NBA,nba_stub_001,2026-10-05T04:15:34.910075+00:00,Los Angeles Lakers,Boston Celtics,moneyline,home,120,
2026-10-04T04:15:35.374760+00:00,fanduel,NBA,nba_stub_001,2026-10-05T04:15:34.910075+00:00,Los Angeles Lakers,Boston Celtics,moneyline,away,-140,
2026-10-04T04:15:35.374760+00:00,fanduel,NBA,nba_stub_001,2026-10-05T04:15:34.910075+00:00,Los Angeles Lakers,Boston Celtics,spread,home,-110,2.5
2026-10-04T04:15:35.374760+00:00,fanduel,NBA,nba_stub_001,2026-10-05T04:15:34.910075+00:00,Los Angeles Lakers,Boston Celtics,spread,away,-110,-2.5
2026-10-04T04:15:35.374760+00:00,fanduel,NBA,nba_stub_001,2026-10-05T04:15:34.910075+00:00,Los Angeles Lakers,Boston Celtics,total,over,-110,225.5
2026-10-04T04:15:35.374760+00:00,fanduel,NBA,nba_stub_001,2026-10-05T04:15:34.910075+00:00,Los Angeles Lakers,Boston Celtics,total,under,-110,225.5
2026-10-04T04:15:35.374760+00:00,fanduel,NBA,nba_stub_002,2026-10-05T07:15:34.910075+00:00,Golden State Warriors,Phoenix Suns,moneyline,home,-165,
2026-10-04T04:15:35.374760+00:00,fanduel,NBA,nba_stub_002,2026-10-05T07:15:34.910075+00:00,Golden State Warriors,Phoenix Suns,moneyline,away,145,
2026-10-04T04:15:35.374760+00:00,fanduel,NBA,nba_stub_002,2026-10-05T07:15:34.910075+00:00,Golden State Warriors,Phoenix Suns,spread,home,-108,-4.0
2026-10-04T04:15:35.374760+00:00,fanduel,NBA,nba_stub_002,2026-10-05T07:15:34.910075+00:00,Golden State Warriors,Phoenix Suns,spread,away,-112,4.0
2026-10-04T04:15:35.374760+00:00,fanduel,NBA,nba_stub_002,2026-10-05T07:15:34.910075+00:00,Golden State Warriors,Phoenix Suns,total,over,-105,232.0
2026-10-04T04:15:35.374760+00:00,fanduel,NBA,nba_stub_002,2026-10-05T07:15:34.910075+00:00,Golden State Warriors,Phoenix Suns,total,under,-115,232.0
2026-10-04T04:15:35.374760+00:00,fanduel,NHL,nhl_stub_001,2026-10-05T04:15:35.137821+00:00,Toronto Maple Leafs,Montreal Canadiens,moneyline,home,-155,
2026-10-04T04:15:35.374760+00:00,fanduel,NHL,nhl_stub_001,2026-10-05T04:15:35.137821+00:00,Toronto Maple Leafs,Montreal Canadiens,moneyline,away,135,
2026-10-04T04:15:35.374760+00:00,fanduel,NHL,nhl_stub_001,2026-10-05T04:15:35.137821+00:00,Toronto Maple Leafs,Montreal Canadiens,spread,home,-115,-1.5
2026-10-04T04:15:35.374760+00:00,fanduel,NHL,nhl_stub_001,2026-10-05T04:15:35.137821+00:00,Toronto Maple Leafs,Montreal Canadiens,spread,away,-105,1.5
2026-10-04T04:15:35.374760+00:00,fanduel,NHL,nhl_stub_001,2026-10-05T04:15:35.137821+00:00,Toronto Maple Leafs,Montreal Canadiens,total,over,-110,6.5
2026-10-04T04:15:35.374760+00:00,fanduel,NHL,nhl_stub_001,2026-10-05T04:15:35.137821+00:00,Toronto Maple Leafs,Montreal Canadiens,total,under,-110,6.5
2026-10-04T04:15:35.374760+00:00,fanduel,NHL,nhl_stub_002,2026-10-05T07:15:35.137821+00:00,Vegas Golden Knights,Colorado Avalanche,moneyline,home,-130,
2026-10-04T04:15:35.374760+00:00,fanduel,NHL,nhl_stub_002,2026-10-05T07:15:35.137821+00:00,Vegas Golden Knights,Colorado Avalanche,moneyline,away,110,
2026-10-04T04:15:35.374760+00:00,fanduel,NHL,nhl_stub_002,2026-10-05T07:15:35.137821+00:00,Vegas Golden Knights,Colorado Avalanche,spread,home,105,-1.5
2026-10-04T04:15:35.374760+00:00,fanduel,NHL,nhl_stub_002,2026-10-05T07:15:35.137821+00:00,Vegas Golden Knights,Colorado Avalanche,spread,away,-125,1.5
2026-10-04T04:15:35.374760+00:00,fanduel,NHL,nhl_stub_002,2026-10-05T07:15:35.137821+00:00,Vegas Golden Knights,Colorado Avalanche,total,over,-105,5.5
2026-10-04T04:15:35.374760+00:00,fanduel,NHL,nhl_stub_002,2026-10-05T07:15:35.137821+00:00,Vegas Golden Knights,Colorado Avalanche,total,under,-115,5.5
2026-10-04T04:15:35.374760+00:00,fanduel,MMA,mma_stub_001,2026-10-11T04:15:35.374225+00:00,Jon Jones,Stipe Miocic,moneyline,home,-250,
2026-10-04T04:15:35.374760+00:00,fanduel,MMA,mma_stub_001,2026-10-11T04:15:35.374225+00:00,Jon Jones,Stipe Miocic,moneyline,away,210,
2026-10-04T04:15:35.374760+00:00,fanduel,MMA,mma_stub_002,2026-10-11T06:15:35.374225+00:00,Islam Makhachev,Charles Oliveira,moneyline,home,-180,
2026-10-04T04:15:35.374760+00:00,fanduel,MMA,mma_stub_002,2026-10-11T06:15:35.374225+00:00,Islam Makhachev,Charles Oliveira,moneyline,away,155,
2026-10-04T04:48:23.381961+00:00,fanduel,NFL,nfl_stub_001,2026-10-06T04:48:22.837768+00:00,Kansas City Chiefs,Buffalo Bills,moneyline,home,-150,
2026-10-04T04:48:23.381961+00:00,fanduel,NFL,nfl_stub_001,2026-10-06T04:48:22.837768+00:00,Kansas City Chiefs,Buffalo Bills,moneyline,away,130,
2026-10-04T04:48:23.381961+00:00,fanduel,NFL,nfl_stub_001,2026-10-06T04:48:22.837768+00:00,Kansas City Chiefs,Buffalo Bills,spread,home,-110,-3.0
2026-10-04T04:48:23.381961+00:00,fanduel,NFL,nfl_stub_001,2026-10-06T04:48:22.837768+00:00,Kansas City Chiefs,Buffalo Bills,spread,away,-110,3.0
2026-10-04T04:48:23.381961+00:00,fanduel,NFL,nfl_stub_001,2026-10-06T04:48:22.837768+00:00,Kansas City Chiefs,Buffalo Bills,total,over,-110,47.5
2026-10-04T04:48:23.381961+00:00,fanduel,NFL,nfl_stub_001,2026-10-06T04:48:22.837768+00:00,Kansas City Chiefs,Buffalo Bills,total,under,-110,47.5
2026-10-04T04:48:23.381961+00:00,fanduel,NFL,nfl_stub_002,2026-10-07T04:48:22.837768+00:00,San Francisco 49ers,Dallas Cowboys,moneyline,home,-180,
2026-10-04T04:48:23.381961+00:00,fanduel,NFL,nfl_stub_002,2026-10-07T04:48:22.837768+00:00,San Francisco 49ers,Dallas Cowboys,moneyline,away,155,
2026-10-04T04:48:23.381961+00:00,fanduel,NFL,nfl_stub_002,2026-10-07T04:48:22.837768+00:00,San Francisco 49ers,Dallas Cowboys,spread,home,-105,-4.0
2026-10-04T04:48:23.381961+00:00,fanduel,NFL,nfl_stub_002,2026-10-07T04:48:22.837768+00:00,San Francisco 49ers,Dallas Cowboys,spread,away,-115,4.0
2026-10-04T04:48:23.381961+00:00,fanduel,NFL,nfl_stub_002,2026-10-07T04:48:22.837768+00:00,San Francisco 49ers,Dallas Cowboys,total,over,-108,49.0
2026-10-04T04:48:23.381961+00:00,fanduel,NFL,nfl_stub_002,2026-10-07T04:48:22.837768+00:00,San Francisco 49ers,Dallas Cowboys,total,under,-112,49.0
2026-10-04T04:48:23.381961+00:00,fanduel,NBA,nba_stub_001,2026-10-05T04:48:22.949308+00:00,Los Angeles Lakers,Boston Celtics,moneyline,home,120,
2026-10-04T04:48:23.381961+00:00,fanduel,NBA,nba_stub_001,2026-10-05T04:48:22.949308+00:00,Los Angeles Lakers,Boston Celtics,moneyline,away,-140,
2026-10-04T04:48:23.381961+00:00,fanduel,NBA,nba_stub_001,2026-10-05T04:48:22.949308+00:00,Los Angeles Lakers,Boston Celtics,spread,home,-110,2.5
2026-10-04T04:48:23.381961+00:00,fanduel,NBA,nba_stub_001,2026-10-05T04:48:22.949308+00:00,Los Angeles Lakers,Boston Celtics,spread,away,-110,-2.5
2026-10-04T04:48:23.381961+00:00,fanduel,NBA,nba_stub_001,2026-10-05T04:48:22.949308+00:00,Los Angeles Lakers,Boston Celtics,total,over,-110,225.5
2026-10-04T04:48:23.381961+00:00,fanduel,NBA,nba_stub_001,2026-10-05T04:48:22.949308+00:00,Los Angeles Lakers,Boston Celtics,total,under,-110,225.5
2026-10-04T04:48:23.381961+00:00,fanduel,NBA,nba_stub_002,2026-10-05T07:48:22.949308+00:00,Golden State Warriors,Phoenix Suns,moneyline,home,-165,
2026-10-04T04:48:23.381961+00:00,fanduel,NBA,nba_stub_002,2026-10-05T07:48:22.949308+00:00,Golden State Warriors,Phoenix Suns,moneyline,away,145,
2026-10-04T04:48:23.381961+00:00,fanduel,NBA,nba_stub_002,2026-10-05T07:48:22.949308+00:00,Golden State Warriors,Phoenix Suns,spread,home,-108,-4.0
2026-10-04T04:48:23.381961+00:00,fanduel,NBA,nba_stub_002,2026-10-05T07:48:22.949308+00:00,Golden State Warriors,Phoenix Suns,spread,away,-112,4.0
2026-10-04T04:48:23.381961+00:00,fanduel,NBA,nba_stub_002,2026-10-05T07:48:22.949308+00:00,Golden State Warriors,Phoenix Suns,total,over,-105,232.0
2026-10-04T04:48:23.381961+00:00,fanduel,NBA,nba_stub_002,2026-10-05T07:48:22.949308+00:00,Golden State Warriors,Phoenix Suns,total,under,-115,232.0
2026-10-04T04:48:23.381961+00:00,fanduel,NBA,nba_stub_001,2026-10-05T04:48:23.140934+00:00,Los Angeles Lakers,Boston Celtics,moneyline,home,120,
2026-10-04T04:48:23.381961+00:00,fanduel,NBA,nba_stub_001,2026-10-05T04:48:23.140934+00:00,Los Angeles Lakers,Boston Celtics,moneyline,away,-140,
2026-10-04T04:48:23.381961+00:00,fanduel,NBA,nba_stub_001,2026-10-05T04:48:23.140934+00:00,Los Angeles Lakers,Boston Celtics,spread,home,-110,2.5
2026-10-04T04:48:23.381961+00:00,fanduel,NBA,nba_stub_001,2026-10-05T04:48:23.140934+00:00,Los Angeles Lakers,Boston Celtics,spread,away,-110,-2.5
2026-10-04T04:48:23.381961+00:00,fanduel,NBA,nba_stub_001,2026-10-05T04:48:23.140934+00:00,Los Angeles Lakers,Boston Celtics,total,over,-110,225.5
2026-10-04T04:48:23.381961+00:00,fanduel,NBA,nba_stub_001,2026-10-05T04:48:23.140934+00:00,Los Angeles Lakers,Boston Celtics,total,under,-110,225.5
2026-10-04T04:48:23.381961+00:00,fanduel,NBA,nba_stub_002,2026-10-05T07:48:23.140934+00:00,Golden State Warriors,Phoenix Suns,moneyline,home,-165,
2026-10-04T04:48:23.381961+00:00,fanduel,NBA,nba_stub_002,2026-10-05T07:48:23.140934+00:00,Golden State Warriors,Phoenix Suns,moneyline,away,145,
2026-10-04T04:48:23.381961+00:00,fanduel,NBA,nba_stub_002,2026-10-05T07:48:23.140934+00:00,Golden State Warriors,Phoenix Suns,spread,home,-108,-4.0
2026-10-04T04:48:23.381961+00:00,fanduel,NBA,nba_stub_002,2026-10-05T07:48:23.140934+00:00,Golden State Warriors,Phoenix Suns,spread,away,-112,4.0
2026-10-04T04:48:23.381961+00:00,fanduel,NBA,nba_stub_002,2026-10-05T07:48:23.140934+00:00,Golden State Warriors,Phoenix Suns,total,over,-105,232.0
2026-10-04T04:48:23.381961+00:00,fanduel,NBA,nba_stub_002,2026-10-05T07:48:23.140934+00:00,Golden State Warriors,Phoenix Suns,total,under,-115,232.0
2026-10-04T04:48:23.381961+00:00,fanduel,NHL,nhl_stub_001,2026-10-05T04:48:23.239179+00:00,Toronto Maple Leafs,Montreal Canadiens,moneyline,home,-155,
2026-10-04T04:48:23.381961+00:00,fanduel,NHL,nhl_stub_001,2026-10-05T04:48:23.239179+00:00,Toronto Maple Leafs,Montreal Canadiens,moneyline,away,135,
2026-10-04T04:48:23.381961+00:00,fanduel,NHL,nhl_stub_001,2026-10-05T04:48:23.239179+00:00,Toronto Maple Leafs,Montreal Canadiens,spread,home,-115,-1.5
2026-10-04T04:48:23.381961+00:00,fanduel,NHL,nhl_stub_001,2026-10-05T04:48:23.239179+00:00,Toronto Maple Leafs,Montreal Canadiens,spread,away,-105,1.5
2026-10-04T04:48:23.381961+00:00,fanduel,NHL,nhl_stub_001,2026-10-05T04:48:23.239179+00:00,Toronto Maple Leafs,Montreal Canadiens,total,over,-110,6.5
2026-10-04T04:48:23.381961+00:00,fanduel,NHL,nhl_stub_001,2026-10-05T04:48:23.239179+00:00,Toronto Maple Leafs,Montreal Canadiens,total,under,-110,6.5
2026-10-04T04:48:23.381961+00:00,fanduel,NHL,nhl_stub_002,2026-10-05T07:48:23.239179+00:00,Vegas Golden Knights,Colorado Avalanche,moneyline,home,-130,
2026-10-04T04:48:23.381961+00:00,fanduel,NHL,nhl_stub_002,2026-10-05T07:48:23.239179+00:00,Vegas Golden Knights,Colorado Avalanche,moneyline,away,110,
2026-10-04T04:48:23.381961+00:00,fanduel,NHL,nhl_stub_002,2026-10-05T07:48:23.239179+00:00,Vegas Golden Knights,Colorado Avalanche,spread,home,105,-1.5
2026-10-04T04:48:23.381961+00:00,fanduel,NHL,nhl_stub_002,2026-10-05T07:48:23.239179+00:00,Vegas Golden Knights,Colorado Avalanche,spread,away,-125,1.5
2026-10-04T04:48:23.381961+00:00,fanduel,NHL,nhl_stub_002,2026-10-05T07:48:23.239179+00:00,Vegas Golden Knights,Colorado Avalanche,total,over,-105,5.5
2026-10-04T04:48:23.381961+00:00,fanduel,NHL,nhl_stub_002,2026-10-05T07:48:23.239179+00:00,Vegas Golden Knights,Colorado Avalanche,total,under,-115,5.5
2026-10-04T04:48:23.381961+00:00,fanduel,MMA,mma_stub_001,2026-10-11T04:48:23.380580+00:00,Jon Jones,Stipe Miocic,moneyline,home,-250,
2026-10-04T04:48:23.381961+00:00,fanduel,MMA,mma_stub_001,2026-10-11T04:48:23.380580+00:00,Jon Jones,Stipe Miocic,moneyline,away,210,
2026-10-04T04:48:23.381961+00:00,fanduel,MMA,mma_stub_002,2026-10-11T06:48:23.380580+00:00,Islam Makhachev,Charles Oliveira,moneyline,home,-180,
2026-10-04T04:48:23.381961+00:00,fanduel,MMA,mma_stub_002,2026-10-11T06:48:23.380580+00:00,Islam Makhachev,Charles Oliveira,moneyline,away,155,
2026-10-04T10:41:41.684941+00:00,fanduel,NFL,nfl_stub_001,2026-10-06T10:41:41.297079+00:00,Kansas City Chiefs,Buffalo Bills,moneyline,home,-150,
2026-10-04T10:41:41.684941+00:00,fanduel,NFL,nfl_stub_001,2026-10-06T10:41:41.297079+00:00,Kansas City Chiefs,Buffalo Bills,moneyline,away,130,
2026-10-04T10:41:41.684941+00:00,fanduel,NFL,nfl_stub_001,2026-10-06T10:41:41.297079+00:00,Kansas City Chiefs,Buffalo Bills,spread,home,-110,-3.0
2026-10-04T10:41:41.684941+00:00,fanduel,NFL,nfl_stub_001,2026-10-06T10:41:41.297079+00:00,Kansas City Chiefs,Buffalo Bills,spread,away,-110,3.0
2026-10-04T10:41:41.684941+00:00,fanduel,NFL,nfl_stub_001,2026-10-06T10:41:41.297079+00:00,Kansas City Chiefs,Buffalo Bills,total,over,-110,47.5
2026-10-04T10:41:41.684941+00:00,fanduel,NFL,nfl_stub_001,2026-10-06T10:41:41.297079+00:00,Kansas City Chiefs,Buffalo Bills,total,under,-110,47.5
2026-10-04T10:41:41.684941+00:00,fanduel,NFL,nfl_stub_002,2026-10-07T10:41:41.297079+00:00,San Francisco 49ers,Dallas Cowboys,moneyline,home,-180,
2026-10-04T10:41:41.684941+00:00,fanduel,NFL,nfl_stub_002,2026-10-07T10:41:41.297079+00:00,San Francisco 49ers,Dallas Cowboys,moneyline,away,155,
2026-10-04T10:41:41.684941+00:00,fanduel,NFL,nfl_stub_002,2026-10-07T10:41:41.297079+00:00,San Francisco 49ers,Dallas Cowboys,spread,home,-105,-4.0
2026-10-04T10:41:41.684941+00:00,fanduel,NFL,nfl_stub_002,2026-10-07T10:41:41.297079+00:00,San Francisco 49ers,Dallas Cowboys,spread,away,-115,4.0
2026-10-04T10:41:41.684941+00:00,fanduel,NFL,nfl_stub_002,2026-10-07T10:41:41.297079+00:00,San Francisco 49ers,Dallas Cowboys,total,over,-108,49.0
2026-10-04T10:41:41.684941+00:00,fanduel,NFL,nfl_stub_002,2026-10-07T10:41:41.297079+00:00,San Francisco 49ers,Dallas Cowboys,total,under,-112,49.0
2026-10-04T10:41:41.684941+00:00,fanduel,NBA,nba_stub_001,2026-10-05T10:41:41.352591+00:00,Los Angeles Lakers,Boston Celtics,moneyline,home,120,
2026-10-04T10:41:41.684941+00:00,fanduel,NBA,nba_stub_001,2026-10-05T10:41:41.352591+00:00,Los Angeles Lakers,Boston Celtics,moneyline,away,-140,
2026-10-04T10:41:41.684941+00:00,fanduel,NBA,nba_stub_001,2026-10-05T10:41:41.352591+00:00,Los Angeles Lakers,Boston Celtics,spread,home,-110,2.5
2026-10-04T10:41:41.684941+00:00,fanduel,NBA,nba_stub_001,2026-10-05T10:41:41.352591+00:00,Los Angeles Lakers,Boston Celtics,spread,away,-110,-2.5
2026-10-04T10:41:41.684941+00:00,fanduel,NBA,nba_stub_001,2026-10-05T10:41:41.352591+00:00,Los Angeles Lakers,Boston Celtics,total,over,-110,225.5
2026-10-04T10:41:41.684941+00:00,fanduel,NBA,nba_stub_001,2026-10-05T10:41:41.352591+00:00,Los Angeles Lakers,Boston Celtics,total,under,-110,225.5
2026-10-04T10:41:41.684941+00:00,fanduel,NBA,nba_stub_002,2026-10-05T13:41:41.352591+00:00,Golden State Warriors,Phoenix Suns,moneyline,home,-165,
2026-10-04T10:41:41.684941+00:00,fanduel,NBA,nba_stub_002,2026-10-05T13:41:41.352591+00:00,Golden State Warriors,Phoenix Suns,moneyline,away,145,
2026-10-04T10:41:41.684941+00:00,fanduel,NBA,nba_stub_002,2026-10-05T13:41:41.352591+00:00,Golden State Warriors,Phoenix Suns,spread,home,-108,-4.0
2026-10-04T10:41:41.684941+00:00,fanduel,NBA,nba_stub_002,2026-10-05T13:41:41.352591+00:00,Golden State Warriors,Phoenix Suns,spread,away,-112,4.0
2026-10-04T10:41:41.684941+00:00,fanduel,NBA,nba_stub_002,2026-10-05T13:41:41.352591+00:00,Golden State Warriors,Phoenix Suns,total,over,-105,232.0
2026-10-04T10:41:41.684941+00:00,fanduel,NBA,nba_stub_002,2026-10-05T13:41:41.352591+00:00,Golden State Warriors,Phoenix Suns,total,under,-115,232.0
2026-10-04T10:41:41.684941+00:00,fanduel,NBA,nba_stub_001,2026-10-05T10:41:41.534162+00:00,Los Angeles Lakers,Boston Celtics,moneyline,home,120,
2026-10-04T10:41:41.684941+00:00,fanduel,NBA,nba_stub_001,2026-10-05T10:41:41.534162+00:00,Los Angeles Lakers,Boston Celtics,moneyline,away,-140,
2026-10-04T10:41:41.684941+00:00,fanduel,NBA,nba_stub_001,2026-10-05T10:41:41.534162+00:00,Los Angeles Lakers,Boston Celtics,spread,home,-110,2.5
2026-10-04T10:41:41.684941+00:00,fanduel,NBA,nba_stub_001,2026-10-05T10:41:41.534162+00:00,Los Angeles Lakers,Boston Celtics,spread,away,-110,-2.5
2026-10-04T10:41:41.684941+00:00,fanduel,NBA,nba_stub_001,2026-10-05T10:41:41.534162+00:00,Los Angeles Lakers,Boston Celtics,total,over,-110,225.5
2026-10-04T10:41:41.684941+00:00,fanduel,NBA,nba_stub_001,2026-10-05T10:41:41.534162+00:00,Los Angeles Lakers,Boston Celtics,total,under,-110,225.5
2026-10-04T10:41:41.684941+00:00,fanduel,NBA,nba_stub_002,2026-10-05T13:41:41.534162+00:00,Golden State Warriors,Phoenix Suns,moneyline,home,-165,
2026-10-04T10:41:41.684941+00:00,fanduel,NBA,nba_stub_002,2026-10-05T13:41:41.534162+00:00,Golden State Warriors,Phoenix Suns,moneyline,away,145,
2026-10-04T10:41:41.684941+00:00,fanduel,NBA,nba_stub_002,2026-10-05T13:41:41.534162+00:00,Golden State Warriors,Phoenix Suns,spread,home,-108,-4.0
2026-10-04T10:41:41.684941+00:00,fanduel,NBA,nba_stub_002,2026-10-05T13:41:41.534162+00:00,Golden State Warriors,Phoenix Suns,spread,away,-112,4.0
2026-10-04T10:41:41.684941+00:00,fanduel,NBA,nba_stub_002,2026-10-05T13:41:41.534162+00:00,Golden State Warriors,Phoenix Suns,total,over,-105,232.0
2026-10-04T10:41:41.684941+00:00,fanduel,NBA,nba_stub_002,2026-10-05T13:41:41.534162+00:00,Golden State Warriors,Phoenix Suns,total,under,-115,232.0
2026-10-04T10:41:41.684941+00:00,fanduel,NHL,nhl_stub_001,2026-10-05T10:41:41.602772+00:00,Toronto Maple Leafs,Montreal Canadiens,moneyline,home,-155,
2026-10-04T10:41:41.684941+00:00,fanduel,NHL,nhl_stub_001,2026-10-05T10:41:41.602772+00:00,Toronto Maple Leafs,Montreal Canadiens,moneyline,away,135,
2026-10-04T10:41:41.684941+00:00,fanduel,NHL,nhl_stub_001,2026-10-05T10:41:41.602772+00:00,Toronto Maple Leafs,Montreal Canadiens,spread,home,-115,-1.5
2026-10-04T10:41:41.684941+00:00,fanduel,NHL,nhl_stub_001,2026-10-05T10:41:41.602772+00:00,Toronto Maple Leafs,Montreal Canadiens,spread,away,-105,1.5
2026-10-04T10:41:41.684941+00:00,fanduel,NHL,nhl_stub_001,2026-10-05T10:41:41.602772+00:00,Toronto Maple Leafs,Montreal Canadiens,total,over,-110,6.5
2026-10-04T10:41:41.684941+00:00,fanduel,NHL,nhl_stub_001,2026-10-05T10:41:41.602772+00:00,Toronto Maple Leafs,Montreal Canadiens,total,under,-110,6.5
2026-10-04T10:41:41.684941+00:00,fanduel,NHL,nhl_stub_002,2026-10-05T13:41:41.602772+00:00,Vegas Golden Knights,Colorado Avalanche,moneyline,home,-130,
2026-10-04T10:41:41.684941+00:00,fanduel,NHL,nhl_stub_002,2026-10-05T13:41:41.602772+00:00,Vegas Golden Knights,Colorado Avalanche,moneyline,away,110,
2026-10-04T10:41:41.684941+00:00,fanduel,NHL,nhl_stub_002,2026-10-05T13:41:41.602772+00:00,Vegas Golden Knights,Colorado Avalanche,spread,home,105,-1.5
2026-10-04T10:41:41.684941+00:00,fanduel,NHL,nhl_stub_002,2026-10-05T13:41:41.602772+00:00,Vegas Golden Knights,Colorado Avalanche,spread,away,-125,1.5
2026-10-04T10:41:41.684941+00:00,fanduel,NHL,nhl_stub_002,2026-10-05T13:41:41.602772+00:00,Vegas Golden Knights,Colorado Avalanche,total,over,-105,5.5
2026-10-04T10:41:41.684941+00:00,fanduel,NHL,nhl_stub_002,2026-10-05T13:41:41.602772+00:00,Vegas Golden Knights,Colorado Avalanche,total,under,-115,5.5
2026-10-04T10:41:41.684941+00:00,fanduel,MMA,mma_stub_001,2026-10-11T10:41:41.684019+00:00,Jon Jones,Stipe Miocic,moneyline,home,-250,
2026-10-04T10:41:41.684941+00:00,fanduel,MMA,mma_stub_001,2026-10-11T10:41:41.684019+00:00,Jon Jones,Stipe Miocic,moneyline,away,210,
2026-10-04T10:41:41.684941+00:00,fanduel,MMA,mma_stub_002,2026-10-11T12:41:41.684019+00:00,Islam Makhachev,Charles Oliveira,moneyline,home,-180,
2026-10-04T10:41:41.684941+00:00,fanduel,MMA,mma_stub_002,2026-10-11T12:41:41.684019+00:00,Islam Makhachev,Charles Oliveira,moneyline,away,155,
2026-10-04T10:47:41.736727+00:00,fanduel,NFL,nfl_stub_001,2026-10-06T10:47:40.987662+00:00,Kansas City Chiefs,Buffalo Bills,moneyline,home,-150,
2026-10-04T10:47:41.736727+00:00,fanduel,NFL,nfl_stub_001,2026-10-06T10:47:40.987662+00:00,Kansas City Chiefs,Buffalo Bills,moneyline,away,130,
2026-10-04T10:47:41.736727+00:00,fanduel,NFL,nfl_stub_001,2026-10-06T10:47:40.987662+00:00,Kansas City Chiefs,Buffalo Bills,spread,home,-110,-3.0
2026-10-04T10:47:41.736727+00:00,fanduel,NFL,nfl_stub_001,2026-10-06T10:47:40.987662+00:00,Kansas City Chiefs,Buffalo Bills,spread,away,-110,3.0
2026-10-04T10:47:41.736727+00:00,fanduel,NFL,nfl_stub_001,2026-10-06T10:47:40.987662+00:00,Kansas City Chiefs,Buffalo Bills,total,over,-110,47.5
2026-10-04T10:47:41.736727+00:00,fanduel,NFL,nfl_stub_001,2026-10-06T10:47:40.987662+00:00,Kansas City Chiefs,Buffalo Bills,total,under,-110,47.5
2026-10-04T10:47:41.736727+00:00,fanduel,NFL,nfl_stub_002,2026-10-07T10:47:40.987662+00:00,San Francisco 49ers,Dallas Cowboys,moneyline,home,-180,
2026-10-04T10:47:41.736727+00:00,fanduel,NFL,nfl_stub_002,2026-10-07T10:47:40.987662+00:00,San Francisco 49ers,Dallas Cowboys,moneyline,away,155,
2026-10-04T10:47:41.736727+00:00,fanduel,NFL,nfl_stub_002,2026-10-07T10:47:40.987662+00:00,San Francisco 49ers,Dallas Cowboys,spread,home,-105,-4.0
2026-10-04T10:47:41.736727+00:00,fanduel,NFL,nfl_stub_002,2026-10-07T10:47:40.987662+00:00,San Francisco 49ers,Dallas Cowboys,spread,away,-115,4.0
2026-10-04T10:47:41.736727+00:00,fanduel,NFL,nfl_stub_002,2026-10-07T10:47:40.987662+00:00,San Francisco 49ers,Dallas Cowboys,total,over,-108,49.0
2026-10-04T10:47:41.736727+00:00,fanduel,NFL,nfl_stub_002,2026-10-07T10:47:40.987662+00:00,San Francisco 49ers,Dallas Cowboys,total,under,-112,49.0
2026-10-04T10:47:41.736727+00:00,fanduel,NBA,nba_stub_001,2026-10-05T10:47:41.148036+00:00,Los Angeles Lakers,Boston Celtics,moneyline,home,120,
2026-10-04T10:47:41.736727+00:00,fanduel,NBA,nba_stub_001,2026-10-05T10:47:41.148036+00:00,Los Angeles Lakers,Boston Celtics,moneyline,away,-140,
2026-10-04T10:47:41.736727+00:00,fanduel,NBA,nba_stub_001,2026-10-05T10:47:41.148036+00:00,Los Angeles Lakers,Boston Celtics,spread,home,-110,2.5
2026-10-04T10:47:41.736727+00:00,fanduel,NBA,nba_stub_001,2026-10-05T10:47:41.148036+00:00,Los Angeles Lakers,Boston Celtics,spread,away,-110,-2.5
2026-10-04T10:47:41.736727+00:00,fanduel,NBA,nba_stub_001,2026-10-05T10:47:41.148036+00:00,Los Angeles Lakers,Boston Celtics,total,over,-110,225.5
2026-10-04T10:47:41.736727+00:00,fanduel,NBA,nba_stub_001,2026-10-05T10:47:41.148036+00:00,Los Angeles Lakers,Boston Celtics,total,under,-110,225.5
2026-10-04T10:47:41.736727+00:00,fanduel,NBA,nba_stub_002,2026-10-05T13:47:41.148036+00:00,Golden State Warriors,Phoenix Suns,moneyline,home,-165,
2026-10-04T10:47:41.736727+00:00,fanduel,NBA,nba_stub_002,2026-10-05T13:47:41.148036+00:00,Golden State Warriors,Phoenix Suns,moneyline,away,145,
2026-10-04T10:47:41.736727+00:00,fanduel,NBA,nba_stub_002,2026-10-05T13:47:41.148036+00:00,Golden State Warriors,Phoenix Suns,spread,home,-108,-4.0
2026-10-04T10:47:41.736727+00:00,fanduel,NBA,nba_stub_002,2026-10-05T13:47:41.148036+00:00,Golden State Warriors,Phoenix Suns,spread,away,-112,4.0
2026-10-04T10:47:41.736727+00:00,fanduel,NBA,nba_stub_002,2026-10-05T13:47:41.148036+00:00,Golden State Warriors,Phoenix Suns,total,over,-105,232.0
2026-10-04T10:47:41.736727+00:00,fanduel,NBA,nba_stub_002,2026-10-05T13:47:41.148036+00:00,Golden State Warriors,Phoenix Suns,total,under,-115,232.0
2026-10-04T10:47:41.736727+00:00,fanduel,NBA,nba_stub_001,2026-10-05T10:47:41.450901+00:00,Los Angeles Lakers,Boston Celtics,moneyline,home,120,
2026-10-04T10:47:41.736727+00:00,fanduel,NBA,nba_stub_001,2026-10-05T10:47:41.450901+00:00,Los Angeles Lakers,Boston Celtics,moneyline,away,-140,
2026-10-04T10:47:41.736727+00:00,fanduel,NBA,nba_stub_001,2026-10-05T10:47:41.450901+00:00,Los Angeles Lakers,Boston Celtics,spread,home,-110,2.5
2026-10-04T10:47:41.736727+00:00,fanduel,NBA,nba_stub_001,2026-10-05T10:47:41.450901+00:00,Los Angeles Lakers,Boston Celtics,spread,away,-110,-2.5
2026-10-04T10:47:41.736727+00:00,fanduel,NBA,nba_stub_001,2026-10-05T10:47:41.450901+00:00,Los Angeles Lakers,Boston Celtics,total,over,-110,225.5
2026-10-04T10:47:41.736727+00:00,fanduel,NBA,nba_stub_001,2026-10-05T10:47:41.450901+00:00,Los Angeles Lakers,Boston Celtics,total,under,-110,225.5
2026-10-04T10:47:41.736727+00:00,fanduel,NBA,nba_stub_002,2026-10-05T13:47:41.450901+00:00,Golden State Warriors,Phoenix Suns,moneyline,home,-165,
2026-10-04T10:47:41.736727+00:00,fanduel,NBA,nba_stub_002,2026-10-05T13:47:41.450901+00:00,Golden State Warriors,Phoenix Suns,moneyline,away,145,
2026-10-04T10:47:41.736727+00:00,fanduel,NBA,nba_stub_002,2026-10-05T13:47:41.450901+00:00,Golden State Warriors,Phoenix Suns,spread,home,-108,-4.0
2026-10-04T10:47:41.736727+00:00,fanduel,NBA,nba_stub_002,2026-10-05T13:47:41.450901+00:00,Golden State Warriors,Phoenix Suns,spread,away,-112,4.0
2026-10-04T10:47:41.736727+00:00,fanduel,NBA,nba_stub_002,2026-10-05T13:47:41.450901+00:00,Golden State Warriors,Phoenix Suns,total,over,-105,232.0
2026-10-04T10:47:41.736727+00:00,fanduel,NBA,nba_stub_002,2026-10-05T13:47:41.450901+00:00,Golden State Warriors,Phoenix Suns,total,under,-115,232.0
2026-10-04T10:47:41.736727+00:00,fanduel,NHL,nhl_stub_001,2026-10-05T10:47:41.603774+00:00,Toronto Maple Leafs,Montreal Canadiens,moneyline,home,-155,
2026-10-04T10:47:41.736727+00:00,fanduel,NHL,nhl_stub_001,2026-10-05T10:47:41.603774+00:00,Toronto Maple Leafs,Montreal Canadiens,moneyline,away,135,
2026-10-04T10:47:41.736727+00:00,fanduel,NHL,nhl_stub_001,2026-10-05T10:47:41.603774+00:00,Toronto Maple Leafs,Montreal Canadiens,spread,home,-115,-1.5
2026-10-04T10:47:41.736727+00:00,fanduel,NHL,nhl_stub_001,2026-10-05T10:47:41.603774+00:00,Toronto Maple Leafs,Montreal Canadiens,spread,away,-105,1.5
2026-10-04T10:47:41.736727+00:00,fanduel,NHL,nhl_stub_001,2026-10-05T10:47:41.603774+00:00,Toronto Maple Leafs,Montreal Canadiens,total,over,-110,6.5
2026-10-04T10:47:41.736727+00:00,fanduel,NHL,nhl_stub_001,2026-10-05T10:47:41.603774+00:00,Toronto Maple Leafs,Montreal Canadiens,total,under,-110,6.5
2026-10-04T10:47:41.736727+00:00,fanduel,NHL,nhl_stub_002,2026-10-05T13:47:41.603774+00:00,Vegas Golden Knights,Colorado Avalanche,moneyline,home,-130,
2026-10-04T10:47:41.736727+00:00,fanduel,NHL,nhl_stub_002,2026-10-05T13:47:41.603774+00:00,Vegas Golden Knights,Colorado Avalanche,moneyline,away,110,
2026-10-04T10:47:41.736727+00:00,fanduel,NHL,nhl_stub_002,2026-10-05T13:47:41.603774+00:00,Vegas Golden Knights,Colorado Avalanche,spread,home,105,-1.5
2026-10-04T10:47:41.736727+00:00,fanduel,NHL,nhl_stub_002,2026-10-05T13:47:41.603774+00:00,Vegas Golden Knights,Colorado Avalanche,spread,away,-125,1.5
2026-10-04T10:47:41.736727+00:00,fanduel,NHL,nhl_stub_002,2026-10-05T13:47:41.603774+00:00,Vegas Golden Knights,Colorado Avalanche,total,over,-105,5.5
2026-10-04T10:47:41.736727+00:00,fanduel,NHL,nhl_stub_002,2026-10-05T13:47:41.603774+00:00,Vegas Golden Knights,Colorado Avalanche,total,under,-115,5.5
2026-10-04T10:47:41.736727+00:00,fanduel,MMA,mma_stub_001,2026-10-11T10:47:41.736136+00:00,Jon Jones,Stipe Miocic,moneyline,home,-250,
2026-10-04T10:47:41.736727+00:00,fanduel,MMA,mma_stub_001,2026-10-11T10:47:41.736136+00:00,Jon Jones,Stipe Miocic,moneyline,away,210,
2026-10-04T10:47:41.736727+00:00,fanduel,MMA,mma_stub_002,2026-10-11T12:47:41.736136+00:00,Islam Makhachev,Charles Oliveira,moneyline,home,-180,
2026-10-04T10:47:41.736727+00:00,fanduel,MMA,mma_stub_002,2026-10-11T12:47:41.736136+00:00,Islam Makhachev,Charles Oliveira,moneyline,away,155,
2026-10-04T15:31:50.769159+00:00,fanduel,NFL,nfl_stub_001,2026-10-06T15:31:49.747886+00:00,Kansas City Chiefs,Buffalo Bills,moneyline,home,-150,
2026-10-04T15:31:50.769159+00:00,fanduel,NFL,nfl_stub_001,2026-10-06T15:31:49.747886+00:00,Kansas City Chiefs,Buffalo Bills,moneyline,away,130,
2026-10-04T15:31:50.769159+00:00,fanduel,NFL,nfl_stub_001,2026-10-06T15:31:49.747886+00:00,Kansas City Chiefs,Buffalo Bills,spread,home,-110,-3.0
2026-10-04T15:31:50.769159+00:00,fanduel,NFL,nfl_stub_001,2026-10-06T15:31:49.747886+00:00,Kansas City Chiefs,Buffalo Bills,spread,away,-110,3.0
2026-10-04T15:31:50.769159+00:00,fanduel,NFL,nfl_stub_001,2026-10-06T15:31:49.747886+00:00,Kansas City Chiefs,Buffalo Bills,total,over,-110,47.5
2026-10-04T15:31:50.769159+00:00,fanduel,NFL,nfl_stub_001,2026-10-06T15:31:49.747886+00:00,Kansas City Chiefs,Buffalo Bills,total,under,-110,47.5
2026-10-04T15:31:50.769159+00:00,fanduel,NFL,nfl_stub_002,2026-10-07T15:31:49.747886+00:00,San Francisco 49ers,Dallas Cowboys,moneyline,home,-180,
2026-10-04T15:31:50.769159+00:00,fanduel,NFL,nfl_stub_002,2026-10-07T15:31:49.747886+00:00,San Francisco 49ers,Dallas Cowboys,moneyline,away,155,
2026-10-04T15:31:50.769159+00:00,fanduel,NFL,nfl_stub_002,2026-10-07T15:31:49.747886+00:00,San Francisco 49ers,Dallas Cowboys,spread,home,-105,-4.0
2026-10-04T15:31:50.769159+00:00,fanduel,NFL,nfl_stub_002,2026-10-07T15:31:49.747886+00:00,San Francisco 49ers,Dallas Cowboys,spread,away,-115,4.0
2026-10-04T15:31:50.769159+00:00,fanduel,NFL,nfl_stub_002,2026-10-07T15:31:49.747886+00:00,San Francisco 49ers,Dallas Cowboys,total,over,-108,49.0
2026-10-04T15:31:50.769159+00:00,fanduel,NFL,nfl_stub_002,2026-10-07T15:31:49.747886+00:00,San Francisco 49ers,Dallas Cowboys,total,under,-112,49.0
2026-10-04T15:31:50.769159+00:00,fanduel,NBA,nba_stub_001,2026-10-05T15:31:49.900549+00:00,Los Angeles Lakers,Boston Celtics,moneyline,home,120,
2026-10-04T15:31:50.769159+00:00,fanduel,NBA,nba_stub_001,2026-10-05T15:31:49.900549+00:00,Los Angeles Lakers,Boston Celtics,moneyline,away,-140,
2026-10-04T15:31:50.769159+00:00,fanduel,NBA,nba_stub_001,2026-10-05T15:31:49.900549+00:00,Los Angeles Lakers,Boston Celtics,spread,home,-110,2.5
2026-10-04T15:31:50.769159+00:00,fanduel,NBA,nba_stub_001,2026-10-05T15:31:49.900549+00:00,Los Angeles Lakers,Boston Celtics,spread,away,-110,-2.5
2026-10-04T15:31:50.769159+00:00,fanduel,NBA,nba_stub_001,2026-10-05T15:31:49.900549+00:00,Los Angeles Lakers,Boston Celtics,total,over,-110,225.5
2026-10-04T15:31:50.769159+00:00,fanduel,NBA,nba_stub_001,2026-10-05T15:31:49.900549+00:00,Los Angeles Lakers,Boston Celtics,total,under,-110,225.5
2026-10-04T15:31:50.769159+00:00,fanduel,NBA,nba_stub_002,2026-10-05T18:31:49.900549+00:00,Golden State Warriors,Phoenix Suns,moneyline,home,-165,
2026-10-04T15:31:50.769159+00:00,fanduel,NBA,nba_stub_002,2026-10-05T18:31:49.900549+00:00,Golden State Warriors,Phoenix Suns,moneyline,away,145,
2026-10-04T15:31:50.769159+00:00,fanduel,NBA,nba_stub_002,2026-10-05T18:31:49.900549+00:00,Golden State Warriors,Phoenix Suns,spread,home,-108,-4.0
2026-10-04T15:31:50.769159+00:00,fanduel,NBA,nba_stub_002,2026-10-05T18:31:49.900549+00:00,Golden State Warriors,Phoenix Suns,spread,away,-112,4.0
2026-10-04T15:31:50.769159+00:00,fanduel,NBA,nba_stub_002,2026-10-05T18:31:49.900549+00:00,Golden State Warriors,Phoenix Suns,total,over,-105,232.0
2026-10-04T15:31:50.769159+00:00,fanduel,NBA,nba_stub_002,2026-10-05T18:31:49.900549+00:00,Golden State Warriors,Phoenix Suns,total,under,-115,232.0
2026-10-04T15:31:50.769159+00:00,fanduel,NBA,nba_stub_001,2026-10-05T15:31:50.300975+00:00,Los Angeles Lakers,Boston Celtics,moneyline,home,120,
2026-10-04T15:31:50.769159+00:00,fanduel,NBA,nba_stub_001,2026-10-05T15:31:50.300975+00:00,Los Angeles Lakers,Boston Celtics,moneyline,away,-140,
2026-10-04T15:31:50.769159+00:00,fanduel,NBA,nba_stub_001,2026-10-05T15:31:50.300975+00:00,Los Angeles Lakers,Boston Celtics,spread,home,-110,2.5
2026-10-04T15:31:50.769159+00:00,fanduel,NBA,nba_stub_001,2026-10-05T15:31:50.300975+00:00,Los Angeles Lakers,Boston Celtics,spread,away,-110,-2.5
2026-10-04T15:31:50.769159+00:00,fanduel,NBA,nba_stub_001,2026-10-05T15:31:50.300975+00:00,Los Angeles Lakers,Boston Celtics,total,over,-110,225.5
2026-10-04T15:31:50.769159+00:00,fanduel,NBA,nba_stub_001,2026-10-05T15:31:50.300975+00:00,Los Angeles Lakers,Boston Celtics,total,under,-110,225.5
2026-10-04T15:31:50.769159+00:00,fanduel,NBA,nba_stub_002,2026-10-05T18:31:50.300975+00:00,Golden State Warriors,Phoenix Suns,moneyline,home,-165,
2026-10-04T15:31:50.769159+00:00,fanduel,NBA,nba_stub_002,2026-10-05T18:31:50.300975+00:00,Golden State Warriors,Phoenix Suns,moneyline,away,145,
2026-10-04T15:31:50.769159+00:00,fanduel,NBA,nba_stub_002,2026-10-05T18:31:50.300975+00:00,Golden State Warriors,Phoenix Suns,spread,home,-108,-4.0
2026-10-04T15:31:50.769159+00:00,fanduel,NBA,nba_stub_002,2026-10-05T18:31:50.300975+00:00,Golden State Warriors,Phoenix Suns,spread,away,-112,4.0
2026-10-04T15:31:50.769159+00:00,fanduel,NBA,nba_stub_002,2026-10-05T18:31:50.300975+00:00,Golden State Warriors,Phoenix Suns,total,over,-105,232.0
2026-10-04T15:31:50.769159+00:00,fanduel,NBA,nba_stub_002,2026-10-05T18:31:50.300975+00:00,Golden State Warriors,Phoenix Suns,total,under,-115,232.0
2026-10-04T15:31:50.769159+00:00,fanduel,NHL,nhl_stub_001,2026-10-05T15:31:50.535270+00:00,Toronto Maple Leafs,Montreal Canadiens,moneyline,home,-155,
2026-10-04T15:31:50.769159+00:00,fanduel,NHL,nhl_stub_001,2026-10-05T15:31:50.535270+00:00,Toronto Maple Leafs,Montreal Canadiens,moneyline,away,135,
2026-10-04T15:31:50.769159+00:00,fanduel,NHL,nhl_stub_001,2026-10-05T15:31:50.535270+00:00,Toronto Maple Leafs,Montreal Canadiens,spread,home,-115,-1.5
2026-10-04T15:31:50.769159+00:00,fanduel,NHL,nhl_stub_001,2026-10-05T15:31:50.535270+00:00,Toronto Maple Leafs,Montreal Canadiens,spread,away,-105,1.5
2026-10-04T15:31:50.769159+00:00,fanduel,NHL,nhl_stub_001,2026-10-05T15:31:50.535270+00:00,Toronto Maple Leafs,Montreal Canadiens,total,over,-110,6.5
2026-10-04T15:31:50.769159+00:00,fanduel,NHL,nhl_stub_001,2026-10-05T15:31:50.535270+00:00,Toronto Maple Leafs,Montreal Canadiens,total,under,-110,6.5
2026-10-04T15:31:50.769159+00:00,fanduel,NHL,nhl_stub_002,2026-10-05T18:31:50.535270+00:00,Vegas Golden Knights,Colorado Avalanche,moneyline,home,-130,
2026-10-04T15:31:50.769159+00:00,fanduel,NHL,nhl_stub_002,2026-10-05T18:31:50.535270+00:00,Vegas Golden Knights,Colorado Avalanche,moneyline,away,110,
2026-10-04T15:31:50.769159+00:00,fanduel,NHL,nhl_stub_002,2026-10-05T18:31:50.535270+00:00,Vegas Golden Knights,Colorado Avalanche,spread,home,105,-1.5
2026-10-04T15:31:50.769159+00:00,fanduel,NHL,nhl_stub_002,2026-10-05T18:31:50.535270+00:00,Vegas Golden Knights,Colorado Avalanche,spread,away,-125,1.5
2026-10-04T15:31:50.769159+00:00,fanduel,NHL,nhl_stub_002,2026-10-05T18:31:50.535270+00:00,Vegas Golden Knights,Colorado Avalanche,total,over,-105,5.5
2026-10-04T15:31:50.769159+00:00,fanduel,NHL,nhl_stub_002,2026-10-05T18:31:50.535270+00:00,Vegas Golden Knights,Colorado Avalanche,total,under,-115,5.5
2026-10-04T15:31:50.769159+00:00,fanduel,MMA,mma_stub_001,2026-10-11T15:31:50.767771+00:00,Jon Jones,Stipe Miocic,moneyline,home,-250,
2026-10-04T15:31:50.769159+00:00,fanduel,MMA,mma_stub_001,2026-10-11T15:31:50.767771+00:00,Jon Jones,Stipe Miocic,moneyline,away,210,
2026-10-04T15:31:50.769159+00:00,fanduel,MMA,mma_stub_002,2026-10-11T17:31:50.767771+00:00,Islam Makhachev,Charles Oliveira,moneyline,home,-180,
2026-10-04T15:31:50.769159+00:00,fanduel,MMA,mma_stub_002,2026-10-11T17:31:50.767771+00:00,Islam Makhachev,Charles Oliveira,moneyline,away,155,
2026-10-04T19:57:26.785920+00:00,fanduel,NFL,nfl_stub_001,2026-10-06T19:57:26.018860+00:00,Kansas City Chiefs,Buffalo Bills,moneyline,home,-150,
2026-10-04T19:57:26.785920+00:00,fanduel,NFL,nfl_stub_001,2026-10-06T19:57:26.018860+00:00,Kansas City Chiefs,Buffalo Bills,moneyline,away,130,
2026-10-04T19:57:26.785920+00:00,fanduel,NFL,nfl_stub_001,2026-10-06T19:57:26.018860+00:00,Kansas City Chiefs,Buffalo Bills,spread,home,-110,-3.0
2026-10-04T19:57:26.785920+00:00,fanduel,NFL,nfl_stub_001,2026-10-06T19:57:26.018860+00:00,Kansas City Chiefs,Buffalo Bills,spread,away,-110,3.0
2026-10-04T19:57:26.785920+00:00,fanduel,NFL,nfl_stub_001,2026-10-06T19:57:26.018860+00:00,Kansas City Chiefs,Buffalo Bills,total,over,-110,47.5
2026-10-04T19:57:26.785920+00:00,fanduel,NFL,nfl_stub_001,2026-10-06T19:57:26.018860+00:00,Kansas City Chiefs,Buffalo Bills,total,under,-110,47.5
2026-10-04T19:57:26.785920+00:00,fanduel,NFL,nfl_stub_002,2026-10-07T19:57:26.018860+00:00,San Francisco 49ers,Dallas Cowboys,moneyline,home,-180,
2026-10-04T19:57:26.785920+00:00,fanduel,NFL,nfl_stub_002,2026-10-07T19:57:26.018860+00:00,San Francisco 49ers,Dallas Cowboys,moneyline,away,155,
2026-10-04T19:57:26.785920+00:00,fanduel,NFL,nfl_stub_002,2026-10-07T19:57:26.018860+00:00,San Francisco 49ers,Dallas Cowboys,spread,home,-105,-4.0
2026-10-04T19:57:26.785920+00:00,fanduel,NFL,nfl_stub_002,2026-10-07T19:57:26.018860+00:00,San Francisco 49ers,Dallas Cowboys,spread,away,-115,4.0
2026-10-04T19:57:26.785920+00:00,fanduel,NFL,nfl_stub_002,2026-10-07T19:57:26.018860+00:00,San Francisco 49ers,Dallas Cowboys,total,over,-108,49.0
2026-10-04T19:57:26.785920+00:00,fanduel,NFL,nfl_stub_002,2026-10-07T19:57:26.018860+00:00,San Francisco 49ers,Dallas Cowboys,total,under,-112,49.0
2026-10-04T19:57:26.785920+00:00,fanduel,NBA,nba_stub_001,2026-10-05T19:57:26.167258+00:00,Los Angeles Lakers,Boston Celtics,moneyline,home,120,
2026-10-04T19:57:26.785920+00:00,fanduel,NBA,nba_stub_001,2026-10-05T19:57:26.167258+00:00,Los Angeles Lakers,Boston Celtics,moneyline,away,-140,
2026-10-04T19:57:26.785920+00:00,fanduel,NBA,nba_stub_001,2026-10-05T19:57:26.167258+00:00,Los Angeles Lakers,Boston Celtics,spread,home,-110,2.5
2026-10-04T19:57:26.785920+00:00,fanduel,NBA,nba_stub_001,2026-10-05T19:57:26.167258+00:00,Los Angeles Lakers,Boston Celtics,spread,away,-110,-2.5
2026-10-04T19:57:26.785920+00:00,fanduel,NBA,nba_stub_001,2026-10-05T19:57:26.167258+00:00,Los Angeles Lakers,Boston Celtics,total,over,-110,225.5
2026-10-04T19:57:26.785920+00:00,fanduel,NBA,nba_stub_001,2026-10-05T19:57:26.167258+00:00,Los Angeles Lakers,Boston Celtics,total,under,-110,225.5
2026-10-04T19:57:26.785920+00:00,fanduel,NBA,nba_stub_002,2026-10-05T22:57:26.167258+00:00,Golden State Warriors,Phoenix Suns,moneyline,home,-165,
2026-10-04T19:57:26.785920+00:00,fanduel,NBA,nba_stub_002,2026-10-05T22:57:26.167258+00:00,Golden State Warriors,Phoenix Suns,moneyline,away,145,
2026-10-04T19:57:26.785920+00:00,fanduel,NBA,nba_stub_002,2026-10-05T22:57:26.167258+00:00,Golden State Warriors,Phoenix Suns,spread,home,-108,-4.0
2026-10-04T19:57:26.785920+00:00,fanduel,NBA,nba_stub_002,2026-10-05T22:57:26.167258+00:00,Golden State Warriors,Phoenix Suns,spread,away,-112,4.0
2026-10-04T19:57:26.785920+00:00,fanduel,NBA,nba_stub_002,2026-10-05T22:57:26.167258+00:00,Golden State Warriors,Phoenix Suns,total,over,-105,232.0
2026-10-04T19:57:26.785920+00:00,fanduel,NBA,nba_stub_002,2026-10-05T22:57:26.167258+00:00,Golden State Warriors,Phoenix Suns,total,under,-115,232.0
2026-10-04T19:57:26.785920+00:00,fanduel,NBA,nba_stub_001,2026-10-05T19:57:26.529627+00:00,Los Angeles Lakers,Boston Celtics,moneyline,home,120,
2026-10-04T19:57:26.785920+00:00,fanduel,NBA,nba_stub_001,2026-10-05T19:57:26.529627+00:00,Los Angeles Lakers,Boston Celtics,moneyline,away,-140,
2026-10-04T19:57:26.785920+00:00,fanduel,NBA,nba_stub_001,2026-10-05T19:57:26.529627+00:00,Los Angeles Lakers,Boston Celtics,spread,home,-110,2.5
2026-10-04T19:57:26.785920+00:00,fanduel,NBA,nba_stub_001,2026-10-05T19:57:26.529627+00:00,Los Angeles Lakers,Boston Celtics,spread,away,-110,-2.5
2026-10-04T19:57:26.785920+00:00,fanduel,NBA,nba_stub_001,2026-10-05T19:57:26.529627+00:00,Los Angeles Lakers,Boston Celtics,total,over,-110,225.5
2026-10-04T19:57:26.785920+00:00,fanduel,NBA,nba_stub_001,2026-10-05T19:57:26.529627+00:00,Los Angeles Lakers,Boston Celtics,total,under,-110,225.5
2026-10-04T19:57:26.785920+00:00,fanduel,NBA,nba_stub_002,2026-10-05T22:57:26.529627+00:00,Golden State Warriors,Phoenix Suns,moneyline,home,-165,
2026-10-04T19:57:26.785920+00:00,fanduel,NBA,nba_stub_002,2026-10-05T22:57:26.529627+00:00,Golden State Warriors,Phoenix Suns,moneyline,away,145,
2026-10-04T19:57:26.785920+00:00,fanduel,NBA,nba_stub_002,2026-10-05T22:57:26.529627+00:00,Golden State Warriors,Phoenix Suns,spread,home,-108,-4.0
2026-10-04T19:57:26.785920+00:00,fanduel,NBA,nba_stub_002,2026-10-05T22:57:26.529627+00:00,Golden State Warriors,Phoenix Suns,spread,away,-112,4.0
2026-10-04T19:57:26.785920+00:00,fanduel,NBA,nba_stub_002,2026-10-05T22:57:26.529627+00:00,Golden State Warriors,Phoenix Suns,total,over,-105,232.0
2026-10-04T19:57:26.785920+00:00,fanduel,NBA,nba_stub_002,2026-10-05T22:57:26.529627+00:00,Golden State Warriors,Phoenix Suns,total,under,-115,232.0
2026-10-04T19:57:26.785920+00:00,fanduel,NHL,nhl_stub_001,2026-10-05T19:57:26.663890+00:00,Toronto Maple Leafs,Montreal Canadiens,moneyline,home,-155,
2026-10-04T19:57:26.785920+00:00,fanduel,NHL,nhl_stub_001,2026-10-05T19:57:26.663890+00:00,Toronto Maple Leafs,Montreal Canadiens,moneyline,away,135,
2026-10-04T19:57:26.785920+00:00,fanduel,NHL,nhl_stub_001,2026-10-05T19:57:26.663890+00:00,Toronto Maple Leafs,Montreal Canadiens,spread,home,-115,-1.5
2026-10-04T19:57:26.785920+00:00,fanduel,NHL,nhl_stub_001,2026-10-05T19:57:26.663890+00:00,Toronto Maple Leafs,Montreal Canadiens,spread,away,-105,1.5
2026-10-04T19:57:26.785920+00:00,fanduel,NHL,nhl_stub_001,2026-10-05T19:57:26.663890+00:00,Toronto Maple Leafs,Montreal Canadiens,total,over,-110,6.5
2026-10-04T19:57:26.785920+00:00,fanduel,NHL,nhl_stub_001,2026-10-05T19:57:26.663890+00:00,Toronto Maple Leafs,Montreal Canadiens,total,under,-110,6.5
2026-10-04T19:57:26.785920+00:00,fanduel,NHL,nhl_stub_002,2026-10-05T22:57:26.663890+00:00,Vegas Golden Knights,Colorado Avalanche,moneyline,home,-130,
2026-10-04T19:57:26.785920+00:00,fanduel,NHL,nhl_stub_002,2026-10-05T22:57:26.663890+00:00,Vegas Golden Knights,Colorado Avalanche,moneyline,away,110,
2026-10-04T19:57:26.785920+00:00,fanduel,NHL,nhl_stub_002,2026-10-05T22:57:26.663890+00:00,Vegas Golden Knights,Colorado Avalanche,spread,home,105,-1.5
2026-10-04T19:57:26.785920+00:00,fanduel,NHL,nhl_stub_002,2026-10-05T22:57:26.663890+00:00,Vegas Golden Knights,Colorado Avalanche,spread,away,-125,1.5
2026-10-04T19:57:26.785920+00:00,fanduel,NHL,nhl_stub_002,2026-10-05T22:57:26.663890+00:00,Vegas Golden Knights,Colorado Avalanche,total,over,-105,5.5
2026-10-04T19:57:26.785920+00:00,fanduel,NHL,nhl_stub_002,2026-10-05T22:57:26.663890+00:00,Vegas Golden Knights,Colorado Avalanche,total,under,-115,5.5
2026-10-04T19:57:26.785920+00:00,fanduel,MMA,mma_stub_001,2026-10-11T19:57:26.784742+00:00,Jon Jones,Stipe Miocic,moneyline,home,-250,
2026-10-04T19:57:26.785920+00:00,fanduel,MMA,mma_stub_001,2026-10-11T19:57:26.784742+00:00,Jon Jones,Stipe Miocic,moneyline,away,210,
2026-10-04T19:57:26.785920+00:00,fanduel,MMA,mma_stub_002,2026-10-11T21:57:26.784742+00:00,Islam Makhachev,Charles Oliveira,moneyline,home,-180,
2026-10-04T19:57:26.785920+00:00,fanduel,MMA,mma_stub_002,2026-10-11T21:57:26.784742+00:00,Islam Makhachev,Charles Oliveira,moneyline,away,155,
2026-10-04T22:59:49.800619+00:00,fanduel,NFL,nfl_stub_001,2026-10-06T22:59:49.241235+00:00,Kansas City Chiefs,Buffalo Bills,moneyline,home,-150,
2026-10-04T22:59:49.800619+00:00,fanduel,NFL,nfl_stub_001,2026-10-06T22:59:49.241235+00:00,Kansas City Chiefs,Buffalo Bills,moneyline,away,130,
2026-10-04T22:59:49.800619+00:00,fanduel,NFL,nfl_stub_001,2026-10-06T22:59:49.241235+00:00,Kansas City Chiefs,Buffalo Bills,spread,home,-110,-3.0
2026-10-04T22:59:49.800619+00:00,fanduel,NFL,nfl_stub_001,2026-10-06T22:59:49.241235+00:00,Kansas City Chiefs,Buffalo Bills,spread,away,-110,3.0
2026-10-04T22:59:49.800619+00:00,fanduel,NFL,nfl_stub_001,2026-10-06T22:59:49.241235+00:00,Kansas City Chiefs,Buffalo Bills,total,over,-110,47.5
2026-10-04T22:59:49.800619+00:00,fanduel,NFL,nfl_stub_001,2026-10-06T22:59:49.241235+00:00,Kansas City Chiefs,Buffalo Bills,total,under,-110,47.5
2026-10-04T22:59:49.800619+00:00,fanduel,NFL,nfl_stub_002,2026-10-07T22:59:49.241235+00:00,San Francisco 49ers,Dallas Cowboys,moneyline,home,-180,
2026-10-04T22:59:49.800619+00:00,fanduel,NFL,nfl_stub_002,2026-10-07T22:59:49.241235+00:00,San Francisco 49ers,Dallas Cowboys,moneyline,away,155,
2026-10-04T22:59:49.800619+00:00,fanduel,NFL,nfl_stub_002,2026-10-07T22:59:49.241235+00:00,San Francisco 49ers,Dallas Cowboys,spread,home,-105,-4.0
2026-10-04T22:59:49.800619+00:00,fanduel,NFL,nfl_stub_002,2026-10-07T22:59:49.241235+00:00,San Francisco 49ers,Dallas Cowboys,spread,away,-115,4.0
2026-10-04T22:59:49.800619+00:00,fanduel,NFL,nfl_stub_002,2026-10-07T22:59:49.241235+00:00,San Francisco 49ers,Dallas Cowboys,total,over,-108,49.0
2026-10-04T22:59:49.800619+00:00,fanduel,NFL,nfl_stub_002,2026-10-07T22:59:49.241235+00:00,San Francisco 49ers,Dallas Cowboys,total,under,-112,49.0
2026-10-04T22:59:49.800619+00:00,fanduel,NBA,nba_stub_001,2026-10-05T22:59:49.347981+00:00,Los Angeles Lakers,Boston Celtics,moneyline,home,120,
2026-10-04T22:59:49.800619+00:00,fanduel,NBA,nba_stub_001,2026-10-05T22:59:49.347981+00:00,Los Angeles Lakers,Boston Celtics,moneyline,away,-140,
2026-10-04T22:59:49.800619+00:00,fanduel,NBA,nba_stub_001,2026-10-05T22:59:49.347981+00:00,Los Angeles Lakers,Boston Celtics,spread,home,-110,2.5
2026-10-04T22:59:49.800619+00:00,fanduel,NBA,nba_stub_001,2026-10-05T22:59:49.347981+00:00,Los Angeles Lakers,Boston Celtics,spread,away,-110,-2.5
2026-10-04T22:59:49.800619+00:00,fanduel,NBA,nba_stub_001,2026-10-05T22:59:49.347981+00:00,Los Angeles Lakers,Boston Celtics,total,over,-110,225.5
2026-10-04T22:59:49.800619+00:00,fanduel,NBA,nba_stub_001,2026-10-05T22:59:49.347981+00:00,Los Angeles Lakers,Boston Celtics,total,under,-110,225.5
2026-10-04T22:59:49.800619+00:00,fanduel,NBA,nba_stub_002,2026-10-06T01:59:49.347981+00:00,Golden State Warriors,Phoenix Suns,moneyline,home,-165,
2026-10-04T22:59:49.800619+00:00,fanduel,NBA,nba_stub_002,2026-10-06T01:59:49.347981+00:00,Golden State Warriors,Phoenix Suns,moneyline,away,145,
2026-10-04T22:59:49.800619+00:00,fanduel,NBA,nba_stub_002,2026-10-06T01:59:49.347981+00:00,Golden State Warriors,Phoenix Suns,spread,home,-108,-4.0
2026-10-04T22:59:49.800619+00:00,fanduel,NBA,nba_stub_002,2026-10-06T01:59:49.347981+00:00,Golden State Warriors,Phoenix Suns,spread,away,-112,4.0
2026-10-04T22:59:49.800619+00:00,fanduel,NBA,nba_stub_002,2026-10-06T01:59:49.347981+00:00,Golden State Warriors,Phoenix Suns,total,over,-105,232.0
2026-10-04T22:59:49.800619+00:00,fanduel,NBA,nba_stub_002,2026-10-06T01:59:49.347981+00:00,Golden State Warriors,Phoenix Suns,total,under,-115,232.0
2026-10-04T22:59:49.800619+00:00,fanduel,NBA,nba_stub_001,2026-10-05T22:59:49.516599+00:00,Los Angeles Lakers,Boston Celtics,moneyline,home,120,
2026-10-04T22:59:49.800619+00:00,fanduel,NBA,nba_stub_001,2026-10-05T22:59:49.516599+00:00,Los Angeles Lakers,Boston Celtics,moneyline,away,-140,
2026-10-04T22:59:49.800619+00:00,fanduel,NBA,nba_stub_001,2026-10-05T22:59:49.516599+00:00,Los Angeles Lakers,Boston Celtics,spread,home,-110,2.5
2026-10-04T22:59:49.800619+00:00,fanduel,NBA,nba_stub_001,2026-10-05T22:59:49.516599+00:00,Los Angeles Lakers,Boston Celtics,spread,away,-110,-2.5
2026-10-04T22:59:49.800619+00:00,fanduel,NBA,nba_stub_001,2026-10-05T22:59:49.516599+00:00,Los Angeles Lakers,Boston Celtics,total,over,-110,225.5
2026-10-04T22:59:49.800619+00:00,fanduel,NBA,nba_stub_001,2026-10-05T22:59:49.516599+00:00,Los Angeles Lakers,Boston Celtics,total,under,-110,225.5
2026-10-04T22:59:49.800619+00:00,fanduel,NBA,nba_stub_002,2026-10-06T01:59:49.516599+00:00,Golden State Warriors,Phoenix Suns,moneyline,home,-165,
2026-10-04T22:59:49.800619+00:00,fanduel,NBA,nba_stub_002,2026-10-06T01:59:49.516599+00:00,Golden State Warriors,Phoenix Suns,moneyline,away,145,
2026-10-04T22:59:49.800619+00:00,fanduel,NBA,nba_stub_002,2026-10-06T01:59:49.516599+00:00,Golden State Warriors,Phoenix Suns,spread,home,-108,-4.0
2026-10-04T22:59:49.800619+00:00,fanduel,NBA,nba_stub_002,2026-10-06T01:59:49.516599+00:00,Golden State Warriors,Phoenix Suns,spread,away,-112,4.0
2026-10-04T22:59:49.800619+00:00,fanduel,NBA,nba_stub_002,2026-10-06T01:59:49.516599+00:00,Golden State Warriors,Phoenix Suns,total,over,-105,232.0
2026-10-04T22:59:49.800619+00:00,fanduel,NBA,nba_stub_002,2026-10-06T01:59:49.516599+00:00,Golden State Warriors,Phoenix Suns,total,under,-115,232.0
2026-10-04T22:59:49.800619+00:00,fanduel,NHL,nhl_stub_001,2026-10-05T22:59:49.651064+00:00,Toronto Maple Leafs,Montreal Canadiens,moneyline,home,-155,
2026-10-04T22:59:49.800619+00:00,fanduel,NHL,nhl_stub_001,2026-10-05T22:59:49.651064+00:00,Toronto Maple Leafs,Montreal Canadiens,moneyline,away,135,
2026-10-04T22:59:49.800619+00:00,fanduel,NHL,nhl_stub_001,2026-10-05T22:59:49.651064+00:00,Toronto Maple Leafs,Montreal Canadiens,spread,home,-115,-1.5
2026-10-04T22:59:49.800619+00:00,fanduel,NHL,nhl_stub_001,2026-10-05T22:59:49.651064+00:00,Toronto Maple Leafs,Montreal Canadiens,spread,away,-105,1.5
2026-10-04T22:59:49.800619+00:00,fanduel,NHL,nhl_stub_001,2026-10-05T22:59:49.651064+00:00,Toronto Maple Leafs,Montreal Canadiens,total,over,-110,6.5
2026-10-04T22:59:49.800619+00:00,fanduel,NHL,nhl_stub_001,2026-10-05T22:59:49.651064+00:00,Toronto Maple Leafs,Montreal Canadiens,total,under,-110,6.5
2026-10-04T22:59:49.800619+00:00,fanduel,NHL,nhl_stub_002,2026-10-06T01:59:49.651064+00:00,Vegas Golden Knights,Colorado Avalanche,moneyline,home,-130,
2026-10-04T22:59:49.800619+00:00,fanduel,NHL,nhl_stub_002,2026-10-06T01:59:49.651064+00:00,Vegas Golden Knights,Colorado Avalanche,moneyline,away,110,
2026-10-04T22:59:49.800619+00:00,fanduel,NHL,nhl_stub_002,2026-10-06T01:59:49.651064+00:00,Vegas Golden Knights,Colorado Avalanche,spread,home,105,-1.5
2026-10-04T22:59:49.800619+00:00,fanduel,NHL,nhl_stub_002,2026-10-06T01:59:49.651064+00:00,Vegas Golden Knights,Colorado Avalanche,spread,away,-125,1.5
2026-10-04T22:59:49.800619+00:00,fanduel,NHL,nhl_stub_002,2026-10-06T01:59:49.651064+00:00,Vegas Golden Knights,Colorado Avalanche,total,over,-105,5.5
2026-10-04T22:59:49.800619+00:00,fanduel,NHL,nhl_stub_002,2026-10-06T01:59:49.651064+00:00,Vegas Golden Knights,Colorado Avalanche,total,under,-115,5.5
2026-10-04T22:59:49.800619+00:00,fanduel,MMA,mma_stub_001,2026-10-11T22:59:49.799760+00:00,Jon Jones,Stipe Miocic,moneyline,home,-250,
2026-10-04T22:59:49.800619+00:00,fanduel,MMA,mma_stub_001,2026-10-11T22:59:49.799760+00:00,Jon Jones,Stipe Miocic,moneyline,away,210,
2026-10-04T22:59:49.800619+00:00,fanduel,MMA,mma_stub_002,2026-10-12T00:59:49.799760+00:00,Islam Makhachev,Charles Oliveira,moneyline,home,-180,
2026-10-04T22:59:49.800619+00:00,fanduel,MMA,mma_stub_002,2026-10-12T00:59:49.799760+00:00,Islam Makhachev,Charles Oliveira,moneyline,away,155,
2026-10-05T01:51:15.302081+00:00,fanduel,NFL,nfl_stub_001,2026-10-07T01:51:14.385315+00:00,Kansas City Chiefs,Buffalo Bills,moneyline,home,-150,
2026-10-05T01:51:15.302081+00:00,fanduel,NFL,nfl_stub_001,2026-10-07T01:51:14.385315+00:00,Kansas City Chiefs,Buffalo Bills,moneyline,away,130,
2026-10-05T01:51:15.302081+00:00,fanduel,NFL,nfl_stub_001,2026-10-07T01:51:14.385315+00:00,Kansas City Chiefs,Buffalo Bills,spread,home,-110,-3.0
2026-10-05T01:51:15.302081+00:00,fanduel,NFL,nfl_stub_001,2026-10-07T01:51:14.385315+00:00,Kansas City Chiefs,Buffalo Bills,spread,away,-110,3.0
2026-10-05T01:51:15.302081+00:00,fanduel,NFL,nfl_stub_001,2026-10-07T01:51:14.385315+00:00,Kansas City Chiefs,Buffalo Bills,total,over,-110,47.5
2026-10-05T01:51:15.302081+00:00,fanduel,NFL,nfl_stub_001,2026-10-07T01:51:14.385315+00:00,Kansas City Chiefs,Buffalo Bills,total,under,-110,47.5
2026-10-05T01:51:15.302081+00:00,fanduel,NFL,nfl_stub_002,2026-10-08T01:51:14.385315+00:00,San Francisco 49ers,Dallas Cowboys,moneyline,home,-180,
2026-10-05T01:51:15.302081+00:00,fanduel,NFL,nfl_stub_002,2026-10-08T01:51:14.385315+00:00,San Francisco 49ers,Dallas Cowboys,moneyline,away,155,
2026-10-05T01:51:15.302081+00:00,fanduel,NFL,nfl_stub_002,2026-10-08T01:51:14.385315+00:00,San Francisco 49ers,Dallas Cowboys,spread,home,-105,-4.0
2026-10-05T01:51:15.302081+00:00,fanduel,NFL,nfl_stub_002,2026-10-08T01:51:14.385315+00:00,San Francisco 49ers,Dallas Cowboys,spread,away,-115,4.0
2026-10-05T01:51:15.302081+00:00,fanduel,NFL,nfl_stub_002,2026-10-08T01:51:14.385315+00:00,San Francisco 49ers,Dallas Cowboys,total,over,-108,49.0
2026-10-05T01:51:15.302081+00:00,fanduel,NFL,nfl_stub_002,2026-10-08T01:51:14.385315+00:00,San Francisco 49ers,Dallas Cowboys,total,under,-112,49.0
2026-10-05T01:51:15.302081+00:00,fanduel,NBA,nba_stub_001,2026-10-06T01:51:14.558774+00:00,Los Angeles Lakers,Boston Celtics,moneyline,home,120,
2026-10-05T01:51:15.302081+00:00,fanduel,NBA,nba_stub_001,2026-10-06T01:51:14.558774+00:00,Los Angeles Lakers,Boston Celtics,moneyline,away,-140,
2026-10-05T01:51:15.302081+00:00,fanduel,NBA,nba_stub_001,2026-10-06T01:51:14.558774+00:00,Los Angeles Lakers,Boston Celtics,spread,home,-110,2.5
2026-10-05T01:51:15.302081+00:00,fanduel,NBA,nba_stub_001,2026-10-06T01:51:14.558774+00:00,Los Angeles Lakers,Boston Celtics,spread,away,-110,-2.5
2026-10-05T01:51:15.302081+00:00,fanduel,NBA,nba_stub_001,2026-10-06T01:51:14.558774+00:00,Los Angeles Lakers,Boston Celtics,total,over,-110,225.5
2026-10-05T01:51:15.302081+00:00,fanduel,NBA,nba_stub_001,2026-10-06T01:51:14.558774+00:00,Los Angeles Lakers,Boston Celtics,total,under,-110,225.5
2026-10-05T01:51:15.302081+00:00,fanduel,NBA,nba_stub_002,2026-10-06T04:51:14.558774+00:00,Golden State Warriors,Phoenix Suns,moneyline,home,-165,
2026-10-05T01:51:15.302081+00:00,fanduel,NBA,nba_stub_002,2026-10-06T04:51:14.558774+00:00,Golden State Warriors,Phoenix Suns,moneyline,away,145,
2026-10-05T01:51:15.302081+00:00,fanduel,NBA,nba_stub_002,2026-10-06T04:51:14.558774+00:00,Golden State Warriors,Phoenix Suns,spread,home,-108,-4.0
2026-10-05T01:51:15.302081+00:00,fanduel,NBA,nba_stub_002,2026-10-06T04:51:14.558774+00:00,Golden State Warriors,Phoenix Suns,spread,away,-112,4.0
2026-10-05T01:51:15.302081+00:00,fanduel,NBA,nba_stub_002,2026-10-06T04:51:14.558774+00:00,Golden State Warriors,Phoenix Suns,total,over,-105,232.0
2026-10-05T01:51:15.302081+00:00,fanduel,NBA,nba_stub_002,2026-10-06T04:51:14.558774+00:00,Golden State Warriors,Phoenix Suns,total,under,-115,232.0
2026-10-05T01:51:15.302081+00:00,fanduel,NBA,nba_stub_001,2026-10-06T01:51:14.977740+00:00,Los Angeles Lakers,Boston Celtics,moneyline,home,120,
2026-10-05T01:51:15.302081+00:00,fanduel,NBA,nba_stub_001,2026-10-06T01:51:14.977740+00:00,Los Angeles Lakers,Boston Celtics,moneyline,away,-140,
2026-10-05T01:51:15.302081+00:00,fanduel,NBA,nba_stub_001,2026-10-06T01:51:14.977740+00:00,Los Angeles Lakers,Boston Celtics,spread,home,-110,2.5
2026-10-05T01:51:15.302081+00:00,fanduel,NBA,nba_stub_001,2026-10-06T01:51:14.977740+00:00,Los Angeles Lakers,Boston Celtics,spread,away,-110,-2.5
2026-10-05T01:51:15.302081+00:00,fanduel,NBA,nba_stub_001,2026-10-06T01:51:14.977740+00:00,Los Angeles Lakers,Boston Celtics,total,over,-110,225.5
2026-10-05T01:51:15.302081+00:00,fanduel,NBA,nba_stub_001,2026-10-06T01:51:14.977740+00:00,Los Angeles Lakers,Boston Celtics,total,under,-110,225.5
2026-10-05T01:51:15.302081+00:00,fanduel,NBA,nba_stub_002,2026-10-06T04:51:14.977740+00:00,Golden State Warriors,Phoenix Suns,moneyline,home,-165,
2026-10-05T01:51:15.302081+00:00,fanduel,NBA,nba_stub_002,2026-10-06T04:51:14.977740+00:00,Golden State Warriors,Phoenix Suns,moneyline,away,145,
2026-10-05T01:51:15.302081+00:00,fanduel,NBA,nba_stub_002,2026-10-06T04:51:14.977740+00:00,Golden State Warriors,Phoenix Suns,spread,home,-108,-4.0
2026-10-05T01:51:15.302081+00:00,fanduel,NBA,nba_stub_002,2026-10-06T04:51:14.977740+00:00,Golden State Warriors,Phoenix Suns,spread,away,-112,4.0
2026-10-05T01:51:15.302081+00:00,fanduel,NBA,nba_stub_002,2026-10-06T04:51:14.977740+00:00,Golden State Warriors,Phoenix Suns,total,over,-105,232.0
2026-10-05T01:51:15.302081+00:00,fanduel,NBA,nba_stub_002,2026-10-06T04:51:14.977740+00:00,Golden State Warriors,Phoenix Suns,total,under,-115,232.0
2026-10-05T01:51:15.302081+00:00,fanduel,NHL,nhl_stub_001,2026-10-06T01:51:15.151946+00:00,Toronto Maple Leafs,Montreal Canadiens,moneyline,home,-155,
2026-10-05T01:51:15.302081+00:00,fanduel,NHL,nhl_stub_001,2026-10-06T01:51:15.151946+00:00,Toronto Maple Leafs,Montreal Canadiens,moneyline,away,135,
2026-10-05T01:51:15.302081+00:00,fanduel,NHL,nhl_stub_001,2026-10-06T01:51:15.151946+00:00,Toronto Maple Leafs,Montreal Canadiens,spread,home,-115,-1.5
2026-10-05T01:51:15.302081+00:00,fanduel,NHL,nhl_stub_001,2026-10-06T01:51:15.151946+00:00,Toronto Maple Leafs,Montreal Canadiens,spread,away,-105,1.5
2026-10-05T01:51:15.302081+00:00,fanduel,NHL,nhl_stub_001,2026-10-06T01:51:15.151946+00:00,Toronto Maple Leafs,Montreal Canadiens,total,over,-110,6.5
2026-10-05T01:51:15.302081+00:00,fanduel,NHL,nhl_stub_001,2026-10-06T01:51:15.151946+00:00,Toronto Maple Leafs,Montreal Canadiens,total,under,-110,6.5
2026-10-05T01:51:15.302081+00:00,fanduel,NHL,nhl_stub_002,2026-10-06T04:51:15.151946+00:00,Vegas Golden Knights,Colorado Avalanche,moneyline,home,-130,
2026-10-05T01:51:15.302081+00:00,fanduel,NHL,nhl_stub_002,2026-10-06T04:51:15.151946+00:00,Vegas Golden Knights,Colorado Avalanche,moneyline,away,110,
2026-10-05T01:51:15.302081+00:00,fanduel,NHL,nhl_stub_002,2026-10-06T04:51:15.151946+00:00,Vegas Golden Knights,Colorado Avalanche,spread,home,105,-1.5
2026-10-05T01:51:15.302081+00:00,fanduel,NHL,nhl_stub_002,2026-10-06T04:51:15.151946+00:00,Vegas Golden Knights,Colorado Avalanche,spread,away,-125,1.5
2026-10-05T01:51:15.302081+00:00,fanduel,NHL,nhl_stub_002,2026-10-06T04:51:15.151946+00:00,Vegas Golden Knights,Colorado Avalanche,total,over,-105,5.5
2026-10-05T01:51:15.302081+00:00,fanduel,NHL,nhl_stub_002,2026-10-06T04:51:15.151946+00:00,Vegas Golden Knights,Colorado Avalanche,total,under,-115,5.5
2026-10-05T01:51:15.302081+00:00,fanduel,MMA,mma_stub_001,2026-10-12T01:51:15.300874+00:00,Jon Jones,Stipe Miocic,moneyline,home,-250,
2026-10-05T01:51:15.302081+00:00,fanduel,MMA,mma_stub_001,2026-10-12T01:51:15.300874+00:00,Jon Jones,Stipe Miocic,moneyline,away,210,
2026-10-05T01:51:15.302081+00:00,fanduel,MMA,mma_stub_002,2026-10-12T03:51:15.300874+00:00,Islam Makhachev,Charles Oliveira,moneyline,home,-180,
2026-10-05T01:51:15.302081+00:00,fanduel,MMA,mma_stub_002,2026-10-12T03:51:15.300874+00:00,Islam Makhachev,Charles Oliveira,moneyline,away,155,
2026-10-05T03:59:55.455909+00:00,fanduel,NFL,nfl_stub_001,2026-10-07T03:59:54.987680+00:00,Kansas City Chiefs,Buffalo Bills,moneyline,home,-150,
2026-10-05T03:59:55.455909+00:00,fanduel,NFL,nfl_stub_001,2026-10-07T03:59:54.987680+00:00,Kansas City Chiefs,Buffalo Bills,moneyline,away,130,
2026-10-05T03:59:55.455909+00:00,fanduel,NFL,nfl_stub_001,2026-10-07T03:59:54.987680+00:00,Kansas City Chiefs,Buffalo Bills,spread,home,-110,-3.0
2026-10-05T03:59:55.455909+00:00,fanduel,NFL,nfl_stub_001,2026-10-07T03:59:54.987680+00:00,Kansas City Chiefs,Buffalo Bills,spread,away,-110,3.0
2026-10-05T03:59:55.455909+00:00,fanduel,NFL,nfl_stub_001,2026-10-07T03:59:54.987680+00:00,Kansas City Chiefs,Buffalo Bills,total,over,-110,47.5
2026-10-05T03:59:55.455909+00:00,fanduel,NFL,nfl_stub_001,2026-10-07T03:59:54.987680+00:00,Kansas City Chiefs,Buffalo Bills,total,under,-110,47.5
2026-10-05T03:59:55.455909+00:00,fanduel,NFL,nfl_stub_002,2026-10-08T03:59:54.987680+00:00,San Francisco 49ers,Dallas Cowboys,moneyline,home,-180,
2026-10-05T03:59:55.455909+00:00,fanduel,NFL,nfl_stub_002,2026-10-08T03:59:54.987680+00:00,San Francisco 49ers,Dallas Cowboys,moneyline,away,155,
2026-10-05T03:59:55.455909+00:00,fanduel,NFL,nfl_stub_002,2026-10-08T03:59:54.987680+00:00,San Francisco 49ers,Dallas Cowboys,spread,home,-105,-4.0
2026-10-05T03:59:55.455909+00:00,fanduel,NFL,nfl_stub_002,2026-10-08T03:59:54.987680+00:00,San Francisco 49ers,Dallas Cowboys,spread,away,-115,4.0
2026-10-05T03:59:55.455909+00:00,fanduel,NFL,nfl_stub_002,2026-10-08T03:59:54.987680+00:00,San Francisco 49ers,Dallas Cowboys,total,over,-108,49.0
2026-10-05T03:59:55.455909+00:00,fanduel,NFL,nfl_stub_002,2026-10-08T03:59:54.987680+00:00,San Francisco 49ers,Dallas Cowboys,total,under,-112,49.0
2026-10-05T03:59:55.455909+00:00,fanduel,NBA,nba_stub_001,2026-10-06T03:59:55.141331+00:00,Los Angeles Lakers,Boston Celtics,moneyline,home,120,
2026-10-05T03:59:55.455909+00:00,fanduel,NBA,nba_stub_001,2026-10-06T03:59:55.141331+00:00,Los Angeles Lakers,Boston Celtics,moneyline,away,-140,
2026-10-05T03:59:55.455909+00:00,fanduel,NBA,nba_stub_001,2026-10-06T03:59:55.141331+00:00,Los Angeles Lakers,Boston Celtics,spread,home,-110,2.5
2026-10-05T03:59:55.455909+00:00,fanduel,NBA,nba_stub_001,2026-10-06T03:59:55.141331+00:00,Los Angeles Lakers,Boston Celtics,spread,away,-110,-2.5
2026-10-05T03:59:55.455909+00:00,fanduel,NBA,nba_stub_001,2026-10-06T03:59:55.141331+00:00,Los Angeles Lakers,Boston Celtics,total,over,-110,225.5
2026-10-05T03:59:55.455909+00:00,fanduel,NBA,nba_stub_001,2026-10-06T03:59:55.141331+00:00,Los Angeles Lakers,Boston Celtics,total,under,-110,225.5
2026-10-05T03:59:55.455909+00:00,fanduel,NBA,nba_stub_002,2026-10-06T06:59:55.141331+00:00,Golden State Warriors,Phoenix Suns,moneyline,home,-165,
2026-10-05T03:59:55.455909+00:00,fanduel,NBA,nba_stub_002,2026-10-06T06:59:55.141331+00:00,Golden State Warriors,Phoenix Suns,moneyline,away,145,
2026-10-05T03:59:55.455909+00:00,fanduel,NBA,nba_stub_002,2026-10-06T06:59:55.141331+00:00,Golden State Warriors,Phoenix Suns,spread,home,-108,-4.0
2026-10-05T03:59:55.455909+00:00,fanduel,NBA,nba_stub_002,2026-10-06T06:59:55.141331+00:00,Golden State Warriors,Phoenix Suns,spread,away,-112,4.0
2026-10-05T03:59:55.455909+00:00,fanduel,NBA,nba_stub_002,2026-10-06T06:59:55.141331+00:00,Golden State Warriors,Phoenix Suns,total,over,-105,232.0
2026-10-05T03:59:55.455909+00:00,fanduel,NBA,nba_stub_002,2026-10-06T06:59:55.141331+00:00,Golden State Warriors,Phoenix Suns,total,under,-115,232.0
2026-10-05T03:59:55.455909+00:00,fanduel,NBA,nba_stub_001,2026-10-06T03:59:55.255697+00:00,Los Angeles Lakers,Boston Celtics,moneyline,home,120,
2026-10-05T03:59:55.455909+00:00,fanduel,NBA,nba_stub_001,2026-10-06T03:59:55.255697+00:00,Los Angeles Lakers,Boston Celtics,moneyline,away,-140,
2026-10-05T03:59:55.455909+00:00,fanduel,NBA,nba_stub_001,2026-10-06T03:59:55.255697+00:00,Los Angeles Lakers,Boston Celtics,spread,home,-110,2.5
2026-10-05T03:59:55.455909+00:00,fanduel,NBA,nba_stub_001,2026-10-06T03:59:55.255697+00:00,Los Angeles Lakers,Boston Celtics,spread,away,-110,-2.5
2026-10-05T03:59:55.455909+00:00,fanduel,NBA,nba_stub_001,2026-10-06T03:59:55.255697+00:00,Los Angeles Lakers,Boston Celtics,total,over,-110,225.5
2026-10-05T03:59:55.455909+00:00,fanduel,NBA,nba_stub_001,2026-10-06T03:59:55.255697+00:00,Los Angeles Lakers,Boston Celtics,total,under,-110,225.5
2026-10-05T03:59:55.455909+00:00,fanduel,NBA,nba_stub_002,2026-10-06T06:59:55.255697+00:00,Golden State Warriors,Phoenix Suns,moneyline,home,-165,
2026-10-05T03:59:55.455909+00:00,fanduel,NBA,nba_stub_002,2026-10-06T06:59:55.255697+00:00,Golden State Warriors,Phoenix Suns,moneyline,away,145,
2026-10-05T03:59:55.455909+00:00,fanduel,NBA,nba_stub_002,2026-10-06T06:59:55.255697+00:00,Golden State Warriors,Phoenix Suns,spread,home,-108,-4.0
2026-10-05T03:59:55.455909+00:00,fanduel,NBA,nba_stub_002,2026-10-06T06:59:55.255697+00:00,Golden State Warriors,Phoenix Suns,spread,away,-112,4.0
2026-10-05T03:59:55.455909+00:00,fanduel,NBA,nba_stub_002,2026-10-06T06:59:55.255697+00:00,Golden State Warriors,Phoenix Suns,total,over,-105,232.0
2026-10-05T03:59:55.455909+00:00,fanduel,NBA,nba_stub_002,2026-10-06T06:59:55.255697+00:00,Golden State Warriors,Phoenix Suns,total,under,-115,232.0
2026-10-05T03:59:55.455909+00:00,fanduel,NHL,nhl_stub_001,2026-10-06T03:59:55.318059+00:00,Toronto Maple Leafs,Montreal Canadiens,moneyline,home,-155,
2026-10-05T03:59:55.455909+00:00,fanduel,NHL,nhl_stub_001,2026-10-06T03:59:55.318059+00:00,Toronto Maple Leafs,Montreal Canadiens,moneyline,away,135,
2026-10-05T03:59:55.455909+00:00,fanduel,NHL,nhl_stub_001,2026-10-06T03:59:55.318059+00:00,Toronto Maple Leafs,Montreal Canadiens,spread,home,-115,-1.5
2026-10-05T03:59:55.455909+00:00,fanduel,NHL,nhl_stub_001,2026-10-06T03:59:55.318059+00:00,Toronto Maple Leafs,Montreal Canadiens,spread,away,-105,1.5
2026-10-05T03:59:55.455909+00:00,fanduel,NHL,nhl_stub_001,2026-10-06T03:59:55.318059+00:00,Toronto Maple Leafs,Montreal Canadiens,total,over,-110,6.5
2026-10-05T03:59:55.455909+00:00,fanduel,NHL,nhl_stub_001,2026-10-06T03:59:55.318059+00:00,Toronto Maple Leafs,Montreal Canadiens,total,under,-110,6.5
2026-10-05T03:59:55.455909+00:00,fanduel,NHL,nhl_stub_002,2026-10-06T06:59:55.318059+00:00,Vegas Golden Knights,Colorado Avalanche,moneyline,home,-130,
2026-10-05T03:59:55.455909+00:00,fanduel,NHL,nhl_stub_002,2026-10-06T06:59:55.318059+00:00,Vegas Golden Knights,Colorado Avalanche,moneyline,away,110,
2026-10-05T03:59:55.455909+00:00,fanduel,NHL,nhl_stub_002,2026-10-06T06:59:55.318059+00:00,Vegas Golden Knights,Colorado Avalanche,spread,home,105,-1.5
2026-10-05T03:59:55.455909+00:00,fanduel,NHL,nhl_stub_002,2026-10-06T06:59:55.318059+00:00,Vegas Golden Knights,Colorado Avalanche,spread,away,-125,1.5
2026-10-05T03:59:55.455909+00:00,fanduel,NHL,nhl_stub_002,2026-10-06T06:59:55.318059+00:00,Vegas Golden Knights,Colorado Avalanche,total,over,-105,5.5
2026-10-05T03:59:55.455909+00:00,fanduel,NHL,nhl_stub_002,2026-10-06T06:59:55.318059+00:00,Vegas Golden Knights,Colorado Avalanche,total,under,-115,5.5
2026-10-05T03:59:55.455909+00:00,fanduel,MMA,mma_stub_001,2026-10-12T03:59:55.454854+00:00,Jon Jones,Stipe Miocic,moneyline,home,-250,
2026-10-05T03:59:55.455909+00:00,fanduel,MMA,mma_stub_001,2026-10-12T03:59:55.454854+00:00,Jon Jones,Stipe Miocic,moneyline,away,210,
2026-10-05T03:59:55.455909+00:00,fanduel,MMA,mma_stub_002,2026-10-12T05:59:55.454854+00:00,Islam Makhachev,Charles Oliveira,moneyline,home,-180,
2026-10-05T03:59:55.455909+00:00,fanduel,MMA,mma_stub_002,2026-10-12T05:59:55.454854+00:00,Islam Makhachev,Charles Oliveira,moneyline,away,155,
2026-10-05T11:21:42.596878+00:00,fanduel,NFL,nfl_stub_001,2026-10-07T11:21:41.691189+00:00,Kansas City Chiefs,Buffalo Bills,moneyline,home,-150,
2026-10-05T11:21:42.596878+00:00,fanduel,NFL,nfl_stub_001,2026-10-07T11:21:41.691189+00:00,Kansas City Chiefs,Buffalo Bills,moneyline,away,130,
2026-10-05T11:21:42.596878+00:00,fanduel,NFL,nfl_stub_001,2026-10-07T11:21:41.691189+00:00,Kansas City Chiefs,Buffalo Bills,spread,home,-110,-3.0
2026-10-05T11:21:42.596878+00:00,fanduel,NFL,nfl_stub_001,2026-10-07T11:21:41.691189+00:00,Kansas City Chiefs,Buffalo Bills,spread,away,-110,3.0
2026-10-05T11:21:42.596878+00:00,fanduel,NFL,nfl_stub_001,2026-10-07T11:21:41.691189+00:00,Kansas City Chiefs,Buffalo Bills,total,over,-110,47.5
2026-10-05T11:21:42.596878+00:00,fanduel,NFL,nfl_stub_001,2026-10-07T11:21:41.691189+00:00,Kansas City Chiefs,Buffalo Bills,total,under,-110,47.5
2026-10-05T11:21:42.596878+00:00,fanduel,NFL,nfl_stub_002,2026-10-08T11:21:41.691189+00:00,San Francisco 49ers,Dallas Cowboys,moneyline,home,-180,
2026-10-05T11:21:42.596878+00:00,fanduel,NFL,nfl_stub_002,2026-10-08T11:21:41.691189+00:00,San Francisco 49ers,Dallas Cowboys,moneyline,away,155,
2026-10-05T11:21:42.596878+00:00,fanduel,NFL,nfl_stub_002,2026-10-08T11:21:41.691189+00:00,San Francisco 49ers,Dallas Cowboys,spread,home,-105,-4.0
2026-10-05T11:21:42.596878+00:00,fanduel,NFL,nfl_stub_002,2026-10-08T11:21:41.691189+00:00,San Francisco 49ers,Dallas Cowboys,spread,away,-115,4.0
2026-10-05T11:21:42.596878+00:00,fanduel,NFL,nfl_stub_002,2026-10-08T11:21:41.691189+00:00,San Francisco 49ers,Dallas Cowboys,total,over,-108,49.0
2026-10-05T11:21:42.596878+00:00,fanduel,NFL,nfl_stub_002,2026-10-08T11:21:41.691189+00:00,San Francisco 49ers,Dallas Cowboys,total,under,-112,49.0
2026-10-05T11:21:42.596878+00:00,fanduel,NBA,nba_stub_001,2026-10-06T11:21:41.905917+00:00,Los Angeles Lakers,Boston Celtics,moneyline,home,120,
2026-10-05T11:21:42.596878+00:00,fanduel,NBA,nba_stub_001,2026-10-06T11:21:41.905917+00:00,Los Angeles Lakers,Boston Celtics,moneyline,away,-140,
2026-10-05T11:21:42.596878+00:00,fanduel,NBA,nba_stub_001,2026-10-06T11:21:41.905917+00:00,Los Angeles Lakers,Boston Celtics,spread,home,-110,2.5
2026-10-05T11:21:42.596878+00:00,fanduel,NBA,nba_stub_001,2026-10-06T11:21:41.905917+00:00,Los Angeles Lakers,Boston Celtics,spread,away,-110,-2.5
2026-10-05T11:21:42.596878+00:00,fanduel,NBA,nba_stub_001,2026-10-06T11:21:41.905917+00:00,Los Angeles Lakers,Boston Celtics,total,over,-110,225.5
2026-10-05T11:21:42.596878+00:00,fanduel,NBA,nba_stub_001,2026-10-06T11:21:41.905917+00:00,Los Angeles Lakers,Boston Celtics,total,under,-110,225.5
2026-10-05T11:21:42.596878+00:00,fanduel,NBA,nba_stub_002,2026-10-06T14:21:41.905917+00:00,Golden State Warriors,Phoenix Suns,moneyline,home,-165,
2026-10-05T11:21:42.596878+00:00,fanduel,NBA,nba_stub_002,2026-10-06T14:21:41.905917+00:00,Golden State Warriors,Phoenix Suns,moneyline,away,145,
2026-10-05T11:21:42.596878+00:00,fanduel,NBA,nba_stub_002,2026-10-06T14:21:41.905917+00:00,Golden State Warriors,Phoenix Suns,spread,home,-108,-4.0
2026-10-05T11:21:42.596878+00:00,fanduel,NBA,nba_stub_002,2026-10-06T14:21:41.905917+00:00,Golden State Warriors,Phoenix Suns,spread,away,-112,4.0
2026-10-05T11:21:42.596878+00:00,fanduel,NBA,nba_stub_002,2026-10-06T14:21:41.905917+00:00,Golden State Warriors,Phoenix Suns,total,over,-105,232.0
2026-10-05T11:21:42.596878+00:00,fanduel,NBA,nba_stub_002,2026-10-06T14:21:41.905917+00:00,Golden State Warriors,Phoenix Suns,total,under,-115,232.0
2026-10-05T11:21:42.596878+00:00,fanduel,NBA,nba_stub_001,2026-10-06T11:21:42.309708+00:00,Los Angeles Lakers,Boston Celtics,moneyline,home,120,
2026-10-05T11:21:42.596878+00:00,fanduel,NBA,nba_stub_001,2026-10-06T11:21:42.309708+00:00,Los Angeles Lakers,Boston Celtics,moneyline,away,-140,
2026-10-05T11:21:42.596878+00:00,fanduel,NBA,nba_stub_001,2026-10-06T11:21:42.309708+00:00,Los Angeles Lakers,Boston Celtics,spread,home,-110,2.5
2026-10-05T11:21:42.596878+00:00,fanduel,NBA,nba_stub_001,2026-10-06T11:21:42.309708+00:00,Los Angeles Lakers,Boston Celtics,spread,away,-110,-2.5
2026-10-05T11:21:42.596878+00:00,fanduel,NBA,nba_stub_001,2026-10-06T11:21:42.309708+00:00,Los Angeles Lakers,Boston Celtics,total,over,-110,225.5
2026-10-05T11:21:42.596878+00:00,fanduel,NBA,nba_stub_001,2026-10-06T11:21:42.309708+00:00,Los Angeles Lakers,Boston Celtics,total,under,-110,225.5
2026-10-05T11:21:42.596878+00:00,fanduel,NBA,nba_stub_002,2026-10-06T14:21:42.309708+00:00,Golden State Warriors,Phoenix Suns,moneyline,home,-165,
2026-10-05T11:21:42.596878+00:00,fanduel,NBA,nba_stub_002,2026-10-06T14:21:42.309708+00:00,Golden State Warriors,Phoenix Suns,moneyline,away,145,
2026-10-05T11:21:42.596878+00:00,fanduel,NBA,nba_stub_002,2026-10-06T14:21:42.309708+00:00,Golden State Warriors,Phoenix Suns,spread,home,-108,-4.0
2026-10-05T11:21:42.596878+00:00,fanduel,NBA,nba_stub_002,2026-10-06T14:21:42.309708+00:00,Golden State Warriors,Phoenix Suns,spread,away,-112,4.0
2026-10-05T11:21:42.596878+00:00,fanduel,NBA,nba_stub_002,2026-10-06T14:21:42.309708+00:00,Golden State Warriors,Phoenix Suns,total,over,-105,232.0
2026-10-05T11:21:42.596878+00:00,fanduel,NBA,nba_stub_002,2026-10-06T14:21:42.309708+00:00,Golden State Warriors,Phoenix Suns,total,under,-115,232.0
2026-10-05T11:21:42.596878+00:00,fanduel,NHL,nhl_stub_001,2026-10-06T11:21:42.455836+00:00,Toronto Maple Leafs,Montreal Canadiens,moneyline,home,-155,
2026-10-05T11:21:42.596878+00:00,fanduel,NHL,nhl_stub_001,2026-10-06T11:21:42.455836+00:00,Toronto Maple Leafs,Montreal Canadiens,moneyline,away,135,
2026-10-05T11:21:42.596878+00:00,fanduel,NHL,nhl_stub_001,2026-10-06T11:21:42.455836+00:00,Toronto Maple Leafs,Montreal Canadiens,spread,home,-115,-1.5
2026-10-05T11:21:42.596878+00:00,fanduel,NHL,nhl_stub_001,2026-10-06T11:21:42.455836+00:00,Toronto Maple Leafs,Montreal Canadiens,spread,away,-105,1.5
2026-10-05T11:21:42.596878+00:00,fanduel,NHL,nhl_stub_001,2026-10-06T11:21:42.455836+00:00,Toronto Maple Leafs,Montreal Canadiens,total,over,-110,6.5
2026-10-05T11:21:42.596878+00:00,fanduel,NHL,nhl_stub_001,2026-10-06T11:21:42.455836+00:00,Toronto Maple Leafs,Montreal Canadiens,total,under,-110,6.5
2026-10-05T11:21:42.596878+00:00,fanduel,NHL,nhl_stub_002,2026-10-06T14:21:42.455836+00:00,Vegas Golden Knights,Colorado Avalanche,moneyline,home,-130,
2026-10-05T11:21:42.596878+00:00,fanduel,NHL,nhl_stub_002,2026-10-06T14:21:42.455836+00:00,Vegas Golden Knights,Colorado Avalanche,moneyline,away,110,
2026-10-05T11:21:42.596878+00:00,fanduel,NHL,nhl_stub_002,2026-10-06T14:21:42.455836+00:00,Vegas Golden Knights,Colorado Avalanche,spread,home,105,-1.5
2026-10-05T11:21:42.596878+00:00,fanduel,NHL,nhl_stub_002,2026-10-06T14:21:42.455836+00:00,Vegas Golden Knights,Colorado Avalanche,spread,away,-125,1.5
2026-10-05T11:21:42.596878+00:00,fanduel,NHL,nhl_stub_002,2026-10-06T14:21:42.455836+00:00,Vegas Golden Knights,Colorado Avalanche,total,over,-105,5.5
2026-10-05T11:21:42.596878+00:00,fanduel,NHL,nhl_stub_002,2026-10-06T14:21:42.455836+00:00,Vegas Golden Knights,Colorado Avalanche,total,under,-115,5.5
2026-10-05T11:21:42.596878+00:00,fanduel,MMA,mma_stub_001,2026-10-12T11:21:42.595802+00:00,Jon Jones,Stipe Miocic,moneyline,home,-250,
2026-10-05T11:21:42.596878+00:00,fanduel,MMA,mma_stub_001,2026-10-12T11:21:42.595802+00:00,Jon Jones,Stipe Miocic,moneyline,away,210,
2026-10-05T11:21:42.596878+00:00,fanduel,MMA,mma_stub_002,2026-10-12T13:21:42.595802+00:00,Islam Makhachev,Charles Oliveira,moneyline,home,-180,
2026-10-05T11:21:42.596878+00:00,fanduel,MMA,mma_stub_002,2026-10-12T13:21:42.595802+00:00,Islam Makhachev,Charles Oliveira,moneyline,away,155,
2026-10-05T11:55:09.254688+00:00,fanduel,NFL,nfl_stub_001,2026-10-07T11:55:08.771552+00:00,Kansas City Chiefs,Buffalo Bills,moneyline,home,-150,
2026-10-05T11:55:09.254688+00:00,fanduel,NFL,nfl_stub_001,2026-10-07T11:55:08.771552+00:00,Kansas City Chiefs,Buffalo Bills,moneyline,away,130,
2026-10-05T11:55:09.254688+00:00,fanduel,NFL,nfl_stub_001,2026-10-07T11:55:08.771552+00:00,Kansas City Chiefs,Buffalo Bills,spread,home,-110,-3.0
2026-10-05T11:55:09.254688+00:00,fanduel,NFL,nfl_stub_001,2026-10-07T11:55:08.771552+00:00,Kansas City Chiefs,Buffalo Bills,spread,away,-110,3.0
2026-10-05T11:55:09.254688+00:00,fanduel,NFL,nfl_stub_001,2026-10-07T11:55:08.771552+00:00,Kansas City Chiefs,Buffalo Bills,total,over,-110,47.5
2026-10-05T11:55:09.254688+00:00,fanduel,NFL,nfl_stub_001,2026-10-07T11:55:08.771552+00:00,Kansas City Chiefs,Buffalo Bills,total,under,-110,47.5
2026-10-05T11:55:09.254688+00:00,fanduel,NFL,nfl_stub_002,2026-10-08T11:55:08.771552+00:00,San Francisco 49ers,Dallas Cowboys,moneyline,home,-180,
2026-10-05T11:55:09.254688+00:00,fanduel,NFL,nfl_stub_002,2026-10-08T11:55:08.771552+00:00,San Francisco 49ers,Dallas Cowboys,moneyline,away,155,
2026-10-05T11:55:09.254688+00:00,fanduel,NFL,nfl_stub_002,2026-10-08T11:55:08.771552+00:00,San Francisco 49ers,Dallas Cowboys,spread,home,-105,-4.0
2026-10-05T11:55:09.254688+00:00,fanduel,NFL,nfl_stub_002,2026-10-08T11:55:08.771552+00:00,San Francisco 49ers,Dallas Cowboys,spread,away,-115,4.0
2026-10-05T11:55:09.254688+00:00,fanduel,NFL,nfl_stub_002,2026-10-08T11:55:08.771552+00:00,San Francisco 49ers,Dallas Cowboys,total,over,-108,49.0
2026-10-05T11:55:09.254688+00:00,fanduel,NFL,nfl_stub_002,2026-10-08T11:55:08.771552+00:00,San Francisco 49ers,Dallas Cowboys,total,under,-112,49.0
2026-10-05T11:55:09.254688+00:00,fanduel,NBA,nba_stub_001,2026-10-06T11:55:08.850272+00:00,Los Angeles Lakers,Boston Celtics,moneyline,home,120,
2026-10-05T11:55:09.254688+00:00,fanduel,NBA,nba_stub_001,2026-10-06T11:55:08.850272+00:00,Los Angeles Lakers,Boston Celtics,moneyline,away,-140,
2026-10-05T11:55:09.254688+00:00,fanduel,NBA,nba_stub_001,2026-10-06T11:55:08.850272+00:00,Los Angeles Lakers,Boston Celtics,spread,home,-110,2.5
2026-10-05T11:55:09.254688+00:00,fanduel,NBA,nba_stub_001,2026-10-06T11:55:08.850272+00:00,Los Angeles Lakers,Boston Celtics,spread,away,-110,-2.5
2026-10-05T11:55:09.254688+00:00,fanduel,NBA,nba_stub_001,2026-10-06T11:55:08.850272+00:00,Los Angeles Lakers,Boston Celtics,total,over,-110,225.5
2026-10-05T11:55:09.254688+00:00,fanduel,NBA,nba_stub_001,2026-10-06T11:55:08.850272+00:00,Los Angeles Lakers,Boston Celtics,total,under,-110,225.5
2026-10-05T11:55:09.254688+00:00,fanduel,NBA,nba_stub_002,2026-10-06T14:55:08.850272+00:00,Golden State Warriors,Phoenix Suns,moneyline,home,-165,
2026-10-05T11:55:09.254688+00:00,fanduel,NBA,nba_stub_002,2026-10-06T14:55:08.850272+00:00,Golden State Warriors,Phoenix Suns,moneyline,away,145,
2026-10-05T11:55:09.254688+00:00,fanduel,NBA,nba_stub_002,2026-10-06T14:55:08.850272+00:00,Golden State Warriors,Phoenix Suns,spread,home,-108,-4.0
2026-10-05T11:55:09.254688+00:00,fanduel,NBA,nba_stub_002,2026-10-06T14:55:08.850272+00:00,Golden State Warriors,Phoenix Suns,spread,away,-112,4.0
2026-10-05T11:55:09.254688+00:00,fanduel,NBA,nba_stub_002,2026-10-06T14:55:08.850272+00:00,Golden State Warriors,Phoenix Suns,total,over,-105,232.0
2026-10-05T11:55:09.254688+00:00,fanduel,NBA,nba_stub_002,2026-10-06T14:55:08.850272+00:00,Golden State Warriors,Phoenix Suns,total,under,-115,232.0
2026-10-05T11:55:09.254688+00:00,fanduel,NBA,nba_stub_001,2026-10-06T11:55:09.024059+00:00,Los Angeles Lakers,Boston Celtics,moneyline,home,120,
2026-10-05T11:55:09.254688+00:00,fanduel,NBA,nba_stub_001,2026-10-06T11:55:09.024059+00:00,Los Angeles Lakers,Boston Celtics,moneyline,away,-140,
2026-10-05T11:55:09.254688+00:00,fanduel,NBA,nba_stub_001,2026-10-06T11:55:09.024059+00:00,Los Angeles Lakers,Boston Celtics,spread,home,-110,2.5
2026-10-05T11:55:09.254688+00:00,fanduel,NBA,nba_stub_001,2026-10-06T11:55:09.024059+00:00,Los Angeles Lakers,Boston Celtics,spread,away,-110,-2.5
2026-10-05T11:55:09.254688+00:00,fanduel,NBA,nba_stub_001,2026-10-06T11:55:09.024059+00:00,Los Angeles Lakers,Boston Celtics,total,over,-110,225.5
2026-10-05T11:55:09.254688+00:00,fanduel,NBA,nba_stub_001,2026-10-06T11:55:09.024059+00:00,Los Angeles Lakers,Boston Celtics,total,under,-110,225.5
2026-10-05T11:55:09.254688+00:00,fanduel,NBA,nba_stub_002,2026-10-06T14:55:09.024059+00:00,Golden State Warriors,Phoenix Suns,moneyline,home,-165,
2026-10-05T11:55:09.254688+00:00,fanduel,NBA,nba_stub_002,2026-10-06T14:55:09.024059+00:00,Golden State Warriors,Phoenix Suns,moneyline,away,145,
2026-10-05T11:55:09.254688+00:00,fanduel,NBA,nba_stub_002,2026-10-06T14:55:09.024059+00:00,Golden State Warriors,Phoenix Suns,spread,home,-108,-4.0
2026-10-05T11:55:09.254688+00:00,fanduel,NBA,nba_stub_002,2026-10-06T14:55:09.024059+00:00,Golden State Warriors,Phoenix Suns,spread,away,-112,4.0
2026-10-05T11:55:09.254688+00:00,fanduel,NBA,nba_stub_002,2026-10-06T14:55:09.024059+00:00,Golden State Warriors,Phoenix Suns,total,over,-105,232.0
2026-10-05T11:55:09.254688+00:00,fanduel,NBA,nba_stub_002,2026-10-06T14:55:09.024059+00:00,Golden State Warriors,Phoenix Suns,total,under,-115,232.0
2026-10-05T11:55:09.254688+00:00,fanduel,NHL,nhl_stub_001,2026-10-06T11:55:09.131610+00:00,Toronto Maple Leafs,Montreal Canadiens,moneyline,home,-155,
2026-10-05T11:55:09.254688+00:00,fanduel,NHL,nhl_stub_001,2026-10-06T11:55:09.131610+00:00,Toronto Maple Leafs,Montreal Canadiens,moneyline,away,135,
2026-10-05T11:55:09.254688+00:00,fanduel,NHL,nhl_stub_001,2026-10-06T11:55:09.131610+00:00,Toronto Maple Leafs,Montreal Canadiens,spread,home,-115,-1.5
2026-10-05T11:55:09.254688+00:00,fanduel,NHL,nhl_stub_001,2026-10-06T11:55:09.131610+00:00,Toronto Maple Leafs,Montreal Canadiens,spread,away,-105,1.5
2026-10-05T11:55:09.254688+00:00,fanduel,NHL,nhl_stub_001,2026-10-06T11:55:09.131610+00:00,Toronto Maple Leafs,Montreal Canadiens,total,over,-110,6.5
2026-10-05T11:55:09.254688+00:00,fanduel,NHL,nhl_stub_001,2026-10-06T11:55:09.131610+00:00,Toronto Maple Leafs,Montreal Canadiens,total,under,-110,6.5
2026-10-05T11:55:09.254688+00:00,fanduel,NHL,nhl_stub_002,2026-10-06T14:55:09.131610+00:00,Vegas Golden Knights,Colorado Avalanche,moneyline,home,-130,
2026-10-05T11:55:09.254688+00:00,fanduel,NHL,nhl_stub_002,2026-10-06T14:55:09.131610+00:00,Vegas Golden Knights,Colorado Avalanche,moneyline,away,110,
2026-10-05T11:55:09.254688+00:00,fanduel,NHL,nhl_stub_002,2026-10-06T14:55:09.131610+00:00,Vegas Golden Knights,Colorado Avalanche,spread,home,105,-1.5
2026-10-05T11:55:09.254688+00:00,fanduel,NHL,nhl_stub_002,2026-10-06T14:55:09.131610+00:00,Vegas Golden Knights,Colorado Avalanche,spread,away,-125,1.5
2026-10-05T11:55:09.254688+00:00,fanduel,NHL,nhl_stub_002,2026-10-06T14:55:09.131610+00:00,Vegas Golden Knights,Colorado Avalanche,total,over,-105,5.5
2026-10-05T11:55:09.254688+00:00,fanduel,NHL,nhl_stub_002,2026-10-06T14:55:09.131610+00:00,Vegas Golden Knights,Colorado Avalanche,total,under,-115,5.5
2026-10-05T11:55:09.254688+00:00,fanduel,MMA,mma_stub_001,2026-10-12T11:55:09.253419+00:00,Jon Jones,Stipe Miocic,moneyline,home,-250,
2026-10-05T11:55:09.254688+00:00,fanduel,MMA,mma_stub_001,2026-10-12T11:55:09.253419+00:00,Jon Jones,Stipe Miocic,moneyline,away,210,
2026-10-05T11:55:09.254688+00:00,fanduel,MMA,mma_stub_002,2026-10-12T13:55:09.253419+00:00,Islam Makhachev,Charles Oliveira,moneyline,home,-180,
2026-10-05T11:55:09.254688+00:00,fanduel,MMA,mma_stub_002,2026-10-12T13:55:09.253419+00:00,Islam Makhachev,Charles Oliveira,moneyline,away,155,
2026-10-05T20:56:18.236179+00:00,fanduel,NFL,nfl_stub_001,2026-10-07T20:56:17.511349+00:00,Kansas City Chiefs,Buffalo Bills,moneyline,home,-150,
2026-10-05T20:56:18.236179+00:00,fanduel,NFL,nfl_stub_001,2026-10-07T20:56:17.511349+00:00,Kansas City Chiefs,Buffalo Bills,moneyline,away,130,
2026-10-05T20:56:18.236179+00:00,fanduel,NFL,nfl_stub_001,2026-10-07T20:56:17.511349+00:00,Kansas City Chiefs,Buffalo Bills,spread,home,-110,-3.0
2026-10-05T20:56:18.236179+00:00,fanduel,NFL,nfl_stub_001,2026-10-07T20:56:17.511349+00:00,Kansas City Chiefs,Buffalo Bills,spread,away,-110,3.0
2026-10-05T20:56:18.236179+00:00,fanduel,NFL,nfl_stub_001,2026-10-07T20:56:17.511349+00:00,Kansas City Chiefs,Buffalo Bills,total,over,-110,47.5
2026-10-05T20:56:18.236179+00:00,fanduel,NFL,nfl_stub_001,2026-10-07T20:56:17.511349+00:00,Kansas City Chiefs,Buffalo Bills,total,under,-110,47.5
2026-10-05T20:56:18.236179+00:00,fanduel,NFL,nfl_stub_002,2026-10-08T20:56:17.511349+00:00,San Francisco 49ers,Dallas Cowboys,moneyline,home,-180,
2026-10-05T20:56:18.236179+00:00,fanduel,NFL,nfl_stub_002,2026-10-08T20:56:17.511349+00:00,San Francisco 49ers,Dallas Cowboys,moneyline,away,155,
2026-10-05T20:56:18.236179+00:00,fanduel,NFL,nfl_stub_002,2026-10-08T20:56:17.511349+00:00,San Francisco 49ers,Dallas Cowboys,spread,home,-105,-4.0
2026-10-05T20:56:18.236179+00:00,fanduel,NFL,nfl_stub_002,2026-10-08T20:56:17.511349+00:00,San Francisco 49ers,Dallas Cowboys,spread,away,-115,4.0
2026-10-05T20:56:18.236179+00:00,fanduel,NFL,nfl_stub_002,2026-10-08T20:56:17.511349+00:00,San Francisco 49ers,Dallas Cowboys,total,over,-108,49.0
2026-10-05T20:56:18.236179+00:00,fanduel,NFL,nfl_stub_002,2026-10-08T20:56:17.511349+00:00,San Francisco 49ers,Dallas Cowboys,total,under,-112,49.0
2026-10-05T20:56:18.236179+00:00,fanduel,NBA,nba_stub_001,2026-10-06T20:56:17.633557+00:00,Los Angeles Lakers,Boston Celtics,moneyline,home,120,
2026-10-05T20:56:18.236179+00:00,fanduel,NBA,nba_stub_001,2026-10-06T20:56:17.633557+00:00,Los Angeles Lakers,Boston Celtics,moneyline,away,-140,
2026-10-05T20:56:18.236179+00:00,fanduel,NBA,nba_stub_001,2026-10-06T20:56:17.633557+00:00,Los Angeles Lakers,Boston Celtics,spread,home,-110,2.5
2026-10-05T20:56:18.236179+00:00,fanduel,NBA,nba_stub_001,2026-10-06T20:56:17.633557+00:00,Los Angeles Lakers,Boston Celtics,spread,away,-110,-2.5
2026-10-05T20:56:18.236179+00:00,fanduel,NBA,nba_stub_001,2026-10-06T20:56:17.633557+00:00,Los Angeles Lakers,Boston Celtics,total,over,-110,225.5
2026-10-05T20:56:18.236179+00:00,fanduel,NBA,nba_stub_001,2026-10-06T20:56:17.633557+00:00,Los Angeles Lakers,Boston Celtics,total,under,-110,225.5
2026-10-05T20:56:18.236179+00:00,fanduel,NBA,nba_stub_002,2026-10-06T23:56:17.633557+00:00,Golden State Warriors,Phoenix Suns,moneyline,home,-165,
2026-10-05T20:56:18.236179+00:00,fanduel,NBA,nba_stub_002,2026-10-06T23:56:17.633557+00:00,Golden State Warriors,Phoenix Suns,moneyline,away,145,
2026-10-05T20:56:18.236179+00:00,fanduel,NBA,nba_stub_002,2026-10-06T23:56:17.633557+00:00,Golden State Warriors,Phoenix Suns,spread,home,-108,-4.0
2026-10-05T20:56:18.236179+00:00,fanduel,NBA,nba_stub_002,2026-10-06T23:56:17.633557+00:00,Golden State Warriors,Phoenix Suns,spread,away,-112,4.0
2026-10-05T20:56:18.236179+00:00,fanduel,NBA,nba_stub_002,2026-10-06T23:56:17.633557+00:00,Golden State Warriors,Phoenix Suns,total,over,-105,232.0
2026-10-05T20:56:18.236179+00:00,fanduel,NBA,nba_stub_002,2026-10-06T23:56:17.633557+00:00,Golden State Warriors,Phoenix Suns,total,under,-115,232.0
2026-10-05T20:56:18.236179+00:00,fanduel,NBA,nba_stub_001,2026-10-06T20:56:17.909257+00:00,Los Angeles Lakers,Boston Celtics,moneyline,home,120,
2026-10-05T20:56:18.236179+00:00,fanduel,NBA,nba_stub_001,2026-10-06T20:56:17.909257+00:00,Los Angeles Lakers,Boston Celtics,moneyline,away,-140,
2026-10-05T20:56:18.236179+00:00,fanduel,NBA,nba_stub_001,2026-10-06T20:56:17.909257+00:00,Los Angeles Lakers,Boston Celtics,spread,home,-110,2.5
2026-10-05T20:56:18.236179+00:00,fanduel,NBA,nba_stub_001,2026-10-06T20:56:17.909257+00:00,Los Angeles Lakers,Boston Celtics,spread,away,-110,-2.5
2026-10-05T20:56:18.236179+00:00,fanduel,NBA,nba_stub_001,2026-10-06T20:56:17.909257+00:00,Los Angeles Lakers,Boston Celtics,total,over,-110,225.5
2026-10-05T20:56:18.236179+00:00,fanduel,NBA,nba_stub_001,2026-10-06T20:56:17.909257+00:00,Los Angeles Lakers,Boston Celtics,total,under,-110,225.5
2026-10-05T20:56:18.236179+00:00,fanduel,NBA,nba_stub_002,2026-10-06T23:56:17.909257+00:00,Golden State Warriors,Phoenix Suns,moneyline,home,-165,
2026-10-05T20:56:18.236179+00:00,fanduel,NBA,nba_stub_002,2026-10-06T23:56:17.909257+00:00,Golden State Warriors,Phoenix Suns,moneyline,away,145,
2026-10-05T20:56:18.236179+00:00,fanduel,NBA,nba_stub_002,2026-10-06T23:56:17.909257+00:00,Golden State Warriors,Phoenix Suns,spread,home,-108,-4.0
2026-10-05T20:56:18.236179+00:00,fanduel,NBA,nba_stub_002,2026-10-06T23:56:17.909257+00:00,Golden State Warriors,Phoenix Suns,spread,away,-112,4.0
2026-10-05T20:56:18.236179+00:00,fanduel,NBA,nba_stub_002,2026-10-06T23:56:17.909257+00:00,Golden State Warriors,Phoenix Suns,total,over,-105,232.0
2026-10-05T20:56:18.236179+00:00,fanduel,NBA,nba_stub_002,2026-10-06T23:56:17.909257+00:00,Golden State Warriors,Phoenix Suns,total,under,-115,232.0
2026-10-05T20:56:18.236179+00:00,fanduel,NHL,nhl_stub_001,2026-10-06T20:56:18.048743+00:00,Toronto Maple Leafs,Montreal Canadiens,moneyline,home,-155,
2026-10-05T20:56:18.236179+00:00,fanduel,NHL,nhl_stub_001,2026-10-06T20:56:18.048743+00:00,Toronto Maple Leafs,Montreal Canadiens,moneyline,away,135,
2026-10-05T20:56:18.236179+00:00,fanduel,NHL,nhl_stub_001,2026-10-06T20:56:18.048743+00:00,Toronto Maple Leafs,Montreal Canadiens,spread,home,-115,-1.5
2026-10-05T20:56:18.236179+00:00,fanduel,NHL,nhl_stub_001,2026-10-06T20:56:18.048743+00:00,Toronto Maple Leafs,Montreal Canadiens,spread,away,-105,1.5
2026-10-05T20:56:18.236179+00:00,fanduel,NHL,nhl_stub_001,2026-10-06T20:56:18.048743+00:00,Toronto Maple Leafs,Montreal Canadiens,total,over,-110,6.5
2026-10-05T20:56:18.236179+00:00,fanduel,NHL,nhl_stub_001,2026-10-06T20:56:18.048743+00:00,Toronto Maple Leafs,Montreal Canadiens,total,under,-110,6.5
2026-10-05T20:56:18.236179+00:00,fanduel,NHL,nhl_stub_002,2026-10-06T23:56:18.048743+00:00,Vegas Golden Knights,Colorado Avalanche,moneyline,home,-130,
2026-10-05T20:56:18.236179+00:00,fanduel,NHL,nhl_stub_002,2026-10-06T23:56:18.048743+00:00,Vegas Golden Knights,Colorado Avalanche,moneyline,away,110,
2026-10-05T20:56:18.236179+00:00,fanduel,NHL,nhl_stub_002,2026-10-06T23:56:18.048743+00:00,Vegas Golden Knights,Colorado Avalanche,spread,home,105,-1.5
2026-10-05T20:56:18.236179+00:00,fanduel,NHL,nhl_stub_002,2026-10-06T23:56:18.048743+00:00,Vegas Golden Knights,Colorado Avalanche,spread,away,-125,1.5
2026-10-05T20:56:18.236179+00:00,fanduel,NHL,nhl_stub_002,2026-10-06T23:56:18.048743+00:00,Vegas Golden Knights,Colorado Avalanche,total,over,-105,5.5
2026-10-05T20:56:18.236179+00:00,fanduel,NHL,nhl_stub_002,2026-10-06T23:56:18.048743+00:00,Vegas Golden Knights,Colorado Avalanche,total,under,-115,5.5
2026-10-05T20:56:18.236179+00:00,fanduel,MMA,mma_stub_001,2026-10-12T20:56:18.235195+00:00,Jon Jones,Stipe Miocic,moneyline,home,-250,
2026-10-05T20:56:18.236179+00:00,fanduel,MMA,mma_stub_001,2026-10-12T20:56:18.235195+00:00,Jon Jones,Stipe Miocic,moneyline,away,210,
2026-10-05T20:56:18.236179+00:00,fanduel,MMA,mma_stub_002,2026-10-12T22:56:18.235195+00:00,Islam Makhachev,Charles Oliveira,moneyline,home,-180,
2026-10-05T20:56:18.236179+00:00,fanduel,MMA,mma_stub_002,2026-10-12T22:56:18.235195+00:00,Islam Makhachev,Charles Oliveira,moneyline,away,155,
2026-10-05T23:05:03.319043+00:00,fanduel,NFL,nfl_stub_001,2026-10-07T23:05:02.659614+00:00,Kansas City Chiefs,Buffalo Bills,moneyline,home,-150,
2026-10-05T23:05:03.319043+00:00,fanduel,NFL,nfl_stub_001,2026-10-07T23:05:02.659614+00:00,Kansas City Chiefs,Buffalo Bills,moneyline,away,130,
2026-10-05T23:05:03.319043+00:00,fanduel,NFL,nfl_stub_001,2026-10-07T23:05:02.659614+00:00,Kansas City Chiefs,Buffalo Bills,spread,home,-110,-3.0
2026-10-05T23:05:03.319043+00:00,fanduel,NFL,nfl_stub_001,2026-10-07T23:05:02.659614+00:00,Kansas City Chiefs,Buffalo Bills,spread,away,-110,3.0
2026-10-05T23:05:03.319043+00:00,fanduel,NFL,nfl_stub_001,2026-10-07T23:05:02.659614+00:00,Kansas City Chiefs,Buffalo Bills,total,over,-110,47.5
2026-10-05T23:05:03.319043+00:00,fanduel,NFL,nfl_stub_001,2026-10-07T23:05:02.659614+00:00,Kansas City Chiefs,Buffalo Bills,total,under,-110,47.5
2026-10-05T23:05:03.319043+00:00,fanduel,NFL,nfl_stub_002,2026-10-08T23:05:02.659614+00:00,San Francisco 49ers,Dallas Cowboys,moneyline,home,-180,
2026-10-05T23:05:03.319043+00:00,fanduel,NFL,nfl_stub_002,2026-10-08T23:05:02.659614+00:00,San Francisco 49ers,Dallas Cowboys,moneyline,away,155,
2026-10-05T23:05:03.319043+00:00,fanduel,NFL,nfl_stub_002,2026-10-08T23:05:02.659614+00:00,San Francisco 49ers,Dallas Cowboys,spread,home,-105,-4.0
2026-10-05T23:05:03.319043+00:00,fanduel,NFL,nfl_stub_002,2026-10-08T23:05:02.659614+00:00,San Francisco 49ers,Dallas Cowboys,spread,away,-115,4.0
2026-10-05T23:05:03.319043+00:00,fanduel,NFL,nfl_stub_002,2026-10-08T23:05:02.659614+00:00,San Francisco 49ers,Dallas Cowboys,total,over,-108,49.0
2026-10-05T23:05:03.319043+00:00,fanduel,NFL,nfl_stub_002,2026-10-08T23:05:02.659614+00:00,San Francisco 49ers,Dallas Cowboys,total,under,-112,49.0
2026-10-05T23:05:03.319043+00:00,fanduel,NBA,nba_stub_001,2026-10-06T23:05:02.790203+00:00,Los Angeles Lakers,Boston Celtics,moneyline,home,120,
2026-10-05T23:05:03.319043+00:00,fanduel,NBA,nba_stub_001,2026-10-06T23:05:02.790203+00:00,Los Angeles Lakers,Boston Celtics,moneyline,away,-140,
2026-10-05T23:05:03.319043+00:00,fanduel,NBA,nba_stub_001,2026-10-06T23:05:02.790203+00:00,Los Angeles Lakers,Boston Celtics,spread,home,-110,2.5
2026-10-05T23:05:03.319043+00:00,fanduel,NBA,nba_stub_001,2026-10-06T23:05:02.790203+00:00,Los Angeles Lakers,Boston Celtics,spread,away,-110,-2.5
2026-10-05T23:05:03.319043+00:00,fanduel,NBA,nba_stub_001,2026-10-06T23:05:02.790203+00:00,Los Angeles Lakers,Boston Celtics,total,over,-110,225.5
2026-10-05T23:05:03.319043+00:00,fanduel,NBA,nba_stub_001,2026-10-06T23:05:02.790203+00:00,Los Angeles Lakers,Boston Celtics,total,under,-110,225.5
2026-10-05T23:05:03.319043+00:00,fanduel,NBA,nba_stub_002,2026-10-07T02:05:02.790203+00:00,Golden State Warriors,Phoenix Suns,moneyline,home,-165,
2026-10-05T23:05:03.319043+00:00,fanduel,NBA,nba_stub_002,2026-10-07T02:05:02.790203+00:00,Golden State Warriors,Phoenix Suns,moneyline,away,145,
2026-10-05T23:05:03.319043+00:00,fanduel,NBA,nba_stub_002,2026-10-07T02:05:02.790203+00:00,Golden State Warriors,Phoenix Suns,spread,home,-108,-4.0
2026-10-05T23:05:03.319043+00:00,fanduel,NBA,nba_stub_002,2026-10-07T02:05:02.790203+00:00,Golden State Warriors,Phoenix Suns,spread,away,-112,4.0
2026-10-05T23:05:03.319043+00:00,fanduel,NBA,nba_stub_002,2026-10-07T02:05:02.790203+00:00,Golden State Warriors,Phoenix Suns,total,over,-105,232.0
2026-10-05T23:05:03.319043+00:00,fanduel,NBA,nba_stub_002,2026-10-07T02:05:02.790203+00:00,Golden State Warriors,Phoenix Suns,total,under,-115,232.0
2026-10-05T23:05:03.319043+00:00,fanduel,NBA,nba_stub_001,2026-10-06T23:05:03.073733+00:00,Los Angeles Lakers,Boston Celtics,moneyline,home,120,
2026-10-05T23:05:03.319043+00:00,fanduel,NBA,nba_stub_001,2026-10-06T23:05:03.073733+00:00,Los Angeles Lakers,Boston Celtics,moneyline,away,-140,
2026-10-05T23:05:03.319043+00:00,fanduel,NBA,nba_stub_001,2026-10-06T23:05:03.073733+00:00,Los Angeles Lakers,Boston Celtics,spread,home,-110,2.5
2026-10-05T23:05:03.319043+00:00,fanduel,NBA,nba_stub_001,2026-10-06T23:05:03.073733+00:00,Los Angeles Lakers,Boston Celtics,spread,away,-110,-2.5
2026-10-05T23:05:03.319043+00:00,fanduel,NBA,nba_stub_001,2026-10-06T23:05:03.073733+00:00,Los Angeles Lakers,Boston Celtics,total,over,-110,225.5
2026-10-05T23:05:03.319043+00:00,fanduel,NBA,nba_stub_001,2026-10-06T23:05:03.073733+00:00,Los Angeles Lakers,Boston Celtics,total,under,-110,225.5
2026-10-05T23:05:03.319043+00:00,fanduel,NBA,nba_stub_002,2026-10-07T02:05:03.073733+00:00,Golden State Warriors,Phoenix Suns,moneyline,home,-165,
2026-10-05T23:05:03.319043+00:00,fanduel,NBA,nba_stub_002,2026-10-07T02:05:03.073733+00:00,Golden State Warriors,Phoenix Suns,moneyline,away,145,
2026-10-05T23:05:03.319043+00:00,fanduel,NBA,nba_stub_002,2026-10-07T02:05:03.073733+00:00,Golden State Warriors,Phoenix Suns,spread,home,-108,-4.0
2026-10-05T23:05:03.319043+00:00,fanduel,NBA,nba_stub_002,2026-10-07T02:05:03.073733+00:00,Golden State Warriors,Phoenix Suns,spread,away,-112,4.0
2026-10-05T23:05:03.319043+00:00,fanduel,NBA,nba_stub_002,2026-10-07T02:05:03.073733+00:00,Golden State Warriors,Phoenix Suns,total,over,-105,232.0
2026-10-05T23:05:03.319043+00:00,fanduel,NBA,nba_stub_002,2026-10-07T02:05:03.073733+00:00,Golden State Warriors,Phoenix Suns,total,under,-115,232.0
2026-10-05T23:05:03.319043+00:00,fanduel,NHL,nhl_stub_001,2026-10-06T23:05:03.200149+00:00,Toronto Maple Leafs,Montreal Canadiens,moneyline,home,-155,
2026-10-05T23:05:03.319043+00:00,fanduel,NHL,nhl_stub_001,2026-10-06T23:05:03.200149+00:00,Toronto Maple Leafs,Montreal Canadiens,moneyline,away,135,
2026-10-05T23:05:03.319043+00:00,fanduel,NHL,nhl_stub_001,2026-10-06T23:05:03.200149+00:00,Toronto Maple Leafs,Montreal Canadiens,spread,home,-115,-1.5
2026-10-05T23:05:03.319043+00:00,fanduel,NHL,nhl_stub_001,2026-10-06T23:05:03.200149+00:00,Toronto Maple Leafs,Montreal Canadiens,spread,away,-105,1.5
2026-10-05T23:05:03.319043+00:00,fanduel,NHL,nhl_stub_001,2026-10-06T23:05:03.200149+00:00,Toronto Maple Leafs,Montreal Canadiens,total,over,-110,6.5
2026-10-05T23:05:03.319043+00:00,fanduel,NHL,nhl_stub_001,2026-10-06T23:05:03.200149+00:00,Toronto Maple Leafs,Montreal Canadiens,total,under,-110,6.5
2026-10-05T23:05:03.319043+00:00,fanduel,NHL,nhl_stub_002,2026-10-07T02:05:03.200149+00:00,Vegas Golden Knights,Colorado Avalanche,moneyline,home,-130,
2026-10-05T23:05:03.319043+00:00,fanduel,NHL,nhl_stub_002,2026-10-07T02:05:03.200149+00:00,Vegas Golden Knights,Colorado Avalanche,moneyline,away,110,
2026-10-05T23:05:03.319043+00:00,fanduel,NHL,nhl_stub_002,2026-10-07T02:05:03.200149+00:00,Vegas Golden Knights,Colorado Avalanche,spread,home,105,-1.5
2026-10-05T23:05:03.319043+00:00,fanduel,NHL,nhl_stub_002,2026-10-07T02:05:03.200149+00:00,Vegas Golden Knights,Colorado Avalanche,spread,away,-125,1.5
2026-10-05T23:05:03.319043+00:00,fanduel,NHL,nhl_stub_002,2026-10-07T02:05:03.200149+00:00,Vegas Golden Knights,Colorado Avalanche,total,over,-105,5.5
2026-10-05T23:05:03.319043+00:00,fanduel,NHL,nhl_stub_002,2026-10-07T02:05:03.200149+00:00,Vegas Golden Knights,Colorado Avalanche,total,under,-115,5.5
2026-10-05T23:05:03.319043+00:00,fanduel,MMA,mma_stub_001,2026-10-12T23:05:03.318177+00:00,Jon Jones,Stipe Miocic,moneyline,home,-250,
2026-10-05T23:05:03.319043+00:00,fanduel,MMA,mma_stub_001,2026-10-12T23:05:03.318177+00:00,Jon Jones,Stipe Miocic,moneyline,away,210,
2026-10-05T23:05:03.319043+00:00,fanduel,MMA,mma_stub_002,2026-10-13T01:05:03.318177+00:00,Islam Makhachev,Charles Oliveira,moneyline,home,-180,
2026-10-05T23:05:03.319043+00:00,fanduel,MMA,mma_stub_002,2026-10-13T01:05:03.318177+00:00,Islam Makhachev,Charles Oliveira,moneyline,away,155,
2026-10-06T03:14:37.791012+00:00,fanduel,NFL,nfl_stub_001,2026-10-08T03:14:37.088526+00:00,Kansas City Chiefs,Buffalo Bills,moneyline,home,-150,
2026-10-06T03:14:37.791012+00:00,fanduel,NFL,nfl_stub_001,2026-10-08T03:14:37.088526+00:00,Kansas City Chiefs,Buffalo Bills,moneyline,away,130,
2026-10-06T03:14:37.791012+00:00,fanduel,NFL,nfl_stub_001,2026-10-08T03:14:37.088526+00:00,Kansas City Chiefs,Buffalo Bills,spread,home,-110,-3.0
2026-10-06T03:14:37.791012+00:00,fanduel,NFL,nfl_stub_001,2026-10-08T03:14:37.088526+00:00,Kansas City Chiefs,Buffalo Bills,spread,away,-110,3.0
2026-10-06T03:14:37.791012+00:00,fanduel,NFL,nfl_stub_001,2026-10-08T03:14:37.088526+00:00,Kansas City Chiefs,Buffalo Bills,total,over,-110,47.5
2026-10-06T03:14:37.791012+00:00,fanduel,NFL,nfl_stub_001,2026-10-08T03:14:37.088526+00:00,Kansas City Chiefs,Buffalo Bills,total,under,-110,47.5
2026-10-06T03:14:37.791012+00:00,fanduel,NFL,nfl_stub_002,2026-10-09T03:14:37.088526+00:00,San Francisco 49ers,Dallas Cowboys,moneyline,home,-180,
2026-10-06T03:14:37.791012+00:00,fanduel,NFL,nfl_stub_002,2026-10-09T03:14:37.088526+00:00,San Francisco 49ers,Dallas Cowboys,moneyline,away,155,
2026-10-06T03:14:37.791012+00:00,fanduel,NFL,nfl_stub_002,2026-10-09T03:14:37.088526+00:00,San Francisco 49ers,Dallas Cowboys,spread,home,-105,-4.0
2026-10-06T03:14:37.791012+00:00,fanduel,NFL,nfl_stub_002,2026-10-09T03:14:37.088526+00:00,San Francisco 49ers,Dallas Cowboys,spread,away,-115,4.0
2026-10-06T03:14:37.791012+00:00,fanduel,NFL,nfl_stub_002,2026-10-09T03:14:37.088526+00:00,San Francisco 49ers,Dallas Cowboys,total,over,-108,49.0
2026-10-06T03:14:37.791012+00:00,fanduel,NFL,nfl_stub_002,2026-10-09T03:14:37.088526+00:00,San Francisco 49ers,Dallas Cowboys,total,under,-112,49.0
2026-10-06T03:14:37.791012+00:00,fanduel,NBA,nba_stub_001,2026-10-07T03:14:37.236221+00:00,Los Angeles Lakers,Boston Celtics,moneyline,home,120,
2026-10-06T03:14:37.791012+00:00,fanduel,NBA,nba_stub_001,2026-10-07T03:14:37.236221+00:00,Los Angeles Lakers,Boston Celtics,moneyline,away,-140,
2026-10-06T03:14:37.791012+00:00,fanduel,NBA,nba_stub_001,2026-10-07T03:14:37.236221+00:00,Los Angeles Lakers,Boston Celtics,spread,home,-110,2.5
2026-10-06T03:14:37.791012+00:00,fanduel,NBA,nba_stub_001,2026-10-07T03:14:37.236221+00:00,Los Angeles Lakers,Boston Celtics,spread,away,-110,-2.5
2026-10-06T03:14:37.791012+00:00,fanduel,NBA,nba_stub_001,2026-10-07T03:14:37.236221+00:00,Los Angeles Lakers,Boston Celtics,total,over,-110,225.5
2026-10-06T03:14:37.791012+00:00,fanduel,NBA,nba_stub_001,2026-10-07T03:14:37.236221+00:00,Los Angeles Lakers,Boston Celtics,total,under,-110,225.5
2026-10-06T03:14:37.791012+00:00,fanduel,NBA,nba_stub_002,2026-10-07T06:14:37.236221+00:00,Golden State Warriors,Phoenix Suns,moneyline,home,-165,
2026-10-06T03:14:37.791012+00:00,fanduel,NBA,nba_stub_002,2026-10-07T06:14:37.236221+00:00,Golden State Warriors,Phoenix Suns,moneyline,away,145,
2026-10-06T03:14:37.791012+00:00,fanduel,NBA,nba_stub_002,2026-10-07T06:14:37.236221+00:00,Golden State Warriors,Phoenix Suns,spread,home,-108,-4.0
2026-10-06T03:14:37.791012+00:00,fanduel,NBA,nba_stub_002,2026-10-07T06:14:37.236221+00:00,Golden State Warriors,Phoenix Suns,spread,away,-112,4.0
2026-10-06T03:14:37.791012+00:00,fanduel,NBA,nba_stub_002,2026-10-07T06:14:37.236221+00:00,Golden State Warriors,Phoenix Suns,total,over,-105,232.0
2026-10-06T03:14:37.791012+00:00,fanduel,NBA,nba_stub_002,2026-10-07T06:14:37.236221+00:00,Golden State Warriors,Phoenix Suns,total,under,-115,232.0
2026-10-06T03:14:37.791012+00:00,fanduel,NBA,nba_stub_001,2026-10-07T03:14:37.524574+00:00,Los Angeles Lakers,Boston Celtics,moneyline,home,120,
2026-10-06T03:14:37.791012+00:00,fanduel,NBA,nba_stub_001,2026-10-07T03:14:37.524574+00:00,Los Angeles Lakers,Boston Celtics,moneyline,away,-140,
2026-10-06T03:14:37.791012+00:00,fanduel,NBA,nba_stub_001,2026-10-07T03:14:37.524574+00:00,Los Angeles Lakers,Boston Celtics,spread,home,-110,2.5
2026-10-06T03:14:37.791012+00:00,fanduel,NBA,nba_stub_001,2026-10-07T03:14:37.524574+00:00,Los Angeles Lakers,Boston Celtics,spread,away,-110,-2.5
2026-10-06T03:14:37.791012+00:00,fanduel,NBA,nba_stub_001,2026-10-07T03:14:37.524574+00:00,Los Angeles Lakers,Boston Celtics,total,over,-110,225.5
2026-10-06T03:14:37.791012+00:00,fanduel,NBA,nba_stub_001,2026-10-07T03:14:37.524574+00:00,Los Angeles Lakers,Boston Celtics,total,under,-110,225.5
2026-10-06T03:14:37.791012+00:00,fanduel,NBA,nba_stub_002,2026-10-07T06:14:37.524574+00:00,Golden State Warriors,Phoenix Suns,moneyline,home,-165,
2026-10-06T03:14:37.791012+00:00,fanduel,NBA,nba_stub_002,2026-10-07T06:14:37.524574+00:00,Golden State Warriors,Phoenix Suns,moneyline,away,145,
2026-10-06T03:14:37.791012+00:00,fanduel,NBA,nba_stub_002,2026-10-07T06:14:37.524574+00:00,Golden State Warriors,Phoenix Suns,spread,home,-108,-4.0
2026-10-06T03:14:37.791012+00:00,fanduel,NBA,nba_stub_002,2026-10-07T06:14:37.524574+00:00,Golden State Warriors,Phoenix Suns,spread,away,-112,4.0
2026-10-06T03:14:37.791012+00:00,fanduel,NBA,nba_stub_002,2026-10-07T06:14:37.524574+00:00,Golden State Warriors,Phoenix Suns,total,over,-105,232.0
2026-10-06T03:14:37.791012+00:00,fanduel,NBA,nba_stub_002,2026-10-07T06:14:37.524574+00:00,Golden State Warriors,Phoenix Suns,total,under,-115,232.0
2026-10-06T03:14:37.791012+00:00,fanduel,NHL,nhl_stub_001,2026-10-07T03:14:37.639449+00:00,Toronto Maple Leafs,Montreal Canadiens,moneyline,home,-155,
2026-10-06T03:14:37.791012+00:00,fanduel,NHL,nhl_stub_001,2026-10-07T03:14:37.639449+00:00,Toronto Maple Leafs,Montreal Canadiens,moneyline,away,135,
2026-10-06T03:14:37.791012+00:00,fanduel,NHL,nhl_stub_001,2026-10-07T03:14:37.639449+00:00,Toronto Maple Leafs,Montreal Canadiens,spread,home,-115,-1.5
2026-10-06T03:14:37.791012+00:00,fanduel,NHL,nhl_stub_001,2026-10-07T03:14:37.639449+00:00,Toronto Maple Leafs,Montreal Canadiens,spread,away,-105,1.5
2026-10-06T03:14:37.791012+00:00,fanduel,NHL,nhl_stub_001,2026-10-07T03:14:37.639449+00:00,Toronto Maple Leafs,Montreal Canadiens,total,over,-110,6.5
2026-10-06T03:14:37.791012+00:00,fanduel,NHL,nhl_stub_001,2026-10-07T03:14:37.639449+00:00,Toronto Maple Leafs,Montreal Canadiens,total,under,-110,6.5
2026-10-06T03:14:37.791012+00:00,fanduel,NHL,nhl_stub_002,2026-10-07T06:14:37.639449+00:00,Vegas Golden Knights,Colorado Avalanche,moneyline,home,-130,
2026-10-06T03:14:37.791012+00:00,fanduel,NHL,nhl_stub_002,2026-10-07T06:14:37.639449+00:00,Vegas Golden Knights,Colorado Avalanche,moneyline,away,110,
2026-10-06T03:14:37.791012+00:00,fanduel,NHL,nhl_stub_002,2026-10-07T06:14:37.639449+00:00,Vegas Golden Knights,Colorado Avalanche,spread,home,105,-1.5
2026-10-06T03:14:37.791012+00:00,fanduel,NHL,nhl_stub_002,2026-10-07T06:14:37.639449+00:00,Vegas Golden Knights,Colorado Avalanche,spread,away,-125,1.5
2026-10-06T03:14:37.791012+00:00,fanduel,NHL,nhl_stub_002,2026-10-07T06:14:37.639449+00:00,Vegas Golden Knights,Colorado Avalanche,total,over,-105,5.5
2026-10-06T03:14:37.791012+00:00,fanduel,NHL,nhl_stub_002,2026-10-07T06:14:37.639449+00:00,Vegas Golden Knights,Colorado Avalanche,total,under,-115,5.5
2026-10-06T03:14:37.791012+00:00,fanduel,MMA,mma_stub_001,2026-10-13T03:14:37.789740+00:00,Jon Jones,Stipe Miocic,moneyline,home,-250,
2026-10-06T03:14:37.791012+00:00,fanduel,MMA,mma_stub_001,2026-10-13T03:14:37.789740+00:00,Jon Jones,Stipe Miocic,moneyline,away,210,
2026-10-06T03:14:37.791012+00:00,fanduel,MMA,mma_stub_002,2026-10-13T05:14:37.789740+00:00,Islam Makhachev,Charles Oliveira,moneyline,home,-180,
2026-10-06T03:14:37.791012+00:00,fanduel,MMA,mma_stub_002,2026-10-13T05:14:37.789740+00:00,Islam Makhachev,Charles Oliveira,moneyline,away,155,
2026-10-06T04:49:02.275449+00:00,fanduel,NFL,nfl_stub_001,2026-10-08T04:49:01.857419+00:00,Kansas City Chiefs,Buffalo Bills,moneyline,home,-150,
2026-10-06T04:49:02.275449+00:00,fanduel,NFL,nfl_stub_001,2026-10-08T04:49:01.857419+00:00,Kansas City Chiefs,Buffalo Bills,moneyline,away,130,
2026-10-06T04:49:02.275449+00:00,fanduel,NFL,nfl_stub_001,2026-10-08T04:49:01.857419+00:00,Kansas City Chiefs,Buffalo Bills,spread,home,-110,-3.0
2026-10-06T04:49:02.275449+00:00,fanduel,NFL,nfl_stub_001,2026-10-08T04:49:01.857419+00:00,Kansas City Chiefs,Buffalo Bills,spread,away,-110,3.0
2026-10-06T04:49:02.275449+00:00,fanduel,NFL,nfl_stub_001,2026-10-08T04:49:01.857419+00:00,Kansas City Chiefs,Buffalo Bills,total,over,-110,47.5
2026-10-06T04:49:02.275449+00:00,fanduel,NFL,nfl_stub_001,2026-10-08T04:49:01.857419+00:00,Kansas City Chiefs,Buffalo Bills,total,under,-110,47.5
2026-10-06T04:49:02.275449+00:00,fanduel,NFL,nfl_stub_002,2026-10-09T04:49:01.857419+00:00,San Francisco 49ers,Dallas Cowboys,moneyline,home,-180,
2026-10-06T04:49:02.275449+00:00,fanduel,NFL,nfl_stub_002,2026-10-09T04:49:01.857419+00:00,San Francisco 49ers,Dallas Cowboys,moneyline,away,155,
2026-10-06T04:49:02.275449+00:00,fanduel,NFL,nfl_stub_002,2026-10-09T04:49:01.857419+00:00,San Francisco 49ers,Dallas Cowboys,spread,home,-105,-4.0
2026-10-06T04:49:02.275449+00:00,fanduel,NFL,nfl_stub_002,2026-10-09T04:49:01.857419+00:00,San Francisco 49ers,Dallas Cowboys,spread,away,-115,4.0
2026-10-06T04:49:02.275449+00:00,fanduel,NFL,nfl_stub_002,2026-10-09T04:49:01.857419+00:00,San Francisco 49ers,Dallas Cowboys,total,over,-108,49.0
2026-10-06T04:49:02.275449+00:00,fanduel,NFL,nfl_stub_002,2026-10-09T04:49:01.857419+00:00,San Francisco 49ers,Dallas Cowboys,total,under,-112,49.0
2026-10-06T04:49:02.275449+00:00,fanduel,NBA,nba_stub_001,2026-10-07T04:49:01.950652+00:00,Los Angeles Lakers,Boston Celtics,moneyline,home,120,
2026-10-06T04:49:02.275449+00:00,fanduel,NBA,nba_stub_001,2026-10-07T04:49:01.950652+00:00,Los Angeles Lakers,Boston Celtics,moneyline,away,-140,
2026-10-06T04:49:02.275449+00:00,fanduel,NBA,nba_stub_001,2026-10-07T04:49:01.950652+00:00,Los Angeles Lakers,Boston Celtics,spread,home,-110,2.5
2026-10-06T04:49:02.275449+00:00,fanduel,NBA,nba_stub_001,2026-10-07T04:49:01.950652+00:00,Los Angeles Lakers,Boston Celtics,spread,away,-110,-2.5
2026-10-06T04:49:02.275449+00:00,fanduel,NBA,nba_stub_001,2026-10-07T04:49:01.950652+00:00,Los Angeles Lakers,Boston Celtics,total,over,-110,225.5
2026-10-06T04:49:02.275449+00:00,fanduel,NBA,nba_stub_001,2026-10-07T04:49:01.950652+00:00,Los Angeles Lakers,Boston Celtics,total,under,-110,225.5
2026-10-06T04:49:02.275449+00:00,fanduel,NBA,nba_stub_002,2026-10-07T07:49:01.950652+00:00,Golden State Warriors,Phoenix Suns,moneyline,home,-165,
2026-10-06T04:49:02.275449+00:00,fanduel,NBA,nba_stub_002,2026-10-07T07:49:01.950652+00:00,Golden State Warriors,Phoenix Suns,moneyline,away,145,
2026-10-06T04:49:02.275449+00:00,fanduel,NBA,nba_stub_002,2026-10-07T07:49:01.950652+00:00,Golden State Warriors,Phoenix Suns,spread,home,-108,-4.0
2026-10-06T04:49:02.275449+00:00,fanduel,NBA,nba_stub_002,2026-10-07T07:49:01.950652+00:00,Golden State Warriors,Phoenix Suns,spread,away,-112,4.0
2026-10-06T04:49:02.275449+00:00,fanduel,NBA,nba_stub_002,2026-10-07T07:49:01.950652+00:00,Golden State Warriors,Phoenix Suns,total,over,-105,232.0
2026-10-06T04:49:02.275449+00:00,fanduel,NBA,nba_stub_002,2026-10-07T07:49:01.950652+00:00,Golden State Warriors,Phoenix Suns,total,under,-115,232.0
2026-10-06T04:49:02.275449+00:00,fanduel,NBA,nba_stub_001,2026-10-07T04:49:02.121269+00:00,Los Angeles Lakers,Boston Celtics,moneyline,home,120,
2026-10-06T04:49:02.275449+00:00,fanduel,NBA,nba_stub_001,2026-10-07T04:49:02.121269+00:00,Los Angeles Lakers,Boston Celtics,moneyline,away,-140,
2026-10-06T04:49:02.275449+00:00,fanduel,NBA,nba_stub_001,2026-10-07T04:49:02.121269+00:00,Los Angeles Lakers,Boston Celtics,spread,home,-110,2.5
2026-10-06T04:49:02.275449+00:00,fanduel,NBA,nba_stub_001,2026-10-07T04:49:02.121269+00:00,Los Angeles Lakers,Boston Celtics,spread,away,-110,-2.5
2026-10-06T04:49:02.275449+00:00,fanduel,NBA,nba_stub_001,2026-10-07T04:49:02.121269+00:00,Los Angeles Lakers,Boston Celtics,total,over,-110,225.5
2026-10-06T04:49:02.275449+00:00,fanduel,NBA,nba_stub_001,2026-10-07T04:49:02.121269+00:00,Los Angeles Lakers,Boston Celtics,total,under,-110,225.5
2026-10-06T04:49:02.275449+00:00,fanduel,NBA,nba_stub_002,2026-10-07T07:49:02.121269+00:00,Golden State Warriors,Phoenix Suns,moneyline,home,-165,
2026-10-06T04:49:02.275449+00:00,fanduel,NBA,nba_stub_002,2026-10-07T07:49:02.121269+00:00,Golden State Warriors,Phoenix Suns,moneyline,away,145,
2026-10-06T04:49:02.275449+00:00,fanduel,NBA,nba_stub_002,2026-10-07T07:49:02.121269+00:00,Golden State Warriors,Phoenix Suns,spread,home,-108,-4.0
2026-10-06T04:49:02.275449+00:00,fanduel,NBA,nba_stub_002,2026-10-07T07:49:02.121269+00:00,Golden State Warriors,Phoenix Suns,spread,away,-112,4.0
2026-10-06T04:49:02.275449+00:00,fanduel,NBA,nba_stub_002,2026-10-07T07:49:02.121269+00:00,Golden State Warriors,Phoenix Suns,total,over,-105,232.0
2026-10-06T04:49:02.275449+00:00,fanduel,NBA,nba_stub_002,2026-10-07T07:49:02.121269+00:00,Golden State Warriors,Phoenix Suns,total,under,-115,232.0
2026-10-06T04:49:02.275449+00:00,fanduel,NHL,nhl_stub_001,2026-10-07T04:49:02.178251+00:00,Toronto Maple Leafs,Montreal Canadiens,moneyline,home,-155,
2026-10-06T04:49:02.275449+00:00,fanduel,NHL,nhl_stub_001,2026-10-07T04:49:02.178251+00:00,Toronto Maple Leafs,Montreal Canadiens,moneyline,away,135,
2026-10-06T04:49:02.275449+00:00,fanduel,NHL,nhl_stub_001,2026-10-07T04:49:02.178251+00:00,Toronto Maple Leafs,Montreal Canadiens,spread,home,-115,-1.5
2026-10-06T04:49:02.275449+00:00,fanduel,NHL,nhl_stub_001,2026-10-07T04:49:02.178251+00:00,Toronto Maple Leafs,Montreal Canadiens,spread,away,-105,1.5
2026-10-06T04:49:02.275449+00:00,fanduel,NHL,nhl_stub_001,2026-10-07T04:49:02.178251+00:00,Toronto Maple Leafs,Montreal Canadiens,total,over,-110,6.5
2026-10-06T04:49:02.275449+00:00,fanduel,NHL,nhl_stub_001,2026-10-07T04:49:02.178251+00:00,Toronto Maple Leafs,Montreal Canadiens,total,under,-110,6.5
2026-10-06T04:49:02.275449+00:00,fanduel,NHL,nhl_stub_002,2026-10-07T07:49:02.178251+00:00,Vegas Golden Knights,Colorado Avalanche,moneyline,home,-130,
2026-10-06T04:49:02.275449+00:00,fanduel,NHL,nhl_stub_002,2026-10-07T07:49:02.178251+00:00,Vegas Golden Knights,Colorado Avalanche,moneyline,away,110,
2026-10-06T04:49:02.275449+00:00,fanduel,NHL,nhl_stub_002,2026-10-07T07:49:02.178251+00:00,Vegas Golden Knights,Colorado Avalanche,spread,home,105,-1.5
2026-10-06T04:49:02.275449+00:00,fanduel,NHL,nhl_stub_002,2026-10-07T07:49:02.178251+00:00,Vegas Golden Knights,Colorado Avalanche,spread,away,-125,1.5
2026-10-06T04:49:02.275449+00:00,fanduel,NHL,nhl_stub_002,2026-10-07T07:49:02.178251+00:00,Vegas Golden Knights,Colorado Avalanche,total,over,-105,5.5
2026-10-06T04:49:02.275449+00:00,fanduel,NHL,nhl_stub_002,2026-10-07T07:49:02.178251+00:00,Vegas Golden Knights,Colorado Avalanche,total,under,-115,5.5
2026-10-06T04:49:02.275449+00:00,fanduel,MMA,mma_stub_001,2026-10-13T04:49:02.274465+00:00,Jon Jones,Stipe Miocic,moneyline,home,-250,
2026-10-06T04:49:02.275449+00:00,fanduel,MMA,mma_stub_001,2026-10-13T04:49:02.274465+00:00,Jon Jones,Stipe Miocic,moneyline,away,210,
2026-10-06T04:49:02.275449+00:00,fanduel,MMA,mma_stub_002,2026-10-13T06:49:02.274465+00:00,Islam Makhachev,Charles Oliveira,moneyline,home,-180,
2026-10-06T04:49:02.275449+00:00,fanduel,MMA,mma_stub_002,2026-10-13T06:49:02.274465+00:00,Islam Makhachev,Charles Oliveira,moneyline,away,155,
2026-10-06T11:34:13.812377+00:00,fanduel,NFL,nfl_stub_001,2026-10-08T11:34:13.198643+00:00,Kansas City Chiefs,Buffalo Bills,moneyline,home,-150,
2026-10-06T11:34:13.812377+00:00,fanduel,NFL,nfl_stub_001,2026-10-08T11:34:13.198643+00:00,Kansas City Chiefs,Buffalo Bills,moneyline,away,130,
2026-10-06T11:34:13.812377+00:00,fanduel,NFL,nfl_stub_001,2026-10-08T11:34:13.198643+00:00,Kansas City Chiefs,Buffalo Bills,spread,home,-110,-3.0
2026-10-06T11:34:13.812377+00:00,fanduel,NFL,nfl_stub_001,2026-10-08T11:34:13.198643+00:00,Kansas City Chiefs,Buffalo Bills,spread,away,-110,3.0
2026-10-06T11:34:13.812377+00:00,fanduel,NFL,nfl_stub_001,2026-10-08T11:34:13.198643+00:00,Kansas City Chiefs,Buffalo Bills,total,over,-110,47.5
2026-10-06T11:34:13.812377+00:00,fanduel,NFL,nfl_stub_001,2026-10-08T11:34:13.198643+00:00,Kansas City Chiefs,Buffalo Bills,total,under,-110,47.5
2026-10-06T11:34:13.812377+00:00,fanduel,NFL,nfl_stub_002,2026-10-09T11:34:13.198643+00:00,San Francisco 49ers,Dallas Cowboys,moneyline,home,-180,
2026-10-06T11:34:13.812377+00:00,fanduel,NFL,nfl_stub_002,2026-10-09T11:34:13.198643+00:00,San Francisco 49ers,Dallas Cowboys,moneyline,away,155,
2026-10-06T11:34:13.812377+00:00,fanduel,NFL,nfl_stub_002,2026-10-09T11:34:13.198643+00:00,San Francisco 49ers,Dallas Cowboys,spread,home,-105,-4.0
2026-10-06T11:34:13.812377+00:00,fanduel,NFL,nfl_stub_002,2026-10-09T11:34:13.198643+00:00,San Francisco 49ers,Dallas Cowboys,spread,away,-115,4.0
2026-10-06T11:34:13.812377+00:00,fanduel,NFL,nfl_stub_002,2026-10-09T11:34:13.198643+00:00,San Francisco 49ers,Dallas Cowboys,total,over,-108,49.0
2026-10-06T11:34:13.812377+00:00,fanduel,NFL,nfl_stub_002,2026-10-09T11:34:13.198643+00:00,San Francisco 49ers,Dallas Cowboys,total,under,-112,49.0
2026-10-06T11:34:13.812377+00:00,fanduel,NBA,nba_stub_001,2026-10-07T11:34:13.296010+00:00,Los Angeles Lakers,Boston Celtics,moneyline,home,120,
2026-10-06T11:34:13.812377+00:00,fanduel,NBA,nba_stub_001,2026-10-07T11:34:13.296010+00:00,Los Angeles Lakers,Boston Celtics,moneyline,away,-140,
2026-10-06T11:34:13.812377+00:00,fanduel,NBA,nba_stub_001,2026-10-07T11:34:13.296010+00:00,Los Angeles Lakers,Boston Celtics,spread,home,-110,2.5
2026-10-06T11:34:13.812377+00:00,fanduel,NBA,nba_stub_001,2026-10-07T11:34:13.296010+00:00,Los Angeles Lakers,Boston Celtics,spread,away,-110,-2.5
2026-10-06T11:34:13.812377+00:00,fanduel,NBA,nba_stub_001,2026-10-07T11:34:13.296010+00:00,Los Angeles Lakers,Boston Celtics,total,over,-110,225.5
2026-10-06T11:34:13.812377+00:00,fanduel,NBA,nba_stub_001,2026-10-07T11:34:13.296010+00:00,Los Angeles Lakers,Boston Celtics,total,under,-110,225.5
2026-10-06T11:34:13.812377+00:00,fanduel,NBA,nba_stub_002,2026-10-07T14:34:13.296010+00:00,Golden State Warriors,Phoenix Suns,moneyline,home,-165,
2026-10-06T11:34:13.812377+00:00,fanduel,NBA,nba_stub_002,2026-10-07T14:34:13.296010+00:00,Golden State Warriors,Phoenix Suns,moneyline,away,145,
2026-10-06T11:34:13.812377+00:00,fanduel,NBA,nba_stub_002,2026-10-07T14:34:13.296010+00:00,Golden State Warriors,Phoenix Suns,spread,home,-108,-4.0
2026-10-06T11:34:13.812377+00:00,fanduel,NBA,nba_stub_002,2026-10-07T14:34:13.296010+00:00,Golden State Warriors,Phoenix Suns,spread,away,-112,4.0
2026-10-06T11:34:13.812377+00:00,fanduel,NBA,nba_stub_002,2026-10-07T14:34:13.296010+00:00,Golden State Warriors,Phoenix Suns,total,over,-105,232.0
2026-10-06T11:34:13.812377+00:00,fanduel,NBA,nba_stub_002,2026-10-07T14:34:13.296010+00:00,Golden State Warriors,Phoenix Suns,total,under,-115,232.0
2026-10-06T11:34:13.812377+00:00,fanduel,NBA,nba_stub_001,2026-10-07T11:34:13.558868+00:00,Los Angeles Lakers,Boston Celtics,moneyline,home,120,
2026-10-06T11:34:13.812377+00:00,fanduel,NBA,nba_stub_001,2026-10-07T11:34:13.558868+00:00,Los Angeles Lakers,Boston Celtics,moneyline,away,-140,
2026-10-06T11:34:13.812377+00:00,fanduel,NBA,nba_stub_001,2026-10-07T11:34:13.558868+00:00,Los Angeles Lakers,Boston Celtics,spread,home,-110,2.5
2026-10-06T11:34:13.812377+00:00,fanduel,NBA,nba_stub_001,2026-10-07T11:34:13.558868+00:00,Los Angeles Lakers,Boston Celtics,spread,away,-110,-2.5
2026-10-06T11:34:13.812377+00:00,fanduel,NBA,nba_stub_001,2026-10-07T11:34:13.558868+00:00,Los Angeles Lakers,Boston Celtics,total,over,-110,225.5
2026-10-06T11:34:13.812377+00:00,fanduel,NBA,nba_stub_001,2026-10-07T11:34:13.558868+00:00,Los Angeles Lakers,Boston Celtics,total,under,-110,225.5
2026-10-06T11:34:13.812377+00:00,fanduel,NBA,nba_stub_002,2026-10-07T14:34:13.558868+00:00,Golden State Warriors,Phoenix Suns,moneyline,home,-165,
2026-10-06T11:34:13.812377+00:00,fanduel,NBA,nba_stub_002,2026-10-07T14:34:13.558868+00:00,Golden State Warriors,Phoenix Suns,moneyline,away,145,
2026-10-06T11:34:13.812377+00:00,fanduel,NBA,nba_stub_002,2026-10-07T14:34:13.558868+00:00,Golden State Warriors,Phoenix Suns,spread,home,-108,-4.0
2026-10-06T11:34:13.812377+00:00,fanduel,NBA,nba_stub_002,2026-10-07T14:34:13.558868+00:00,Golden State Warriors,Phoenix Suns,spread,away,-112,4.0
2026-10-06T11:34:13.812377+00:00,fanduel,NBA,nba_stub_002,2026-10-07T14:34:13.558868+00:00,Golden State Warriors,Phoenix Suns,total,over,-105,232.0
2026-10-06T11:34:13.812377+00:00,fanduel,NBA,nba_stub_002,2026-10-07T14:34:13.558868+00:00,Golden State Warriors,Phoenix Suns,total,under,-115,232.0
2026-10-06T11:34:13.812377+00:00,fanduel,NHL,nhl_stub_001,2026-10-07T11:34:13.647096+00:00,Toronto Maple Leafs,Montreal Canadiens,moneyline,home,-155,
2026-10-06T11:34:13.812377+00:00,fanduel,NHL,nhl_stub_001,2026-10-07T11:34:13.647096+00:00,Toronto Maple Leafs,Montreal Canadiens,moneyline,away,135,
2026-10-06T11:34:13.812377+00:00,fanduel,NHL,nhl_stub_001,2026-10-07T11:34:13.647096+00:00,Toronto Maple Leafs,Montreal Canadiens,spread,home,-115,-1.5
2026-10-06T11:34:13.812377+00:00,fanduel,NHL,nhl_stub_001,2026-10-07T11:34:13.647096+00:00,Toronto Maple Leafs,Montreal Canadiens,spread,away,-105,1.5
2026-10-06T11:34:13.812377+00:00,fanduel,NHL,nhl_stub_001,2026-10-07T11:34:13.647096+00:00,Toronto Maple Leafs,Montreal Canadiens,total,over,-110,6.5
2026-10-06T11:34:13.812377+00:00,fanduel,NHL,nhl_stub_001,2026-10-07T11:34:13.647096+00:00,Toronto Maple Leafs,Montreal Canadiens,total,under,-110,6.5
2026-10-06T11:34:13.812377+00:00,fanduel,NHL,nhl_stub_002,2026-10-07T14:34:13.647096+00:00,Vegas Golden Knights,Colorado Avalanche,moneyline,home,-130,
2026-10-06T11:34:13.812377+00:00,fanduel,NHL,nhl_stub_002,2026-10-07T14:34:13.647096+00:00,Vegas Golden Knights,Colorado Avalanche,moneyline,away,110,
2026-10-06T11:34:13.812377+00:00,fanduel,NHL,nhl_stub_002,2026-10-07T14:34:13.647096+00:00,Vegas Golden Knights,Colorado Avalanche,spread,home,105,-1.5
2026-10-06T11:34:13.812377+00:00,fanduel,NHL,nhl_stub_002,2026-10-07T14:34:13.647096+00:00,Vegas Golden Knights,Colorado Avalanche,spread,away,-125,1.5
2026-10-06T11:34:13.812377+00:00,fanduel,NHL,nhl_stub_002,2026-10-07T14:34:13.647096+00:00,Vegas Golden Knights,Colorado Avalanche,total,over,-105,5.5
2026-10-06T11:34:13.812377+00:00,fanduel,NHL,nhl_stub_002,2026-10-07T14:34:13.647096+00:00,Vegas Golden Knights,Colorado Avalanche,total,under,-115,5.5
2026-10-06T11:34:13.812377+00:00,fanduel,MMA,mma_stub_001,2026-10-13T11:34:13.810979+00:00,Jon Jones,Stipe Miocic,moneyline,home,-250,
2026-10-06T11:34:13.812377+00:00,fanduel,MMA,mma_stub_001,2026-10-13T11:34:13.810979+00:00,Jon Jones,Stipe Miocic,moneyline,away,210,
2026-10-06T11:34:13.812377+00:00,fanduel,MMA,mma_stub_002,2026-10-13T13:34:13.810979+00:00,Islam Makhachev,Charles Oliveira,moneyline,home,-180,
2026-10-06T11:34:13.812377+00:00,fanduel,MMA,mma_stub_002,2026-10-13T13:34:13.810979+00:00,Islam Makhachev,Charles Oliveira,moneyline,away,155,
2026-10-06T18:40:23.822274+00:00,fanduel,NFL,nfl_stub_001,2026-10-08T18:40:23.168868+00:00,Kansas City Chiefs,Buffalo Bills,moneyline,home,-150,
2026-10-06T18:40:23.822274+00:00,fanduel,NFL,nfl_stub_001,2026-10-08T18:40:23.168868+00:00,Kansas City Chiefs,Buffalo Bills,moneyline,away,130,
2026-10-06T18:40:23.822274+00:00,fanduel,NFL,nfl_stub_001,2026-10-08T18:40:23.168868+00:00,Kansas City Chiefs,Buffalo Bills,spread,home,-110,-3.0
2026-10-06T18:40:23.822274+00:00,fanduel,NFL,nfl_stub_001,2026-10-08T18:40:23.168868+00:00,Kansas City Chiefs,Buffalo Bills,spread,away,-110,3.0
2026-10-06T18:40:23.822274+00:00,fanduel,NFL,nfl_stub_001,2026-10-08T18:40:23.168868+00:00,Kansas City Chiefs,Buffalo Bills,total,over,-110,47.5
2026-10-06T18:40:23.822274+00:00,fanduel,NFL,nfl_stub_001,2026-10-08T18:40:23.168868+00:00,Kansas City Chiefs,Buffalo Bills,total,under,-110,47.5
2026-10-06T18:40:23.822274+00:00,fanduel,NFL,nfl_stub_002,2026-10-09T18:40:23.168868+00:00,San Francisco 49ers,Dallas Cowboys,moneyline,home,-180,
2026-10-06T18:40:23.822274+00:00,fanduel,NFL,nfl_stub_002,2026-10-09T18:40:23.168868+00:00,San Francisco 49ers,Dallas Cowboys,moneyline,away,155,
2026-10-06T18:40:23.822274+00:00,fanduel,NFL,nfl_stub_002,2026-10-09T18:40:23.168868+00:00,San Francisco 49ers,Dallas Cowboys,spread,home,-105,-4.0
2026-10-06T18:40:23.822274+00:00,fanduel,NFL,nfl_stub_002,2026-10-09T18:40:23.168868+00:00,San Francisco 49ers,Dallas Cowboys,spread,away,-115,4.0
2026-10-06T18:40:23.822274+00:00,fanduel,NFL,nfl_stub_002,2026-10-09T18:40:23.168868+00:00,San Francisco 49ers,Dallas Cowboys,total,over,-108,49.0
2026-10-06T18:40:23.822274+00:00,fanduel,NFL,nfl_stub_002,2026-10-09T18:40:23.168868+00:00,San Francisco 49ers,Dallas Cowboys,total,under,-112,49.0
2026-10-06T18:40:23.822274+00:00,fanduel,NBA,nba_stub_001,2026-10-07T18:40:23.322374+00:00,Los Angeles Lakers,Boston Celtics,moneyline,home,120,
2026-10-06T18:40:23.822274+00:00,fanduel,NBA,nba_stub_001,2026-10-07T18:40:23.322374+00:00,Los Angeles Lakers,Boston Celtics,moneyline,away,-140,
2026-10-06T18:40:23.822274+00:00,fanduel,NBA,nba_stub_001,2026-10-07T18:40:23.322374+00:00,Los Angeles Lakers,Boston Celtics,spread,home,-110,2.5
2026-10-06T18:40:23.822274+00:00,fanduel,NBA,nba_stub_001,2026-10-07T18:40:23.322374+00:00,Los Angeles Lakers,Boston Celtics,spread,away,-110,-2.5
2026-10-06T18:40:23.822274+00:00,fanduel,NBA,nba_stub_001,2026-10-07T18:40:23.322374+00:00,Los Angeles Lakers,Boston Celtics,total,over,-110,225.5
2026-10-06T18:40:23.822274+00:00,fanduel,NBA,nba_stub_001,2026-10-07T18:40:23.322374+00:00,Los Angeles Lakers,Boston Celtics,total,under,-110,225.5
2026-10-06T18:40:23.822274+00:00,fanduel,NBA,nba_stub_002,2026-10-07T21:40:23.322374+00:00,Golden State Warriors,Phoenix Suns,moneyline,home,-165,
2026-10-06T18:40:23.822274+00:00,fanduel,NBA,nba_stub_002,2026-10-07T21:40:23.322374+00:00,Golden State Warriors,Phoenix Suns,moneyline,away,145,
2026-10-06T18:40:23.822274+00:00,fanduel,NBA,nba_stub_002,2026-10-07T21:40:23.322374+00:00,Golden State Warriors,Phoenix Suns,spread,home,-108,-4.0
2026-10-06T18:40:23.822274+00:00,fanduel,NBA,nba_stub_002,2026-10-07T21:40:23.322374+00:00,Golden State Warriors,Phoenix Suns,spread,away,-112,4.0
2026-10-06T18:40:23.822274+00:00,fanduel,NBA,nba_stub_002,2026-10-07T21:40:23.322374+00:00,Golden State Warriors,Phoenix Suns,total,over,-105,232.0
2026-10-06T18:40:23.822274+00:00,fanduel,NBA,nba_stub_002,2026-10-07T21:40:23.322374+00:00,Golden State Warriors,Phoenix Suns,total,under,-115,232.0
2026-10-06T18:40:23.822274+00:00,fanduel,NBA,nba_stub_001,2026-10-07T18:40:23.566826+00:00,Los Angeles Lakers,Boston Celtics,moneyline,home,120,
2026-10-06T18:40:23.822274+00:00,fanduel,NBA,nba_stub_001,2026-10-07T18:40:23.566826+00:00,Los Angeles Lakers,Boston Celtics,moneyline,away,-140,
2026-10-06T18:40:23.822274+00:00,fanduel,NBA,nba_stub_001,2026-10-07T18:40:23.566826+00:00,Los Angeles Lakers,Boston Celtics,spread,home,-110,2.5
2026-10-06T18:40:23.822274+00:00,fanduel,NBA,nba_stub_001,2026-10-07T18:40:23.566826+00:00,Los Angeles Lakers,Boston Celtics,spread,away,-110,-2.5
2026-10-06T18:40:23.822274+00:00,fanduel,NBA,nba_stub_001,2026-10-07T18:40:23.566826+00:00,Los Angeles Lakers,Boston Celtics,total,over,-110,225.5
2026-10-06T18:40:23.822274+00:00,fanduel,NBA,nba_stub_001,2026-10-07T18:40:23.566826+00:00,Los Angeles Lakers,Boston Celtics,total,under,-110,225.5
2026-10-06T18:40:23.822274+00:00,fanduel,NBA,nba_stub_002,2026-10-07T21:40:23.566826+00:00,Golden State Warriors,Phoenix Suns,moneyline,home,-165,
2026-10-06T18:40:23.822274+00:00,fanduel,NBA,nba_stub_002,2026-10-07T21:40:23.566826+00:00,Golden State Warriors,Phoenix Suns,moneyline,away,145,
2026-10-06T18:40:23.822274+00:00,fanduel,NBA,nba_stub_002,2026-10-07T21:40:23.566826+00:00,Golden State Warriors,Phoenix Suns,spread,home,-108,-4.0
2026-10-06T18:40:23.822274+00:00,fanduel,NBA,nba_stub_002,2026-10-07T21:40:23.566826+00:00,Golden State Warriors,Phoenix Suns,spread,away,-112,4.0
2026-10-06T18:40:23.822274+00:00,fanduel,NBA,nba_stub_002,2026-10-07T21:40:23.566826+00:00,Golden State Warriors,Phoenix Suns,total,over,-105,232.0
2026-10-06T18:40:23.822274+00:00,fanduel,NBA,nba_stub_002,2026-10-07T21:40:23.566826+00:00,Golden State Warriors,Phoenix Suns,total,under,-115,232.0
2026-10-06T18:40:23.822274+00:00,fanduel,NHL,nhl_stub_001,2026-10-07T18:40:23.690259+00:00,Toronto Maple Leafs,Montreal Canadiens,moneyline,home,-155,
2026-10-06T18:40:23.822274+00:00,fanduel,NHL,nhl_stub_001,2026-10-07T18:40:23.690259+00:00,Toronto Maple Leafs,Montreal Canadiens,moneyline,away,135,
2026-10-06T18:40:23.822274+00:00,fanduel,NHL,nhl_stub_001,2026-10-07T18:40:23.690259+00:00,Toronto Maple Leafs,Montreal Canadiens,spread,home,-115,-1.5
2026-10-06T18:40:23.822274+00:00,fanduel,NHL,nhl_stub_001,2026-10-07T18:40:23.690259+00:00,Toronto Maple Leafs,Montreal Canadiens,spread,away,-105,1.5
2026-10-06T18:40:23.822274+00:00,fanduel,NHL,nhl_stub_001,2026-10-07T18:40:23.690259+00:00,Toronto Maple Leafs,Montreal Canadiens,total,over,-110,6.5
2026-10-06T18:40:23.822274+00:00,fanduel,NHL,nhl_stub_001,2026-10-07T18:40:23.690259+00:00,Toronto Maple Leafs,Montreal Canadiens,total,under,-110,6.5
2026-10-06T18:40:23.822274+00:00,fanduel,NHL,nhl_stub_002,2026-10-07T21:40:23.690259+00:00,Vegas Golden Knights,Colorado Avalanche,moneyline,home,-130,
2026-10-06T18:40:23.822274+00:00,fanduel,NHL,nhl_stub_002,2026-10-07T21:40:23.690259+00:00,Vegas Golden Knights,Colorado Avalanche,moneyline,away,110,
2026-10-06T18:40:23.822274+00:00,fanduel,NHL,nhl_stub_002,2026-10-07T21:40:23.690259+00:00,Vegas Golden Knights,Colorado Avalanche,spread,home,105,-1.5
2026-10-06T18:40:23.822274+00:00,fanduel,NHL,nhl_stub_002,2026-10-07T21:40:23.690259+00:00,Vegas Golden Knights,Colorado Avalanche,spread,away,-125,1.5
2026-10-06T18:40:23.822274+00:00,fanduel,NHL,nhl_stub_002,2026-10-07T21:40:23.690259+00:00,Vegas Golden Knights,Colorado Avalanche,total,over,-105,5.5
2026-10-06T18:40:23.822274+00:00,fanduel,NHL,nhl_stub_002,2026-10-07T21:40:23.690259+00:00,Vegas Golden Knights,Colorado Avalanche,total,under,-115,5.5
2026-10-06T18:40:23.822274+00:00,fanduel,MMA,mma_stub_001,2026-10-13T18:40:23.820982+00:00,Jon Jones,Stipe Miocic,moneyline,home,-250,
2026-10-06T18:40:23.822274+00:00,fanduel,MMA,mma_stub_001,2026-10-13T18:40:23.820982+00:00,Jon Jones,Stipe Miocic,moneyline,away,210,
2026-10-06T18:40:23.822274+00:00,fanduel,MMA,mma_stub_002,2026-10-13T20:40:23.820982+00:00,Islam Makhachev,Charles Oliveira,moneyline,home,-180,
2026-10-06T18:40:23.822274+00:00,fanduel,MMA,mma_stub_002,2026-10-13T20:40:23.820982+00:00,Islam Makhachev,Charles Oliveira,moneyline,away,155,
2026-10-06T21:29:45.647267+00:00,fanduel,NFL,nfl_stub_001,2026-10-08T21:29:44.788074+00:00,Kansas City Chiefs,Buffalo Bills,moneyline,home,-150,
2026-10-06T21:29:45.647267+00:00,fanduel,NFL,nfl_stub_001,2026-10-08T21:29:44.788074+00:00,Kansas City Chiefs,Buffalo Bills,moneyline,away,130,
2026-10-06T21:29:45.647267+00:00,fanduel,NFL,nfl_stub_001,2026-10-08T21:29:44.788074+00:00,Kansas City Chiefs,Buffalo Bills,spread,home,-110,-3.0
2026-10-06T21:29:45.647267+00:00,fanduel,NFL,nfl_stub_001,2026-10-08T21:29:44.788074+00:00,Kansas City Chiefs,Buffalo Bills,spread,away,-110,3.0
2026-10-06T21:29:45.647267+00:00,fanduel,NFL,nfl_stub_001,2026-10-08T21:29:44.788074+00:00,Kansas City Chiefs,Buffalo Bills,total,over,-110,47.5
2026-10-06T21:29:45.647267+00:00,fanduel,NFL,nfl_stub_001,2026-10-08T21:29:44.788074+00:00,Kansas City Chiefs,Buffalo Bills,total,under,-110,47.5
2026-10-06T21:29:45.647267+00:00,fanduel,NFL,nfl_stub_002,2026-10-09T21:29:44.788074+00:00,San Francisco 49ers,Dallas Cowboys,moneyline,home,-180,
2026-10-06T21:29:45.647267+00:00,fanduel,NFL,nfl_stub_002,2026-10-09T21:29:44.788074+00:00,San Francisco 49ers,Dallas Cowboys,moneyline,away,155,
2026-10-06T21:29:45.647267+00:00,fanduel,NFL,nfl_stub_002,2026-10-09T21:29:44.788074+00:00,San Francisco 49ers,Dallas Cowboys,spread,home,-105,-4.0
2026-10-06T21:29:45.647267+00:00,fanduel,NFL,nfl_stub_002,2026-10-09T21:29:44.788074+00:00,San Francisco 49ers,Dallas Cowboys,spread,away,-115,4.0
2026-10-06T21:29:45.647267+00:00,fanduel,NFL,nfl_stub_002,2026-10-09T21:29:44.788074+00:00,San Francisco 49ers,Dallas Cowboys,total,over,-108,49.0
2026-10-06T21:29:45.647267+00:00,fanduel,NFL,nfl_stub_002,2026-10-09T21:29:44.788074+00:00,San Francisco 49ers,Dallas Cowboys,total,under,-112,49.0
2026-10-06T21:29:45.647267+00:00,fanduel,NBA,nba_stub_001,2026-10-07T21:29:44.954530+00:00,Los Angeles Lakers,Boston Celtics,moneyline,home,120,
2026-10-06T21:29:45.647267+00:00,fanduel,NBA,nba_stub_001,2026-10-07T21:29:44.954530+00:00,Los Angeles Lakers,Boston Celtics,moneyline,away,-140,
2026-10-06T21:29:45.647267+00:00,fanduel,NBA,nba_stub_001,2026-10-07T21:29:44.954530+00:00,Los Angeles Lakers,Boston Celtics,spread,home,-110,2.5
2026-10-06T21:29:45.647267+00:00,fanduel,NBA,nba_stub_001,2026-10-07T21:29:44.954530+00:00,Los Angeles Lakers,Boston Celtics,spread,away,-110,-2.5
2026-10-06T21:29:45.647267+00:00,fanduel,NBA,nba_stub_001,2026-10-07T21:29:44.954530+00:00,Los Angeles Lakers,Boston Celtics,total,over,-110,225.5
2026-10-06T21:29:45.647267+00:00,fanduel,NBA,nba_stub_001,2026-10-07T21:29:44.954530+00:00,Los Angeles Lakers,Boston Celtics,total,under,-110,225.5
2026-10-06T21:29:45.647267+00:00,fanduel,NBA,nba_stub_002,2026-10-08T00:29:44.954530+00:00,Golden State Warriors,Phoenix Suns,moneyline,home,-165,
2026-10-06T21:29:45.647267+00:00,fanduel,NBA,nba_stub_002,2026-10-08T00:29:44.954530+00:00,Golden State Warriors,Phoenix Suns,moneyline,away,145,
2026-10-06T21:29:45.647267+00:00,fanduel,NBA,nba_stub_002,2026-10-08T00:29:44.954530+00:00,Golden State Warriors,Phoenix Suns,spread,home,-108,-4.0
2026-10-06T21:29:45.647267+00:00,fanduel,NBA,nba_stub_002,2026-10-08T00:29:44.954530+00:00,Golden State Warriors,Phoenix Suns,spread,away,-112,4.0
2026-10-06T21:29:45.647267+00:00,fanduel,NBA,nba_stub_002,2026-10-08T00:29:44.954530+00:00,Golden State Warriors,Phoenix Suns,total,over,-105,232.0
2026-10-06T21:29:45.647267+00:00,fanduel,NBA,nba_stub_002,2026-10-08T00:29:44.954530+00:00,Golden State Warriors,Phoenix Suns,total,under,-115,232.0
2026-10-06T21:29:45.647267+00:00,fanduel,NBA,nba_stub_001,2026-10-07T21:29:45.210286+00:00,Los Angeles Lakers,Boston Celtics,moneyline,home,120,
2026-10-06T21:29:45.647267+00:00,fanduel,NBA,nba_stub_001,2026-10-07T21:29:45.210286+00:00,Los Angeles Lakers,Boston Celtics,moneyline,away,-140,
2026-10-06T21:29:45.647267+00:00,fanduel,NBA,nba_stub_001,2026-10-07T21:29:45.210286+00:00,Los Angeles Lakers,Boston Celtics,spread,home,-110,2.5
2026-10-06T21:29:45.647267+00:00,fanduel,NBA,nba_stub_001,2026-10-07T21:29:45.210286+00:00,Los Angeles Lakers,Boston Celtics,spread,away,-110,-2.5
2026-10-06T21:29:45.647267+00:00,fanduel,NBA,nba_stub_001,2026-10-07T21:29:45.210286+00:00,Los Angeles Lakers,Boston Celtics,total,over,-110,225.5
2026-10-06T21:29:45.647267+00:00,fanduel,NBA,nba_stub_001,2026-10-07T21:29:45.210286+00:00,Los Angeles Lakers,Boston Celtics,total,under,-110,225.5
2026-10-06T21:29:45.647267+00:00,fanduel,NBA,nba_stub_002,2026-10-08T00:29:45.210286+00:00,Golden State Warriors,Phoenix Suns,moneyline,home,-165,
2026-10-06T21:29:45.647267+00:00,fanduel,NBA,nba_stub_002,2026-10-08T00:29:45.210286+00:00,Golden State Warriors,Phoenix Suns,moneyline,away,145,
2026-10-06T21:29:45.647267+00:00,fanduel,NBA,nba_stub_002,2026-10-08T00:29:45.210286+00:00,Golden State Warriors,Phoenix Suns,spread,home,-108,-4.0
2026-10-06T21:29:45.647267+00:00,fanduel,NBA,nba_stub_002,2026-10-08T00:29:45.210286+00:00,Golden State Warriors,Phoenix Suns,spread,away,-112,4.0
2026-10-06T21:29:45.647267+00:00,fanduel,NBA,nba_stub_002,2026-10-08T00:29:45.210286+00:00,Golden State Warriors,Phoenix Suns,total,over,-105,232.0
2026-10-06T21:29:45.647267+00:00,fanduel,NBA,nba_stub_002,2026-10-08T00:29:45.210286+00:00,Golden State Warriors,Phoenix Suns,total,under,-115,232.0
2026-10-06T21:29:45.647267+00:00,fanduel,NHL,nhl_stub_001,2026-10-07T21:29:45.419640+00:00,Toronto Maple Leafs,Montreal Canadiens,moneyline,home,-155,
2026-10-06T21:29:45.647267+00:00,fanduel,NHL,nhl_stub_001,2026-10-07T21:29:45.419640+00:00,Toronto Maple Leafs,Montreal Canadiens,moneyline,away,135,
2026-10-06T21:29:45.647267+00:00,fanduel,NHL,nhl_stub_001,2026-10-07T21:29:45.419640+00:00,Toronto Maple Leafs,Montreal Canadiens,spread,home,-115,-1.5
2026-10-06T21:29:45.647267+00:00,fanduel,NHL,nhl_stub_001,2026-10-07T21:29:45.419640+00:00,Toronto Maple Leafs,Montreal Canadiens,spread,away,-105,1.5
2026-10-06T21:29:45.647267+00:00,fanduel,NHL,nhl_stub_001,2026-10-07T21:29:45.419640+00:00,Toronto Maple Leafs,Montreal Canadiens,total,over,-110,6.5
2026-10-06T21:29:45.647267+00:00,fanduel,NHL,nhl_stub_001,2026-10-07T21:29:45.419640+00:00,Toronto Maple Leafs,Montreal Canadiens,total,under,-110,6.5
2026-10-06T21:29:45.647267+00:00,fanduel,NHL,nhl_stub_002,2026-10-08T00:29:45.419640+00:00,Vegas Golden Knights,Colorado Avalanche,moneyline,home,-130,
2026-10-06T21:29:45.647267+00:00,fanduel,NHL,nhl_stub_002,2026-10-08T00:29:45.419640+00:00,Vegas Golden Knights,Colorado Avalanche,moneyline,away,110,
2026-10-06T21:29:45.647267+00:00,fanduel,NHL,nhl_stub_002,2026-10-08T00:29:45.419640+00:00,Vegas Golden Knights,Colorado Avalanche,spread,home,105,-1.5
2026-10-06T21:29:45.647267+00:00,fanduel,NHL,nhl_stub_002,2026-10-08T00:29:45.419640+00:00,Vegas Golden Knights,Colorado Avalanche,spread,away,-125,1.5
2026-10-06T21:29:45.647267+00:00,fanduel,NHL,nhl_stub_002,2026-10-08T00:29:45.419640+00:00,Vegas Golden Knights,Colorado Avalanche,total,over,-105,5.5
2026-10-06T21:29:45.647267+00:00,fanduel,NHL,nhl_stub_002,2026-10-08T00:29:45.419640+00:00,Vegas Golden Knights,Colorado Avalanche,total,under,-115,5.5
2026-10-06T21:29:45.647267+00:00,fanduel,MMA,mma_stub_001,2026-10-13T21:29:45.646022+00:00,Jon Jones,Stipe Miocic,moneyline,home,-250,
2026-10-06T21:29:45.647267+00:00,fanduel,MMA,mma_stub_001,2026-10-13T21:29:45.646022+00:00,Jon Jones,Stipe Miocic,moneyline,away,210,
2026-10-06T21:29:45.647267+00:00,fanduel,MMA,mma_stub_002,2026-10-13T23:29:45.646022+00:00,Islam Makhachev,Charles Oliveira,moneyline,home,-180,
2026-10-06T21:29:45.647267+00:00,fanduel,MMA,mma_stub_002,2026-10-13T23:29:45.646022+00:00,Islam Makhachev,Charles Oliveira,moneyline,away,155,
2026-10-07T00:59:25.253736+00:00,fanduel,NFL,nfl_stub_001,2026-10-09T00:59:24.491880+00:00,Kansas City Chiefs,Buffalo Bills,moneyline,home,-150,
2026-10-07T00:59:25.253736+00:00,fanduel,NFL,nfl_stub_001,2026-10-09T00:59:24.491880+00:00,Kansas City Chiefs,Buffalo Bills,moneyline,away,130,
2026-10-07T00:59:25.253736+00:00,fanduel,NFL,nfl_stub_001,2026-10-09T00:59:24.491880+00:00,Kansas City Chiefs,Buffalo Bills,spread,home,-110,-3.0
2026-10-07T00:59:25.253736+00:00,fanduel,NFL,nfl_stub_001,2026-10-09T00:59:24.491880+00:00,Kansas City Chiefs,Buffalo Bills,spread,away,-110,3.0
2026-10-07T00:59:25.253736+00:00,fanduel,NFL,nfl_stub_001,2026-10-09T00:59:24.491880+00:00,Kansas City Chiefs,Buffalo Bills,total,over,-110,47.5
2026-10-07T00:59:25.253736+00:00,fanduel,NFL,nfl_stub_001,2026-10-09T00:59:24.491880+00:00,Kansas City Chiefs,Buffalo Bills,total,under,-110,47.5
2026-10-07T00:59:25.253736+00:00,fanduel,NFL,nfl_stub_002,2026-10-10T00:59:24.491880+00:00,San Francisco 49ers,Dallas Cowboys,moneyline,home,-180,
2026-10-07T00:59:25.253736+00:00,fanduel,NFL,nfl_stub_002,2026-10-10T00:59:24.491880+00:00,San Francisco 49ers,Dallas Cowboys,moneyline,away,155,
2026-10-07T00:59:25.253736+00:00,fanduel,NFL,nfl_stub_002,2026-10-10T00:59:24.491880+00:00,San Francisco 49ers,Dallas Cowboys,spread,home,-105,-4.0
2026-10-07T00:59:25.253736+00:00,fanduel,NFL,nfl_stub_002,2026-10-10T00:59:24.491880+00:00,San Francisco 49ers,Dallas Cowboys,spread,away,-115,4.0
2026-10-07T00:59:25.253736+00:00,fanduel,NFL,nfl_stub_002,2026-10-10T00:59:24.491880+00:00,San Francisco 49ers,Dallas Cowboys,total,over,-108,49.0
2026-10-07T00:59:25.253736+00:00,fanduel,NFL,nfl_stub_002,2026-10-10T00:59:24.491880+00:00,San Francisco 49ers,Dallas Cowboys,total,under,-112,49.0
2026-10-07T00:59:25.253736+00:00,fanduel,NBA,nba_stub_001,2026-10-08T00:59:24.670849+00:00,Los Angeles Lakers,Boston Celtics,moneyline,home,120,
2026-10-07T00:59:25.253736+00:00,fanduel,NBA,nba_stub_001,2026-10-08T00:59:24.670849+00:00,Los Angeles Lakers,Boston Celtics,moneyline,away,-140,
2026-10-07T00:59:25.253736+00:00,fanduel,NBA,nba_stub_001,2026-10-08T00:59:24.670849+00:00,Los Angeles Lakers,Boston Celtics,spread,home,-110,2.5
2026-10-07T00:59:25.253736+00:00,fanduel,NBA,nba_stub_001,2026-10-08T00:59:24.670849+00:00,Los Angeles Lakers,Boston Celtics,spread,away,-110,-2.5
2026-10-07T00:59:25.253736+00:00,fanduel,NBA,nba_stub_001,2026-10-08T00:59:24.670849+00:00,Los Angeles Lakers,Boston Celtics,total,over,-110,225.5
2026-10-07T00:59:25.253736+00:00,fanduel,NBA,nba_stub_001,2026-10-08T00:59:24.670849+00:00,Los Angeles Lakers,Boston Celtics,total,under,-110,225.5
2026-10-07T00:59:25.253736+00:00,fanduel,NBA,nba_stub_002,2026-10-08T03:59:24.670849+00:00,Golden State Warriors,Phoenix Suns,moneyline,home,-165,
2026-10-07T00:59:25.253736+00:00,fanduel,NBA,nba_stub_002,2026-10-08T03:59:24.670849+00:00,Golden State Warriors,Phoenix Suns,moneyline,away,145,
2026-10-07T00:59:25.253736+00:00,fanduel,NBA,nba_stub_002,2026-10-08T03:59:24.670849+00:00,Golden State Warriors,Phoenix Suns,spread,home,-108,-4.0
2026-10-07T00:59:25.253736+00:00,fanduel,NBA,nba_stub_002,2026-10-08T03:59:24.670849+00:00,Golden State Warriors,Phoenix Suns,spread,away,-112,4.0
2026-10-07T00:59:25.253736+00:00,fanduel,NBA,nba_stub_002,2026-10-08T03:59:24.670849+00:00,Golden State Warriors,Phoenix Suns,total,over,-105,232.0
2026-10-07T00:59:25.253736+00:00,fanduel,NBA,nba_stub_002,2026-10-08T03:59:24.670849+00:00,Golden State Warriors,Phoenix Suns,total,under,-115,232.0
2026-10-07T00:59:25.253736+00:00,fanduel,NBA,nba_stub_001,2026-10-08T00:59:24.927818+00:00,Los Angeles Lakers,Boston Celtics,moneyline,home,120,
2026-10-07T00:59:25.253736+00:00,fanduel,NBA,nba_stub_001,2026-10-08T00:59:24.927818+00:00,Los Angeles Lakers,Boston Celtics,moneyline,away,-140,
2026-10-07T00:59:25.253736+00:00,fanduel,NBA,nba_stub_001,2026-10-08T00:59:24.927818+00:00,Los Angeles Lakers,Boston Celtics,spread,home,-110,2.5
2026-10-07T00:59:25.253736+00:00,fanduel,NBA,nba_stub_001,2026-10-08T00:59:24.927818+00:00,Los Angeles Lakers,Boston Celtics,spread,away,-110,-2.5
2026-10-07T00:59:25.253736+00:00,fanduel,NBA,nba_stub_001,2026-10-08T00:59:24.927818+00:00,Los Angeles Lakers,Boston Celtics,total,over,-110,225.5
2026-10-07T00:59:25.253736+00:00,fanduel,NBA,nba_stub_001,2026-10-08T00:59:24.927818+00:00,Los Angeles Lakers,Boston Celtics,total,under,-110,225.5
2026-10-07T00:59:25.253736+00:00,fanduel,NBA,nba_stub_002,2026-10-08T03:59:24.927818+00:00,Golden State Warriors,Phoenix Suns,moneyline,home,-165,
2026-10-07T00:59:25.253736+00:00,fanduel,NBA,nba_stub_002,2026-10-08T03:59:24.927818+00:00,Golden State Warriors,Phoenix Suns,moneyline,away,145,
2026-10-07T00:59:25.253736+00:00,fanduel,NBA,nba_stub_002,2026-10-08T03:59:24.927818+00:00,Golden State Warriors,Phoenix Suns,spread,home,-108,-4.0
2026-10-07T00:59:25.253736+00:00,fanduel,NBA,nba_stub_002,2026-10-08T03:59:24.927818+00:00,Golden State Warriors,Phoenix Suns,spread,away,-112,4.0
2026-10-07T00:59:25.253736+00:00,fanduel,NBA,nba_stub_002,2026-10-08T03:59:24.927818+00:00,Golden State Warriors,Phoenix Suns,total,over,-105,232.0
2026-10-07T00:59:25.253736+00:00,fanduel,NBA,nba_stub_002,2026-10-08T03:59:24.927818+00:00,Golden State Warriors,Phoenix Suns,total,under,-115,232.0
2026-10-07T00:59:25.253736+00:00,fanduel,NHL,nhl_stub_001,2026-10-08T00:59:25.097670+00:00,Toronto Maple Leafs,Montreal Canadiens,moneyline,home,-155,
2026-10-07T00:59:25.253736+00:00,fanduel,NHL,nhl_stub_001,2026-10-08T00:59:25.097670+00:00,Toronto Maple Leafs,Montreal Canadiens,moneyline,away,135,
2026-10-07T00:59:25.253736+00:00,fanduel,NHL,nhl_stub_001,2026-10-08T00:59:25.097670+00:00,Toronto Maple Leafs,Montreal Canadiens,spread,home,-115,-1.5
2026-10-07T00:59:25.253736+00:00,fanduel,NHL,nhl_stub_001,2026-10-08T00:59:25.097670+00:00,Toronto Maple Leafs,Montreal Canadiens,spread,away,-105,1.5
2026-10-07T00:59:25.253736+00:00,fanduel,NHL,nhl_stub_001,2026-10-08T00:59:25.097670+00:00,Toronto Maple Leafs,Montreal Canadiens,total,over,-110,6.5
2026-10-07T00:59:25.253736+00:00,fanduel,NHL,nhl_stub_001,2026-10-08T00:59:25.097670+00:00,Toronto Maple Leafs,Montreal Canadiens,total,under,-110,6.5
2026-10-07T00:59:25.253736+00:00,fanduel,NHL,nhl_stub_002,2026-10-08T03:59:25.097670+00:00,Vegas Golden Knights,Colorado Avalanche,moneyline,home,-130,
2026-10-07T00:59:25.253736+00:00,fanduel,NHL,nhl_stub_002,2026-10-08T03:59:25.097670+00:00,Vegas Golden Knights,Colorado Avalanche,moneyline,away,110,
2026-10-07T00:59:25.253736+00:00,fanduel,NHL,nhl_stub_002,2026-10-08T03:59:25.097670+00:00,Vegas Golden Knights,Colorado Avalanche,spread,home,105,-1.5
2026-10-07T00:59:25.253736+00:00,fanduel,NHL,nhl_stub_002,2026-10-08T03:59:25.097670+00:00,Vegas Golden Knights,Colorado Avalanche,spread,away,-125,1.5
2026-10-07T00:59:25.253736+00:00,fanduel,NHL,nhl_stub_002,2026-10-08T03:59:25.097670+00:00,Vegas Golden Knights,Colorado Avalanche,total,over,-105,5.5
2026-10-07T00:59:25.253736+00:00,fanduel,NHL,nhl_stub_002,2026-10-08T03:59:25.097670+00:00,Vegas Golden Knights,Colorado Avalanche,total,under,-115,5.5
2026-10-07T00:59:25.253736+00:00,fanduel,MMA,mma_stub_001,2026-10-14T00:59:25.252769+00:00,Jon Jones,Stipe Miocic,moneyline,home,-250,
2026-10-07T00:59:25.253736+00:00,fanduel,MMA,mma_stub_001,2026-10-14T00:59:25.252769+00:00,Jon Jones,Stipe Miocic,moneyline,away,210,
2026-10-07T00:59:25.253736+00:00,fanduel,MMA,mma_stub_002,2026-10-14T02:59:25.252769+00:00,Islam Makhachev,Charles Oliveira,moneyline,home,-180,
2026-10-07T00:59:25.253736+00:00,fanduel,MMA,mma_stub_002,2026-10-14T02:59:25.252769+00:00,Islam Makhachev,Charles Oliveira,moneyline,away,155,
2026-10-07T04:15:06.390195+00:00,fanduel,NFL,nfl_stub_001,2026-10-09T04:15:05.610021+00:00,Kansas City Chiefs,Buffalo Bills,moneyline,home,-150,
2026-10-07T04:15:06.390195+00:00,fanduel,NFL,nfl_stub_001,2026-10-09T04:15:05.610021+00:00,Kansas City Chiefs,Buffalo Bills,moneyline,away,130,
2026-10-07T04:15:06.390195+00:00,fanduel,NFL,nfl_stub_001,2026-10-09T04:15:05.610021+00:00,Kansas City Chiefs,Buffalo Bills,spread,home,-110,-3.0
2026-10-07T04:15:06.390195+00:00,fanduel,NFL,nfl_stub_001,2026-10-09T04:15:05.610021+00:00,Kansas City Chiefs,Buffalo Bills,spread,away,-110,3.0
2026-10-07T04:15:06.390195+00:00,fanduel,NFL,nfl_stub_001,2026-10-09T04:15:05.610021+00:00,Kansas City Chiefs,Buffalo Bills,total,over,-110,47.5
2026-10-07T04:15:06.390195+00:00,fanduel,NFL,nfl_stub_001,2026-10-09T04:15:05.610021+00:00,Kansas City Chiefs,Buffalo Bills,total,under,-110,47.5
2026-10-07T04:15:06.390195+00:00,fanduel,NFL,nfl_stub_002,2026-10-10T04:15:05.610021+00:00,San Francisco 49ers,Dallas Cowboys,moneyline,home,-180,
2026-10-07T04:15:06.390195+00:00,fanduel,NFL,nfl_stub_002,2026-10-10T04:15:05.610021+00:00,San Francisco 49ers,Dallas Cowboys,moneyline,away,155,
2026-10-07T04:15:06.390195+00:00,fanduel,NFL,nfl_stub_002,2026-10-10T04:15:05.610021+00:00,San Francisco 49ers,Dallas Cowboys,spread,home,-105,-4.0
2026-10-07T04:15:06.390195+00:00,fanduel,NFL,nfl_stub_002,2026-10-10T04:15:05.610021+00:00,San Francisco 49ers,Dallas Cowboys,spread,away,-115,4.0
2026-10-07T04:15:06.390195+00:00,fanduel,NFL,nfl_stub_002,2026-10-10T04:15:05.610021+00:00,San Francisco 49ers,Dallas Cowboys,total,over,-108,49.0
2026-10-07T04:15:06.390195+00:00,fanduel,NFL,nfl_stub_002,2026-10-10T04:15:05.610021+00:00,San Francisco 49ers,Dallas Cowboys,total,under,-112,49.0
2026-10-07T04:15:06.390195+00:00,fanduel,NBA,nba_stub_001,2026-10-08T04:15:05.772741+00:00,Los Angeles Lakers,Boston Celtics,moneyline,home,120,
2026-10-07T04:15:06.390195+00:00,fanduel,NBA,nba_stub_001,2026-10-08T04:15:05.772741+00:00,Los Angeles Lakers,Boston Celtics,moneyline,away,-140,
2026-10-07T04:15:06.390195+00:00,fanduel,NBA,nba_stub_001,2026-10-08T04:15:05.772741+00:00,Los Angeles Lakers,Boston Celtics,spread,home,-110,2.5
2026-10-07T04:15:06.390195+00:00,fanduel,NBA,nba_stub_001,2026-10-08T04:15:05.772741+00:00,Los Angeles Lakers,Boston Celtics,spread,away,-110,-2.5
2026-10-07T04:15:06.390195+00:00,fanduel,NBA,nba_stub_001,2026-10-08T04:15:05.772741+00:00,Los Angeles Lakers,Boston Celtics,total,over,-110,225.5
2026-10-07T04:15:06.390195+00:00,fanduel,NBA,nba_stub_001,2026-10-08T04:15:05.772741+00:00,Los Angeles Lakers,Boston Celtics,total,under,-110,225.5
2026-10-07T04:15:06.390195+00:00,fanduel,NBA,nba_stub_002,2026-10-08T07:15:05.772741+00:00,Golden State Warriors,Phoenix Suns,moneyline,home,-165,
2026-10-07T04:15:06.390195+00:00,fanduel,NBA,nba_stub_002,2026-10-08T07:15:05.772741+00:00,Golden State Warriors,Phoenix Suns,moneyline,away,145,
2026-10-07T04:15:06.390195+00:00,fanduel,NBA,nba_stub_002,2026-10-08T07:15:05.772741+00:00,Golden State Warriors,Phoenix Suns,spread,home,-108,-4.0
2026-10-07T04:15:06.390195+00:00,fanduel,NBA,nba_stub_002,2026-10-08T07:15:05.772741+00:00,Golden State Warriors,Phoenix Suns,spread,away,-112,4.0
2026-10-07T04:15:06.390195+00:00,fanduel,NBA,nba_stub_002,2026-10-08T07:15:05.772741+00:00,Golden State Warriors,Phoenix Suns,total,over,-105,232.0
2026-10-07T04:15:06.390195+00:00,fanduel,NBA,nba_stub_002,2026-10-08T07:15:05.772741+00:00,Golden State Warriors,Phoenix Suns,total,under,-115,232.0
2026-10-07T04:15:06.390195+00:00,fanduel,NBA,nba_stub_001,2026-10-08T04:15:06.032953+00:00,Los Angeles Lakers,Boston Celtics,moneyline,home,120,
2026-10-07T04:15:06.390195+00:00,fanduel,NBA,nba_stub_001,2026-10-08T04:15:06.032953+00:00,Los Angeles Lakers,Boston Celtics,moneyline,away,-140,
2026-10-07T04:15:06.390195+00:00,fanduel,NBA,nba_stub_001,2026-10-08T04:15:06.032953+00:00,Los Angeles Lakers,Boston Celtics,spread,home,-110,2.5
2026-10-07T04:15:06.390195+00:00,fanduel,NBA,nba_stub_001,2026-10-08T04:15:06.032953+00:00,Los Angeles Lakers,Boston Celtics,spread,away,-110,-2.5
2026-10-07T04:15:06.390195+00:00,fanduel,NBA,nba_stub_001,2026-10-08T04:15:06.032953+00:00,Los Angeles Lakers,Boston Celtics,total,over,-110,225.5
2026-10-07T04:15:06.390195+00:00,fanduel,NBA,nba_stub_001,2026-10-08T04:15:06.032953+00:00,Los Angeles Lakers,Boston Celtics,total,under,-110,225.5
2026-10-07T04:15:06.390195+00:00,fanduel,NBA,nba_stub_002,2026-10-08T07:15:06.032953+00:00,Golden State Warriors,Phoenix Suns,moneyline,home,-165,
2026-10-07T04:15:06.390195+00:00,fanduel,NBA,nba_stub_002,2026-10-08T07:15:06.032953+00:00,Golden State Warriors,Phoenix Suns,moneyline,away,145,
2026-10-07T04:15:06.390195+00:00,fanduel,NBA,nba_stub_002,2026-10-08T07:15:06.032953+00:00,Golden State Warriors,Phoenix Suns,spread,home,-108,-4.0
2026-10-07T04:15:06.390195+00:00,fanduel,NBA,nba_stub_002,2026-10-08T07:15:06.032953+00:00,Golden State Warriors,Phoenix Suns,spread,away,-112,4.0
2026-10-07T04:15:06.390195+00:00,fanduel,NBA,nba_stub_002,2026-10-08T07:15:06.032953+00:00,Golden State Warriors,Phoenix Suns,total,over,-105,232.0
2026-10-07T04:15:06.390195+00:00,fanduel,NBA,nba_stub_002,2026-10-08T07:15:06.032953+00:00,Golden State Warriors,Phoenix Suns,total,under,-115,232.0
2026-10-07T04:15:06.390195+00:00,fanduel,NHL,nhl_stub_001,2026-10-08T04:15:06.208738+00:00,Toronto Maple Leafs,Montreal Canadiens,moneyline,home,-155,
2026-10-07T04:15:06.390195+00:00,fanduel,NHL,nhl_stub_001,2026-10-08T04:15:06.208738+00:00,Toronto Maple Leafs,Montreal Canadiens,moneyline,away,135,
2026-10-07T04:15:06.390195+00:00,fanduel,NHL,nhl_stub_001,2026-10-08T04:15:06.208738+00:00,Toronto Maple Leafs,Montreal Canadiens,spread,home,-115,-1.5
2026-10-07T04:15:06.390195+00:00,fanduel,NHL,nhl_stub_001,2026-10-08T04:15:06.208738+00:00,Toronto Maple Leafs,Montreal Canadiens,spread,away,-105,1.5
2026-10-07T04:15:06.390195+00:00,fanduel,NHL,nhl_stub_001,2026-10-08T04:15:06.208738+00:00,Toronto Maple Leafs,Montreal Canadiens,total,over,-110,6.5
2026-10-07T04:15:06.390195+00:00,fanduel,NHL,nhl_stub_001,2026-10-08T04:15:06.208738+00:00,Toronto Maple Leafs,Montreal Canadiens,total,under,-110,6.5
2026-10-07T04:15:06.390195+00:00,fanduel,NHL,nhl_stub_002,2026-10-08T07:15:06.208738+00:00,Vegas Golden Knights,Colorado Avalanche,moneyline,home,-130,
2026-10-07T04:15:06.390195+00:00,fanduel,NHL,nhl_stub_002,2026-10-08T07:15:06.208738+00:00,Vegas Golden Knights,Colorado Avalanche,moneyline,away,110,
2026-10-07T04:15:06.390195+00:00,fanduel,NHL,nhl_stub_002,2026-10-08T07:15:06.208738+00:00,Vegas Golden Knights,Colorado Avalanche,spread,home,105,-1.5
2026-10-07T04:15:06.390195+00:00,fanduel,NHL,nhl_stub_002,2026-10-08T07:15:06.208738+00:00,Vegas Golden Knights,Colorado Avalanche,spread,away,-125,1.5
2026-10-07T04:15:06.390195+00:00,fanduel,NHL,nhl_stub_002,2026-10-08T07:15:06.208738+00:00,Vegas Golden Knights,Colorado Avalanche,total,over,-105,5.5
2026-10-07T04:15:06.390195+00:00,fanduel,NHL,nhl_stub_002,2026-10-08T07:15:06.208738+00:00,Vegas Golden Knights,Colorado Avalanche,total,under,-115,5.5
2026-10-07T04:15:06.390195+00:00,fanduel,MMA,mma_stub_001,2026-10-14T04:15:06.389020+00:00,Jon Jones,Stipe Miocic,moneyline,home,-250,
2026-10-07T04:15:06.390195+00:00,fanduel,MMA,mma_stub_001,2026-10-14T04:15:06.389020+00:00,Jon Jones,Stipe Miocic,moneyline,away,210,
2026-10-07T04:15:06.390195+00:00,fanduel,MMA,mma_stub_002,2026-10-14T06:15:06.389020+00:00,Islam Makhachev,Charles Oliveira,moneyline,home,-180,
2026-10-07T04:15:06.390195+00:00,fanduel,MMA,mma_stub_002,2026-10-14T06:15:06.389020+00:00,Islam Makhachev,Charles Oliveira,moneyline,away,155,
2026-10-07T11:14:27.082643+00:00,fanduel,NFL,nfl_stub_001,2026-10-09T11:14:26.610141+00:00,Kansas City Chiefs,Buffalo Bills,moneyline,home,-150,
2026-10-07T11:14:27.082643+00:00,fanduel,NFL,nfl_stub_001,2026-10-09T11:14:26.610141+00:00,Kansas City Chiefs,Buffalo Bills,moneyline,away,130,
2026-10-07T11:14:27.082643+00:00,fanduel,NFL,nfl_stub_001,2026-10-09T11:14:26.610141+00:00,Kansas City Chiefs,Buffalo Bills,spread,home,-110,-3.0
2026-10-07T11:14:27.082643+00:00,fanduel,NFL,nfl_stub_001,2026-10-09T11:14:26.610141+00:00,Kansas City Chiefs,Buffalo Bills,spread,away,-110,3.0
2026-10-07T11:14:27.082643+00:00,fanduel,NFL,nfl_stub_001,2026-10-09T11:14:26.610141+00:00,Kansas City Chiefs,Buffalo Bills,total,over,-110,47.5
2026-10-07T11:14:27.082643+00:00,fanduel,NFL,nfl_stub_001,2026-10-09T11:14:26.610141+00:00,Kansas City Chiefs,Buffalo Bills,total,under,-110,47.5
2026-10-07T11:14:27.082643+00:00,fanduel,NFL,nfl_stub_002,2026-10-10T11:14:26.610141+00:00,San Francisco 49ers,Dallas Cowboys,moneyline,home,-180,
2026-10-07T11:14:27.082643+00:00,fanduel,NFL,nfl_stub_002,2026-10-10T11:14:26.610141+00:00,San Francisco 49ers,Dallas Cowboys,moneyline,away,155,
2026-10-07T11:14:27.082643+00:00,fanduel,NFL,nfl_stub_002,2026-10-10T11:14:26.610141+00:00,San Francisco 49ers,Dallas Cowboys,spread,home,-105,-4.0
2026-10-07T11:14:27.082643+00:00,fanduel,NFL,nfl_stub_002,2026-10-10T11:14:26.610141+00:00,San Francisco 49ers,Dallas Cowboys,spread,away,-115,4.0
2026-10-07T11:14:27.082643+00:00,fanduel,NFL,nfl_stub_002,2026-10-10T11:14:26.610141+00:00,San Francisco 49ers,Dallas Cowboys,total,over,-108,49.0
2026-10-07T11:14:27.082643+00:00,fanduel,NFL,nfl_stub_002,2026-10-10T11:14:26.610141+00:00,San Francisco 49ers,Dallas Cowboys,total,under,-112,49.0
2026-10-07T11:14:27.082643+00:00,fanduel,NBA,nba_stub_001,2026-10-08T11:14:26.662569+00:00,Los Angeles Lakers,Boston Celtics,moneyline,home,120,
2026-10-07T11:14:27.082643+00:00,fanduel,NBA,nba_stub_001,2026-10-08T11:14:26.662569+00:00,Los Angeles Lakers,Boston Celtics,moneyline,away,-140,
2026-10-07T11:14:27.082643+00:00,fanduel,NBA,nba_stub_001,2026-10-08T11:14:26.662569+00:00,Los Angeles Lakers,Boston Celtics,spread,home,-110,2.5
2026-10-07T11:14:27.082643+00:00,fanduel,NBA,nba_stub_001,2026-10-08T11:14:26.662569+00:00,Los Angeles Lakers,Boston Celtics,spread,away,-110,-2.5
2026-10-07T11:14:27.082643+00:00,fanduel,NBA,nba_stub_001,2026-10-08T11:14:26.662569+00:00,Los Angeles Lakers,Boston Celtics,total,over,-110,225.5
2026-10-07T11:14:27.082643+00:00,fanduel,NBA,nba_stub_001,2026-10-08T11:14:26.662569+00:00,Los Angeles Lakers,Boston Celtics,total,under,-110,225.5
2026-10-07T11:14:27.082643+00:00,fanduel,NBA,nba_stub_002,2026-10-08T14:14:26.662569+00:00,Golden State Warriors,Phoenix Suns,moneyline,home,-165,
2026-10-07T11:14:27.082643+00:00,fanduel,NBA,nba_stub_002,2026-10-08T14:14:26.662569+00:00,Golden State Warriors,Phoenix Suns,moneyline,away,145,
2026-10-07T11:14:27.082643+00:00,fanduel,NBA,nba_stub_002,2026-10-08T14:14:26.662569+00:00,Golden State Warriors,Phoenix Suns,spread,home,-108,-4.0
2026-10-07T11:14:27.082643+00:00,fanduel,NBA,nba_stub_002,2026-10-08T14:14:26.662569+00:00,Golden State Warriors,Phoenix Suns,spread,away,-112,4.0
2026-10-07T11:14:27.082643+00:00,fanduel,NBA,nba_stub_002,2026-10-08T14:14:26.662569+00:00,Golden State Warriors,Phoenix Suns,total,over,-105,232.0
2026-10-07T11:14:27.082643+00:00,fanduel,NBA,nba_stub_002,2026-10-08T14:14:26.662569+00:00,Golden State Warriors,Phoenix Suns,total,under,-115,232.0
2026-10-07T11:14:27.082643+00:00,fanduel,NBA,nba_stub_001,2026-10-08T11:14:26.961066+00:00,Los Angeles Lakers,Boston Celtics,moneyline,home,120,
2026-10-07T11:14:27.082643+00:00,fanduel,NBA,nba_stub_001,2026-10-08T11:14:26.961066+00:00,Los Angeles Lakers,Boston Celtics,moneyline,away,-140,
2026-10-07T11:14:27.082643+00:00,fanduel,NBA,nba_stub_001,2026-10-08T11:14:26.961066+00:00,Los Angeles Lakers,Boston Celtics,spread,home,-110,2.5
2026-10-07T11:14:27.082643+00:00,fanduel,NBA,nba_stub_001,2026-10-08T11:14:26.961066+00:00,Los Angeles Lakers,Boston Celtics,spread,away,-110,-2.5
2026-10-07T11:14:27.082643+00:00,fanduel,NBA,nba_stub_001,2026-10-08T11:14:26.961066+00:00,Los Angeles Lakers,Boston Celtics,total,over,-110,225.5
2026-10-07T11:14:27.082643+00:00,fanduel,NBA,nba_stub_001,2026-10-08T11:14:26.961066+00:00,Los Angeles Lakers,Boston Celtics,total,under,-110,225.5
2026-10-07T11:14:27.082643+00:00,fanduel,NBA,nba_stub_002,2026-10-08T14:14:26.961066+00:00,Golden State Warriors,Phoenix Suns,moneyline,home,-165,
2026-10-07T11:14:27.082643+00:00,fanduel,NBA,nba_stub_002,2026-10-08T14:14:26.961066+00:00,Golden State Warriors,Phoenix Suns,moneyline,away,145,
2026-10-07T11:14:27.082643+00:00,fanduel,NBA,nba_stub_002,2026-10-08T14:14:26.961066+00:00,Golden State Warriors,Phoenix Suns,spread,home,-108,-4.0
2026-10-07T11:14:27.082643+00:00,fanduel,NBA,nba_stub_002,2026-10-08T14:14:26.961066+00:00,Golden State Warriors,Phoenix Suns,spread,away,-112,4.0
2026-10-07T11:14:27.082643+00:00,fanduel,NBA,nba_stub_002,2026-10-08T14:14:26.961066+00:00,Golden State Warriors,Phoenix Suns,total,over,-105,232.0
2026-10-07T11:14:27.082643+00:00,fanduel,NBA,nba_stub_002,2026-10-08T14:14:26.961066+00:00,Golden State Warriors,Phoenix Suns,total,under,-115,232.0
2026-10-07T11:14:27.082643+00:00,fanduel,NHL,nhl_stub_001,2026-10-08T11:14:27.021528+00:00,Toronto Maple Leafs,Montreal Canadiens,moneyline,home,-155,
2026-10-07T11:14:27.082643+00:00,fanduel,NHL,nhl_stub_001,2026-10-08T11:14:27.021528+00:00,Toronto Maple Leafs,Montreal Canadiens,moneyline,away,135,
2026-10-07T11:14:27.082643+00:00,fanduel,NHL,nhl_stub_001,2026-10-08T11:14:27.021528+00:00,Toronto Maple Leafs,Montreal Canadiens,spread,home,-115,-1.5
2026-10-07T11:14:27.082643+00:00,fanduel,NHL,nhl_stub_001,2026-10-08T11:14:27.021528+00:00,Toronto Maple Leafs,Montreal Canadiens,spread,away,-105,1.5
2026-10-07T11:14:27.082643+00:00,fanduel,NHL,nhl_stub_001,2026-10-08T11:14:27.021528+00:00,Toronto Maple Leafs,Montreal Canadiens,total,over,-110,6.5
2026-10-07T11:14:27.082643+00:00,fanduel,NHL,nhl_stub_001,2026-10-08T11:14:27.021528+00:00,Toronto Maple Leafs,Montreal Canadiens,total,under,-110,6.5
2026-10-07T11:14:27.082643+00:00,fanduel,NHL,nhl_stub_002,2026-10-08T14:14:27.021528+00:00,Vegas Golden Knights,Colorado Avalanche,moneyline,home,-130,
2026-10-07T11:14:27.082643+00:00,fanduel,NHL,nhl_stub_002,2026-10-08T14:14:27.021528+00:00,Vegas Golden Knights,Colorado Avalanche,moneyline,away,110,
2026-10-07T11:14:27.082643+00:00,fanduel,NHL,nhl_stub_002,2026-10-08T14:14:27.021528+00:00,Vegas Golden Knights,Colorado Avalanche,spread,home,105,-1.5
2026-10-07T11:14:27.082643+00:00,fanduel,NHL,nhl_stub_002,2026-10-08T14:14:27.021528+00:00,Vegas Golden Knights,Colorado Avalanche,spread,away,-125,1.5
2026-10-07T11:14:27.082643+00:00,fanduel,NHL,nhl_stub_002,2026-10-08T14:14:27.021528+00:00,Vegas Golden Knights,Colorado Avalanche,total,over,-105,5.5
2026-10-07T11:14:27.082643+00:00,fanduel,NHL,nhl_stub_002,2026-10-08T14:14:27.021528+00:00,Vegas Golden Knights,Colorado Avalanche,total,under,-115,5.5
2026-10-07T11:14:27.082643+00:00,fanduel,MMA,mma_stub_001,2026-10-14T11:14:27.081394+00:00,Jon Jones,Stipe Miocic,moneyline,home,-250,
2026-10-07T11:14:27.082643+00:00,fanduel,MMA,mma_stub_001,2026-10-14T11:14:27.081394+00:00,Jon Jones,Stipe Miocic,moneyline,away,210,
2026-10-07T11:14:27.082643+00:00,fanduel,MMA,mma_stub_002,2026-10-14T13:14:27.081394+00:00,Islam Makhachev,Charles Oliveira,moneyline,home,-180,
2026-10-07T11:14:27.082643+00:00,fanduel,MMA,mma_stub_002,2026-10-14T13:14:27.081394+00:00,Islam Makhachev,Charles Oliveira,moneyline,away,155,
2026-10-07T11:24:11.504787+00:00,fanduel,NFL,nfl_stub_001,2026-10-09T11:24:11.021693+00:00,Kansas City Chiefs,Buffalo Bills,moneyline,home,-150,
2026-10-07T11:24:11.504787+00:00,fanduel,NFL,nfl_stub_001,2026-10-09T11:24:11.021693+00:00,Kansas City Chiefs,Buffalo Bills,moneyline,away,130,
2026-10-07T11:24:11.504787+00:00,fanduel,NFL,nfl_stub_001,2026-10-09T11:24:11.021693+00:00,Kansas City Chiefs,Buffalo Bills,spread,home,-110,-3.0
2026-10-07T11:24:11.504787+00:00,fanduel,NFL,nfl_stub_001,2026-10-09T11:24:11.021693+00:00,Kansas City Chiefs,Buffalo Bills,spread,away,-110,3.0
2026-10-07T11:24:11.504787+00:00,fanduel,NFL,nfl_stub_001,2026-10-09T11:24:11.021693+00:00,Kansas City Chiefs,Buffalo Bills,total,over,-110,47.5
2026-10-07T11:24:11.504787+00:00,fanduel,NFL,nfl_stub_001,2026-10-09T11:24:11.021693+00:00,Kansas City Chiefs,Buffalo Bills,total,under,-110,47.5
2026-10-07T11:24:11.504787+00:00,fanduel,NFL,nfl_stub_002,2026-10-10T11:24:11.021693+00:00,San Francisco 49ers,Dallas Cowboys,moneyline,home,-180,
2026-10-07T11:24:11.504787+00:00,fanduel,NFL,nfl_stub_002,2026-10-10T11:24:11.021693+00:00,San Francisco 49ers,Dallas Cowboys,moneyline,away,155,
2026-10-07T11:24:11.504787+00:00,fanduel,NFL,nfl_stub_002,2026-10-10T11:24:11.021693+00:00,San Francisco 49ers,Dallas Cowboys,spread,home,-105,-4.0
2026-10-07T11:24:11.504787+00:00,fanduel,NFL,nfl_stub_002,2026-10-10T11:24:11.021693+00:00,San Francisco 49ers,Dallas Cowboys,spread,away,-115,4.0
2026-10-07T11:24:11.504787+00:00,fanduel,NFL,nfl_stub_002,2026-10-10T11:24:11.021693+00:00,San Francisco 49ers,Dallas Cowboys,total,over,-108,49.0
2026-10-07T11:24:11.504787+00:00,fanduel,NFL,nfl_stub_002,2026-10-10T11:24:11.021693+00:00,San Francisco 49ers,Dallas Cowboys,total,under,-112,49.0
2026-10-07T11:24:11.504787+00:00,fanduel,NBA,nba_stub_001,2026-10-08T11:24:11.145885+00:00,Los Angeles Lakers,Boston Celtics,moneyline,home,120,
2026-10-07T11:24:11.504787+00:00,fanduel,NBA,nba_stub_001,2026-10-08T11:24:11.145885+00:00,Los Angeles Lakers,Boston Celtics,moneyline,away,-140,
2026-10-07T11:24:11.504787+00:00,fanduel,NBA,nba_stub_001,2026-10-08T11:24:11.145885+00:00,Los Angeles Lakers,Boston Celtics,spread,home,-110,2.5
2026-10-07T11:24:11.504787+00:00,fanduel,NBA,nba_stub_001,2026-10-08T11:24:11.145885+00:00,Los Angeles Lakers,Boston Celtics,spread,away,-110,-2.5
2026-10-07T11:24:11.504787+00:00,fanduel,NBA,nba_stub_001,2026-10-08T11:24:11.145885+00:00,Los Angeles Lakers,Boston Celtics,total,over,-110,225.5
2026-10-07T11:24:11.504787+00:00,fanduel,NBA,nba_stub_001,2026-10-08T11:24:11.145885+00:00,Los Angeles Lakers,Boston Celtics,total,under,-110,225.5
2026-10-07T11:24:11.504787+00:00,fanduel,NBA,nba_stub_002,2026-10-08T14:24:11.145885+00:00,Golden State Warriors,Phoenix Suns,moneyline,home,-165,
2026-10-07T11:24:11.504787+00:00,fanduel,NBA,nba_stub_002,2026-10-08T14:24:11.145885+00:00,Golden State Warriors,Phoenix Suns,moneyline,away,145,
2026-10-07T11:24:11.504787+00:00,fanduel,NBA,nba_stub_002,2026-10-08T14:24:11.145885+00:00,Golden State Warriors,Phoenix Suns,spread,home,-108,-4.0
2026-10-07T11:24:11.504787+00:00,fanduel,NBA,nba_stub_002,2026-10-08T14:24:11.145885+00:00,Golden State Warriors,Phoenix Suns,spread,away,-112,4.0
2026-10-07T11:24:11.504787+00:00,fanduel,NBA,nba_stub_002,2026-10-08T14:24:11.145885+00:00,Golden State Warriors,Phoenix Suns,total,over,-105,232.0
2026-10-07T11:24:11.504787+00:00,fanduel,NBA,nba_stub_002,2026-10-08T14:24:11.145885+00:00,Golden State Warriors,Phoenix Suns,total,under,-115,232.0
2026-10-07T11:24:11.504787+00:00,fanduel,NBA,nba_stub_001,2026-10-08T11:24:11.295471+00:00,Los Angeles Lakers,Boston Celtics,moneyline,home,120,
2026-10-07T11:24:11.504787+00:00,fanduel,NBA,nba_stub_001,2026-10-08T11:24:11.295471+00:00,Los Angeles Lakers,Boston Celtics,moneyline,away,-140,
2026-10-07T11:24:11.504787+00:00,fanduel,NBA,nba_stub_001,2026-10-08T11:24:11.295471+00:00,Los Angeles Lakers,Boston Celtics,spread,home,-110,2.5
2026-10-07T11:24:11.504787+00:00,fanduel,NBA,nba_stub_001,2026-10-08T11:24:11.295471+00:00,Los Angeles Lakers,Boston Celtics,spread,away,-110,-2.5
2026-10-07T11:24:11.504787+00:00,fanduel,NBA,nba_stub_001,2026-10-08T11:24:11.295471+00:00,Los Angeles Lakers,Boston Celtics,total,over,-110,225.5
2026-10-07T11:24:11.504787+00:00,fanduel,NBA,nba_stub_001,2026-10-08T11:24:11.295471+00:00,Los Angeles Lakers,Boston Celtics,total,under,-110,225.5
2026-10-07T11:24:11.504787+00:00,fanduel,NBA,nba_stub_002,2026-10-08T14:24:11.295471+00:00,Golden State Warriors,Phoenix Suns,moneyline,home,-165,
2026-10-07T11:24:11.504787+00:00,fanduel,NBA,nba_stub_002,2026-10-08T14:24:11.295471+00:00,Golden State Warriors,Phoenix Suns,moneyline,away,145,
2026-10-07T11:24:11.504787+00:00,fanduel,NBA,nba_stub_002,2026-10-08T14:24:11.295471+00:00,Golden State Warriors,Phoenix Suns,spread,home,-108,-4.0
2026-10-07T11:24:11.504787+00:00,fanduel,NBA,nba_stub_002,2026-10-08T14:24:11.295471+00:00,Golden State Warriors,Phoenix Suns,spread,away,-112,4.0
2026-10-07T11:24:11.504787+00:00,fanduel,NBA,nba_stub_002,2026-10-08T14:24:11.295471+00:00,Golden State Warriors,Phoenix Suns,total,over,-105,232.0
2026-10-07T11:24:11.504787+00:00,fanduel,NBA,nba_stub_002,2026-10-08T14:24:11.295471+00:00,Golden State Warriors,Phoenix Suns,total,under,-115,232.0
2026-10-07T11:24:11.504787+00:00,fanduel,NHL,nhl_stub_001,2026-10-08T11:24:11.445651+00:00,Toronto Maple Leafs,Montreal Canadiens,moneyline,home,-155,
2026-10-07T11:24:11.504787+00:00,fanduel,NHL,nhl_stub_001,2026-10-08T11:24:11.445651+00:00,Toronto Maple Leafs,Montreal Canadiens,moneyline,away,135,
2026-10-07T11:24:11.504787+00:00,fanduel,NHL,nhl_stub_001,2026-10-08T11:24:11.445651+00:00,Toronto Maple Leafs,Montreal Canadiens,spread,home,-115,-1.5
2026-10-07T11:24:11.504787+00:00,fanduel,NHL,nhl_stub_001,2026-10-08T11:24:11.445651+00:00,Toronto Maple Leafs,Montreal Canadiens,spread,away,-105,1.5
2026-10-07T11:24:11.504787+00:00,fanduel,NHL,nhl_stub_001,2026-10-08T11:24:11.445651+00:00,Toronto Maple Leafs,Montreal Canadiens,total,over,-110,6.5
2026-10-07T11:24:11.504787+00:00,fanduel,NHL,nhl_stub_001,2026-10-08T11:24:11.445651+00:00,Toronto Maple Leafs,Montreal Canadiens,total,under,-110,6.5
2026-10-07T11:24:11.504787+00:00,fanduel,NHL,nhl_stub_002,2026-10-08T14:24:11.445651+00:00,Vegas Golden Knights,Colorado Avalanche,moneyline,home,-130,
2026-10-07T11:24:11.504787+00:00,fanduel,NHL,nhl_stub_002,2026-10-08T14:24:11.445651+00:00,Vegas Golden Knights,Colorado Avalanche,moneyline,away,110,
2026-10-07T11:24:11.504787+00:00,fanduel,NHL,nhl_stub_002,2026-10-08T14:24:11.445651+00:00,Vegas Golden Knights,Colorado Avalanche,spread,home,105,-1.5
2026-10-07T11:24:11.504787+00:00,fanduel,NHL,nhl_stub_002,2026-10-08T14:24:11.445651+00:00,Vegas Golden Knights,Colorado Avalanche,spread,away,-125,1.5
2026-10-07T11:24:11.504787+00:00,fanduel,NHL,nhl_stub_002,2026-10-08T14:24:11.445651+00:00,Vegas Golden Knights,Colorado Avalanche,total,over,-105,5.5
2026-10-07T11:24:11.504787+00:00,fanduel,NHL,nhl_stub_002,2026-10-08T14:24:11.445651+00:00,Vegas Golden Knights,Colorado Avalanche,total,under,-115,5.5
2026-10-07T11:24:11.504787+00:00,fanduel,MMA,mma_stub_001,2026-10-14T11:24:11.503282+00:00,Jon Jones,Stipe Miocic,moneyline,home,-250,
2026-10-07T11:24:11.504787+00:00,fanduel,MMA,mma_stub_001,2026-10-14T11:24:11.503282+00:00,Jon Jones,Stipe Miocic,moneyline,away,210,
2026-10-07T11:24:11.504787+00:00,fanduel,MMA,mma_stub_002,2026-10-14T13:24:11.503282+00:00,Islam Makhachev,Charles Oliveira,moneyline,home,-180,
2026-10-07T11:24:11.504787+00:00,fanduel,MMA,mma_stub_002,2026-10-14T13:24:11.503282+00:00,Islam Makhachev,Charles Oliveira,moneyline,away,155,
2026-10-07T19:06:45.865602+00:00,fanduel,NFL,nfl_stub_001,2026-10-09T19:06:45.470171+00:00,Kansas City Chiefs,Buffalo Bills,moneyline,home,-150,
2026-10-07T19:06:45.865602+00:00,fanduel,NFL,nfl_stub_001,2026-10-09T19:06:45.470171+00:00,Kansas City Chiefs,Buffalo Bills,moneyline,away,130,
2026-10-07T19:06:45.865602+00:00,fanduel,NFL,nfl_stub_001,2026-10-09T19:06:45.470171+00:00,Kansas City Chiefs,Buffalo Bills,spread,home,-110,-3.0
2026-10-07T19:06:45.865602+00:00,fanduel,NFL,nfl_stub_001,2026-10-09T19:06:45.470171+00:00,Kansas City Chiefs,Buffalo Bills,spread,away,-110,3.0
2026-10-07T19:06:45.865602+00:00,fanduel,NFL,nfl_stub_001,2026-10-09T19:06:45.470171+00:00,Kansas City Chiefs,Buffalo Bills,total,over,-110,47.5
2026-10-07T19:06:45.865602+00:00,fanduel,NFL,nfl_stub_001,2026-10-09T19:06:45.470171+00:00,Kansas City Chiefs,Buffalo Bills,total,under,-110,47.5
2026-10-07T19:06:45.865602+00:00,fanduel,NFL,nfl_stub_002,2026-10-10T19:06:45.470171+00:00,San Francisco 49ers,Dallas Cowboys,moneyline,home,-180,
2026-10-07T19:06:45.865602+00:00,fanduel,NFL,nfl_stub_002,2026-10-10T19:06:45.470171+00:00,San Francisco 49ers,Dallas Cowboys,moneyline,away,155,
2026-10-07T19:06:45.865602+00:00,fanduel,NFL,nfl_stub_002,2026-10-10T19:06:45.470171+00:00,San Francisco 49ers,Dallas Cowboys,spread,home,-105,-4.0
2026-10-07T19:06:45.865602+00:00,fanduel,NFL,nfl_stub_002,2026-10-10T19:06:45.470171+00:00,San Francisco 49ers,Dallas Cowboys,spread,away,-115,4.0
2026-10-07T19:06:45.865602+00:00,fanduel,NFL,nfl_stub_002,2026-10-10T19:06:45.470171+00:00,San Francisco 49ers,Dallas Cowboys,total,over,-108,49.0
2026-10-07T19:06:45.865602+00:00,fanduel,NFL,nfl_stub_002,2026-10-10T19:06:45.470171+00:00,San Francisco 49ers,Dallas Cowboys,total,under,-112,49.0
2026-10-07T19:06:45.865602+00:00,fanduel,NBA,nba_stub_001,2026-10-08T19:06:45.537112+00:00,Los Angeles Lakers,Boston Celtics,moneyline,home,120,
2026-10-07T19:06:45.865602+00:00,fanduel,NBA,nba_stub_001,2026-10-08T19:06:45.537112+00:00,Los Angeles Lakers,Boston Celtics,moneyline,away,-140,
2026-10-07T19:06:45.865602+00:00,fanduel,NBA,nba_stub_001,2026-10-08T19:06:45.537112+00:00,Los Angeles Lakers,Boston Celtics,spread,home,-110,2.5
2026-10-07T19:06:45.865602+00:00,fanduel,NBA,nba_stub_001,2026-10-08T19:06:45.537112+00:00,Los Angeles Lakers,Boston Celtics,spread,away,-110,-2.5
2026-10-07T19:06:45.865602+00:00,fanduel,NBA,nba_stub_001,2026-10-08T19:06:45.537112+00:00,Los Angeles Lakers,Boston Celtics,total,over,-110,225.5
2026-10-07T19:06:45.865602+00:00,fanduel,NBA,nba_stub_001,2026-10-08T19:06:45.537112+00:00,Los Angeles Lakers,Boston Celtics,total,under,-110,225.5
2026-10-07T19:06:45.865602+00:00,fanduel,NBA,nba_stub_002,2026-10-08T22:06:45.537112+00:00,Golden State Warriors,Phoenix Suns,moneyline,home,-165,
2026-10-07T19:06:45.865602+00:00,fanduel,NBA,nba_stub_002,2026-10-08T22:06:45.537112+00:00,Golden State Warriors,Phoenix Suns,moneyline,away,145,
2026-10-07T19:06:45.865602+00:00,fanduel,NBA,nba_stub_002,2026-10-08T22:06:45.537112+00:00,Golden State Warriors,Phoenix Suns,spread,home,-108,-4.0
2026-10-07T19:06:45.865602+00:00,fanduel,NBA,nba_stub_002,2026-10-08T22:06:45.537112+00:00,Golden State Warriors,Phoenix Suns,spread,away,-112,4.0
2026-10-07T19:06:45.865602+00:00,fanduel,NBA,nba_stub_002,2026-10-08T22:06:45.537112+00:00,Golden State Warriors,Phoenix Suns,total,over,-105,232.0
2026-10-07T19:06:45.865602+00:00,fanduel,NBA,nba_stub_002,2026-10-08T22:06:45.537112+00:00,Golden State Warriors,Phoenix Suns,total,under,-115,232.0
2026-10-07T19:06:45.865602+00:00,fanduel,NBA,nba_stub_001,2026-10-08T19:06:45.714706+00:00,Los Angeles Lakers,Boston Celtics,moneyline,home,120,
2026-10-07T19:06:45.865602+00:00,fanduel,NBA,nba_stub_001,2026-10-08T19:06:45.714706+00:00,Los Angeles Lakers,Boston Celtics,moneyline,away,-140,
2026-10-07T19:06:45.865602+00:00,fanduel,NBA,nba_stub_001,2026-10-08T19:06:45.714706+00:00,Los Angeles Lakers,Boston Celtics,spread,home,-110,2.5
2026-10-07T19:06:45.865602+00:00,fanduel,NBA,nba_stub_001,2026-10-08T19:06:45.714706+00:00,Los Angeles Lakers,Boston Celtics,spread,away,-110,-2.5
2026-10-07T19:06:45.865602+00:00,fanduel,NBA,nba_stub_001,2026-10-08T19:06:45.714706+00:00,Los Angeles Lakers,Boston Celtics,total,over,-110,225.5
2026-10-07T19:06:45.865602+00:00,fanduel,NBA,nba_stub_001,2026-10-08T19:06:45.714706+00:00,Los Angeles Lakers,Boston Celtics,total,under,-110,225.5
2026-10-07T19:06:45.865602+00:00,fanduel,NBA,nba_stub_002,2026-10-08T22:06:45.714706+00:00,Golden State Warriors,Phoenix Suns,moneyline,home,-165,
2026-10-07T19:06:45.865602+00:00,fanduel,NBA,nba_stub_002,2026-10-08T22:06:45.714706+00:00,Golden State Warriors,Phoenix Suns,moneyline,away,145,
2026-10-07T19:06:45.865602+00:00,fanduel,NBA,nba_stub_002,2026-10-08T22:06:45.714706+00:00,Golden State Warriors,Phoenix Suns,spread,home,-108,-4.0
2026-10-07T19:06:45.865602+00:00,fanduel,NBA,nba_stub_002,2026-10-08T22:06:45.714706+00:00,Golden State Warriors,Phoenix Suns,spread,away,-112,4.0
2026-10-07T19:06:45.865602+00:00,fanduel,NBA,nba_stub_002,2026-10-08T22:06:45.714706+00:00,Golden State Warriors,Phoenix Suns,total,over,-105,232.0
2026-10-07T19:06:45.865602+00:00,fanduel,NBA,nba_stub_002,2026-10-08T22:06:45.714706+00:00,Golden State Warriors,Phoenix Suns,total,under,-115,232.0
2026-10-07T19:06:45.865602+00:00,fanduel,NHL,nhl_stub_001,2026-10-08T19:06:45.786660+00:00,Toronto Maple Leafs,Montreal Canadiens,moneyline,home,-155,
2026-10-07T19:06:45.865602+00:00,fanduel,NHL,nhl_stub_001,2026-10-08T19:06:45.786660+00:00,Toronto Maple Leafs,Montreal Canadiens,moneyline,away,135,
2026-10-07T19:06:45.865602+00:00,fanduel,NHL,nhl_stub_001,2026-10-08T19:06:45.786660+00:00,Toronto Maple Leafs,Montreal Canadiens,spread,home,-115,-1.5
2026-10-07T19:06:45.865602+00:00,fanduel,NHL,nhl_stub_001,2026-10-08T19:06:45.786660+00:00,Toronto Maple Leafs,Montreal Canadiens,spread,away,-105,1.5
2026-10-07T19:06:45.865602+00:00,fanduel,NHL,nhl_stub_001,2026-10-08T19:06:45.786660+00:00,Toronto Maple Leafs,Montreal Canadiens,total,over,-110,6.5
2026-10-07T19:06:45.865602+00:00,fanduel,NHL,nhl_stub_001,2026-10-08T19:06:45.786660+00:00,Toronto Maple Leafs,Montreal Canadiens,total,under,-110,6.5
2026-10-07T19:06:45.865602+00:00,fanduel,NHL,nhl_stub_002,2026-10-08T22:06:45.786660+00:00,Vegas Golden Knights,Colorado Avalanche,moneyline,home,-130,
2026-10-07T19:06:45.865602+00:00,fanduel,NHL,nhl_stub_002,2026-10-08T22:06:45.786660+00:00,Vegas Golden Knights,Colorado Avalanche,moneyline,away,110,
2026-10-07T19:06:45.865602+00:00,fanduel,NHL,nhl_stub_002,2026-10-08T22:06:45.786660+00:00,Vegas Golden Knights,Colorado Avalanche,spread,home,105,-1.5
2026-10-07T19:06:45.865602+00:00,fanduel,NHL,nhl_stub_002,2026-10-08T22:06:45.786660+00:00,Vegas Golden Knights,Colorado Avalanche,spread,away,-125,1.5
2026-10-07T19:06:45.865602+00:00,fanduel,NHL,nhl_stub_002,2026-10-08T22:06:45.786660+00:00,Vegas Golden Knights,Colorado Avalanche,total,over,-105,5.5
2026-10-07T19:06:45.865602+00:00,fanduel,NHL,nhl_stub_002,2026-10-08T22:06:45.786660+00:00,Vegas Golden Knights,Colorado Avalanche,total,under,-115,5.5
2026-10-07T19:06:45.865602+00:00,fanduel,MMA,mma_stub_001,2026-10-14T19:06:45.864612+00:00,Jon Jones,Stipe Miocic,moneyline,home,-250,
2026-10-07T19:06:45.865602+00:00,fanduel,MMA,mma_stub_001,2026-10-14T19:06:45.864612+00:00,Jon Jones,Stipe Miocic,moneyline,away,210,
2026-10-07T19:06:45.865602+00:00,fanduel,MMA,mma_stub_002,2026-10-14T21:06:45.864612+00:00,Islam Makhachev,Charles Oliveira,moneyline,home,-180,
2026-10-07T19:06:45.865602+00:00,fanduel,MMA,mma_stub_002,2026-10-14T21:06:45.864612+00:00,Islam Makhachev,Charles Oliveira,moneyline,away,155,
2026-10-07T21:49:40.840462+00:00,fanduel,NFL,nfl_stub_001,2026-10-09T21:49:39.652251+00:00,Kansas City Chiefs,Buffalo Bills,moneyline,home,-150,
2026-10-07T21:49:40.840462+00:00,fanduel,NFL,nfl_stub_001,2026-10-09T21:49:39.652251+00:00,Kansas City Chiefs,Buffalo Bills,moneyline,away,130,
2026-10-07T21:49:40.840462+00:00,fanduel,NFL,nfl_stub_001,2026-10-09T21:49:39.652251+00:00,Kansas City Chiefs,Buffalo Bills,spread,home,-110,-3.0
2026-10-07T21:49:40.840462+00:00,fanduel,NFL,nfl_stub_001,2026-10-09T21:49:39.652251+00:00,Kansas City Chiefs,Buffalo Bills,spread,away,-110,3.0
2026-10-07T21:49:40.840462+00:00,fanduel,NFL,nfl_stub_001,2026-10-09T21:49:39.652251+00:00,Kansas City Chiefs,Buffalo Bills,total,over,-110,47.5
2026-10-07T21:49:40.840462+00:00,fanduel,NFL,nfl_stub_001,2026-10-09T21:49:39.652251+00:00,Kansas City Chiefs,Buffalo Bills,total,under,-110,47.5
2026-10-07T21:49:40.840462+00:00,fanduel,NFL,nfl_stub_002,2026-10-10T21:49:39.652251+00:00,San Francisco 49ers,Dallas Cowboys,moneyline,home,-180,
2026-10-07T21:49:40.840462+00:00,fanduel,NFL,nfl_stub_002,2026-10-10T21:49:39.652251+00:00,San Francisco 49ers,Dallas Cowboys,moneyline,away,155,
2026-10-07T21:49:40.840462+00:00,fanduel,NFL,nfl_stub_002,2026-10-10T21:49:39.652251+00:00,San Francisco 49ers,Dallas Cowboys,spread,home,-105,-4.0
2026-10-07T21:49:40.840462+00:00,fanduel,NFL,nfl_stub_002,2026-10-10T21:49:39.652251+00:00,San Francisco 49ers,Dallas Cowboys,spread,away,-115,4.0
2026-10-07T21:49:40.840462+00:00,fanduel,NFL,nfl_stub_002,2026-10-10T21:49:39.652251+00:00,San Francisco 49ers,Dallas Cowboys,total,over,-108,49.0
2026-10-07T21:49:40.840462+00:00,fanduel,NFL,nfl_stub_002,2026-10-10T21:49:39.652251+00:00,San Francisco 49ers,Dallas Cowboys,total,under,-112,49.0
2026-10-07T21:49:40.840462+00:00,fanduel,NBA,nba_stub_001,2026-10-08T21:49:39.893311+00:00,Los Angeles Lakers,Boston Celtics,moneyline,home,120,
2026-10-07T21:49:40.840462+00:00,fanduel,NBA,nba_stub_001,2026-10-08T21:49:39.893311+00:00,Los Angeles Lakers,Boston Celtics,moneyline,away,-140,
2026-10-07T21:49:40.840462+00:00,fanduel,NBA,nba_stub_001,2026-10-08T21:49:39.893311+00:00,Los Angeles Lakers,Boston Celtics,spread,home,-110,2.5
2026-10-07T21:49:40.840462+00:00,fanduel,NBA,nba_stub_001,2026-10-08T21:49:39.893311+00:00,Los Angeles Lakers,Boston Celtics,spread,away,-110,-2.5
2026-10-07T21:49:40.840462+00:00,fanduel,NBA,nba_stub_001,2026-10-08T21:49:39.893311+00:00,Los Angeles Lakers,Boston Celtics,total,over,-110,225.5
2026-10-07T21:49:40.840462+00:00,fanduel,NBA,nba_stub_001,2026-10-08T21:49:39.893311+00:00,Los Angeles Lakers,Boston Celtics,total,under,-110,225.5
2026-10-07T21:49:40.840462+00:00,fanduel,NBA,nba_stub_002,2026-10-09T00:49:39.893311+00:00,Golden State Warriors,Phoenix Suns,moneyline,home,-165,
2026-10-07T21:49:40.840462+00:00,fanduel,NBA,nba_stub_002,2026-10-09T00:49:39.893311+00:00,Golden State Warriors,Phoenix Suns,moneyline,away,145,
2026-10-07T21:49:40.840462+00:00,fanduel,NBA,nba_stub_002,2026-10-09T00:49:39.893311+00:00,Golden State Warriors,Phoenix Suns,spread,home,-108,-4.0
2026-10-07T21:49:40.840462+00:00,fanduel,NBA,nba_stub_002,2026-10-09T00:49:39.893311+00:00,Golden State Warriors,Phoenix Suns,spread,away,-112,4.0
2026-10-07T21:49:40.840462+00:00,fanduel,NBA,nba_stub_002,2026-10-09T00:49:39.893311+00:00,Golden State Warriors,Phoenix Suns,total,over,-105,232.0
2026-10-07T21:49:40.840462+00:00,fanduel,NBA,nba_stub_002,2026-10-09T00:49:39.893311+00:00,Golden State Warriors,Phoenix Suns,total,under,-115,232.0
2026-10-07T21:49:40.840462+00:00,fanduel,NBA,nba_stub_001,2026-10-08T21:49:40.290937+00:00,Los Angeles Lakers,Boston Celtics,moneyline,home,120,
2026-10-07T21:49:40.840462+00:00,fanduel,NBA,nba_stub_001,2026-10-08T21:49:40.290937+00:00,Los Angeles Lakers,Boston Celtics,moneyline,away,-140,
2026-10-07T21:49:40.840462+00:00,fanduel,NBA,nba_stub_001,2026-10-08T21:49:40.290937+00:00,Los Angeles Lakers,Boston Celtics,spread,home,-110,2.5
2026-10-07T21:49:40.840462+00:00,fanduel,NBA,nba_stub_001,2026-10-08T21:49:40.290937+00:00,Los Angeles Lakers,Boston Celtics,spread,away,-110,-2.5
2026-10-07T21:49:40.840462+00:00,fanduel,NBA,nba_stub_001,2026-10-08T21:49:40.290937+00:00,Los Angeles Lakers,Boston Celtics,total,over,-110,225.5
2026-10-07T21:49:40.840462+00:00,fanduel,NBA,nba_stub_001,2026-10-08T21:49:40.290937+00:00,Los Angeles Lakers,Boston Celtics,total,under,-110,225.5
2026-10-07T21:49:40.840462+00:00,fanduel,NBA,nba_stub_002,2026-10-09T00:49:40.290937+00:00,Golden State Warriors,Phoenix Suns,moneyline,home,-165,
2026-10-07T21:49:40.840462+00:00,fanduel,NBA,nba_stub_002,2026-10-09T00:49:40.290937+00:00,Golden State Warriors,Phoenix Suns,moneyline,away,145,
2026-10-07T21:49:40.840462+00:00,fanduel,NBA,nba_stub_002,2026-10-09T00:49:40.290937+00:00,Golden State Warriors,Phoenix Suns,spread,home,-108,-4.0
2026-10-07T21:49:40.840462+00:00,fanduel,NBA,nba_stub_002,2026-10-09T00:49:40.290937+00:00,Golden State Warriors,Phoenix Suns,spread,away,-112,4.0
2026-10-07T21:49:40.840462+00:00,fanduel,NBA,nba_stub_002,2026-10-09T00:49:40.290937+00:00,Golden State Warriors,Phoenix Suns,total,over,-105,232.0
2026-10-07T21:49:40.840462+00:00,fanduel,NBA,nba_stub_002,2026-10-09T00:49:40.290937+00:00,Golden State Warriors,Phoenix Suns,total,under,-115,232.0
2026-10-07T21:49:40.840462+00:00,fanduel,NHL,nhl_stub_001,2026-10-08T21:49:40.590836+00:00,Toronto Maple Leafs,Montreal Canadiens,moneyline,home,-155,
2026-10-07T21:49:40.840462+00:00,fanduel,NHL,nhl_stub_001,2026-10-08T21:49:40.590836+00:00,Toronto Maple Leafs,Montreal Canadiens,moneyline,away,135,
2026-10-07T21:49:40.840462+00:00,fanduel,NHL,nhl_stub_001,2026-10-08T21:49:40.590836+00:00,Toronto Maple Leafs,Montreal Canadiens,spread,home,-115,-1.5
2026-10-07T21:49:40.840462+00:00,fanduel,NHL,nhl_stub_001,2026-10-08T21:49:40.590836+00:00,Toronto Maple Leafs,Montreal Canadiens,spread,away,-105,1.5
2026-10-07T21:49:40.840462+00:00,fanduel,NHL,nhl_stub_001,2026-10-08T21:49:40.590836+00:00,Toronto Maple Leafs,Montreal Canadiens,total,over,-110,6.5
2026-10-07T21:49:40.840462+00:00,fanduel,NHL,nhl_stub_001,2026-10-08T21:49:40.590836+00:00,Toronto Maple Leafs,Montreal Canadiens,total,under,-110,6.5
2026-10-07T21:49:40.840462+00:00,fanduel,NHL,nhl_stub_002,2026-10-09T00:49:40.590836+00:00,Vegas Golden Knights,Colorado Avalanche,moneyline,home,-130,
2026-10-07T21:49:40.840462+00:00,fanduel,NHL,nhl_stub_002,2026-10-09T00:49:40.590836+00:00,Vegas Golden Knights,Colorado Avalanche,moneyline,away,110,
2026-10-07T21:49:40.840462+00:00,fanduel,NHL,nhl_stub_002,2026-10-09T00:49:40.590836+00:00,Vegas Golden Knights,Colorado Avalanche,spread,home,105,-1.5
2026-10-07T21:49:40.840462+00:00,fanduel,NHL,nhl_stub_002,2026-10-09T00:49:40.590836+00:00,Vegas Golden Knights,Colorado Avalanche,spread,away,-125,1.5
2026-10-07T21:49:40.840462+00:00,fanduel,NHL,nhl_stub_002,2026-10-09T00:49:40.590836+00:00,Vegas Golden Knights,Colorado Avalanche,total,over,-105,5.5
2026-10-07T21:49:40.840462+00:00,fanduel,NHL,nhl_stub_002,2026-10-09T00:49:40.590836+00:00,Vegas Golden Knights,Colorado Avalanche,total,under,-115,5.5
2026-10-07T21:49:40.840462+00:00,fanduel,MMA,mma_stub_001,2026-10-14T21:49:40.839146+00:00,Jon Jones,Stipe Miocic,moneyline,home,-250,
2026-10-07T21:49:40.840462+00:00,fanduel,MMA,mma_stub_001,2026-10-14T21:49:40.839146+00:00,Jon Jones,Stipe Miocic,moneyline,away,210,
2026-10-07T21:49:40.840462+00:00,fanduel,MMA,mma_stub_002,2026-10-14T23:49:40.839146+00:00,Islam Makhachev,Charles Oliveira,moneyline,home,-180,
2026-10-07T21:49:40.840462+00:00,fanduel,MMA,mma_stub_002,2026-10-14T23:49:40.839146+00:00,Islam Makhachev,Charles Oliveira,moneyline,away,155,
2026-10-08T01:38:21.664222+00:00,fanduel,NFL,nfl_stub_001,2026-10-10T01:38:20.916020+00:00,Kansas City Chiefs,Buffalo Bills,moneyline,home,-150,
2026-10-08T01:38:21.664222+00:00,fanduel,NFL,nfl_stub_001,2026-10-10T01:38:20.916020+00:00,Kansas City Chiefs,Buffalo Bills,moneyline,away,130,
2026-10-08T01:38:21.664222+00:00,fanduel,NFL,nfl_stub_001,2026-10-10T01:38:20.916020+00:00,Kansas City Chiefs,Buffalo Bills,spread,home,-110,-3.0
2026-10-08T01:38:21.664222+00:00,fanduel,NFL,nfl_stub_001,2026-10-10T01:38:20.916020+00:00,Kansas City Chiefs,Buffalo Bills,spread,away,-110,3.0
2026-10-08T01:38:21.664222+00:00,fanduel,NFL,nfl_stub_001,2026-10-10T01:38:20.916020+00:00,Kansas City Chiefs,Buffalo Bills,total,over,-110,47.5
2026-10-08T01:38:21.664222+00:00,fanduel,NFL,nfl_stub_001,2026-10-10T01:38:20.916020+00:00,Kansas City Chiefs,Buffalo Bills,total,under,-110,47.5
2026-10-08T01:38:21.664222+00:00,fanduel,NFL,nfl_stub_002,2026-10-11T01:38:20.916020+00:00,San Francisco 49ers,Dallas Cowboys,moneyline,home,-180,
2026-10-08T01:38:21.664222+00:00,fanduel,NFL,nfl_stub_002,2026-10-11T01:38:20.916020+00:00,San Francisco 49ers,Dallas Cowboys,moneyline,away,155,
2026-10-08T01:38:21.664222+00:00,fanduel,NFL,nfl_stub_002,2026-10-11T01:38:20.916020+00:00,San Francisco 49ers,Dallas Cowboys,spread,home,-105,-4.0
2026-10-08T01:38:21.664222+00:00,fanduel,NFL,nfl_stub_002,2026-10-11T01:38:20.916020+00:00,San Francisco 49ers,Dallas Cowboys,spread,away,-115,4.0
2026-10-08T01:38:21.664222+00:00,fanduel,NFL,nfl_stub_002,2026-10-11T01:38:20.916020+00:00,San Francisco 49ers,Dallas Cowboys,total,over,-108,49.0
2026-10-08T01:38:21.664222+00:00,fanduel,NFL,nfl_stub_002,2026-10-11T01:38:20.916020+00:00,San Francisco 49ers,Dallas Cowboys,total,under,-112,49.0
2026-10-08T01:38:21.664222+00:00,fanduel,NBA,nba_stub_001,2026-10-09T01:38:21.080880+00:00,Los Angeles Lakers,Boston Celtics,moneyline,home,120,
2026-10-08T01:38:21.664222+00:00,fanduel,NBA,nba_stub_001,2026-10-09T01:38:21.080880+00:00,Los Angeles Lakers,Boston Celtics,moneyline,away,-140,
2026-10-08T01:38:21.664222+00:00,fanduel,NBA,nba_stub_001,2026-10-09T01:38:21.080880+00:00,Los Angeles Lakers,Boston Celtics,spread,home,-110,2.5
2026-10-08T01:38:21.664222+00:00,fanduel,NBA,nba_stub_001,2026-10-09T01:38:21.080880+00:00,Los Angeles Lakers,Boston Celtics,spread,away,-110,-2.5
2026-10-08T01:38:21.664222+00:00,fanduel,NBA,nba_stub_001,2026-10-09T01:38:21.080880+00:00,Los Angeles Lakers,Boston Celtics,total,over,-110,225.5
2026-10-08T01:38:21.664222+00:00,fanduel,NBA,nba_stub_001,2026-10-09T01:38:21.080880+00:00,Los Angeles Lakers,Boston Celtics,total,under,-110,225.5
2026-10-08T01:38:21.664222+00:00,fanduel,NBA,nba_stub_002,2026-10-09T04:38:21.080880+00:00,Golden State Warriors,Phoenix Suns,moneyline,home,-165,
2026-10-08T01:38:21.664222+00:00,fanduel,NBA,nba_stub_002,2026-10-09T04:38:21.080880+00:00,Golden State Warriors,Phoenix Suns,moneyline,away,145,
2026-10-08T01:38:21.664222+00:00,fanduel,NBA,nba_stub_002,2026-10-09T04:38:21.080880+00:00,Golden State Warriors,Phoenix Suns,spread,home,-108,-4.0
2026-10-08T01:38:21.664222+00:00,fanduel,NBA,nba_stub_002,2026-10-09T04:38:21.080880+00:00,Golden State Warriors,Phoenix Suns,spread,away,-112,4.0
2026-10-08T01:38:21.664222+00:00,fanduel,NBA,nba_stub_002,2026-10-09T04:38:21.080880+00:00,Golden State Warriors,Phoenix Suns,total,over,-105,232.0
2026-10-08T01:38:21.664222+00:00,fanduel,NBA,nba_stub_002,2026-10-09T04:38:21.080880+00:00,Golden State Warriors,Phoenix Suns,total,under,-115,232.0
2026-10-08T01:38:21.664222+00:00,fanduel,NBA,nba_stub_001,2026-10-09T01:38:21.333607+00:00,Los Angeles Lakers,Boston Celtics,moneyline,home,120,
2026-10-08T01:38:21.664222+00:00,fanduel,NBA,nba_stub_001,2026-10-09T01:38:21.333607+00:00,Los Angeles Lakers,Boston Celtics,moneyline,away,-140,
2026-10-08T01:38:21.664222+00:00,fanduel,NBA,nba_stub_001,2026-10-09T01:38:21.333607+00:00,Los Angeles Lakers,Boston Celtics,spread,home,-110,2.5
2026-10-08T01:38:21.664222+00:00,fanduel,NBA,nba_stub_001,2026-10-09T01:38:21.333607+00:00,Los Angeles Lakers,Boston Celtics,spread,away,-110,-2.5
2026-10-08T01:38:21.664222+00:00,fanduel,NBA,nba_stub_001,2026-10-09T01:38:21.333607+00:00,Los Angeles Lakers,Boston Celtics,total,over,-110,225.5
2026-10-08T01:38:21.664222+00:00,fanduel,NBA,nba_stub_001,2026-10-09T01:38:21.333607+00:00,Los Angeles Lakers,Boston Celtics,total,under,-110,225.5
2026-10-08T01:38:21.664222+00:00,fanduel,NBA,nba_stub_002,2026-10-09T04:38:21.333607+00:00,Golden State Warriors,Phoenix Suns,moneyline,home,-165,
2026-10-08T01:38:21.664222+00:00,fanduel,NBA,nba_stub_002,2026-10-09T04:38:21.333607+00:00,Golden State Warriors,Phoenix Suns,moneyline,away,145,
2026-10-08T01:38:21.664222+00:00,fanduel,NBA,nba_stub_002,2026-10-09T04:38:21.333607+00:00,Golden State Warriors,Phoenix Suns,spread,home,-108,-4.0
2026-10-08T01:38:21.664222+00:00,fanduel,NBA,nba_stub_002,2026-10-09T04:38:21.333607+00:00,Golden State Warriors,Phoenix Suns,spread,away,-112,4.0
2026-10-08T01:38:21.664222+00:00,fanduel,NBA,nba_stub_002,2026-10-09T04:38:21.333607+00:00,Golden State Warriors,Phoenix Suns,total,over,-105,232.0
2026-10-08T01:38:21.664222+00:00,fanduel,NBA,nba_stub_002,2026-10-09T04:38:21.333607+00:00,Golden State Warriors,Phoenix Suns,total,under,-115,232.0
2026-10-08T01:38:21.664222+00:00,fanduel,NHL,nhl_stub_001,2026-10-09T01:38:21.565571+00:00,Toronto Maple Leafs,Montreal Canadiens,moneyline,home,-155,
2026-10-08T01:38:21.664222+00:00,fanduel,NHL,nhl_stub_001,2026-10-09T01:38:21.565571+00:00,Toronto Maple Leafs,Montreal Canadiens,moneyline,away,135,
2026-10-08T01:38:21.664222+00:00,fanduel,NHL,nhl_stub_001,2026-10-09T01:38:21.565571+00:00,Toronto Maple Leafs,Montreal Canadiens,spread,home,-115,-1.5
2026-10-08T01:38:21.664222+00:00,fanduel,NHL,nhl_stub_001,2026-10-09T01:38:21.565571+00:00,Toronto Maple Leafs,Montreal Canadiens,spread,away,-105,1.5
2026-10-08T01:38:21.664222+00:00,fanduel,NHL,nhl_stub_001,2026-10-09T01:38:21.565571+00:00,Toronto Maple Leafs,Montreal Canadiens,total,over,-110,6.5
2026-10-08T01:38:21.664222+00:00,fanduel,NHL,nhl_stub_001,2026-10-09T01:38:21.565571+00:00,Toronto Maple Leafs,Montreal Canadiens,total,under,-110,6.5
2026-10-08T01:38:21.664222+00:00,fanduel,NHL,nhl_stub_002,2026-10-09T04:38:21.565571+00:00,Vegas Golden Knights,Colorado Avalanche,moneyline,home,-130,
2026-10-08T01:38:21.664222+00:00,fanduel,NHL,nhl_stub_002,2026-10-09T04:38:21.565571+00:00,Vegas Golden Knights,Colorado Avalanche,moneyline,away,110,
2026-10-08T01:38:21.664222+00:00,fanduel,NHL,nhl_stub_002,2026-10-09T04:38:21.565571+00:00,Vegas Golden Knights,Colorado Avalanche,spread,home,105,-1.5
2026-10-08T01:38:21.664222+00:00,fanduel,NHL,nhl_stub_002,2026-10-09T04:38:21.565571+00:00,Vegas Golden Knights,Colorado Avalanche,spread,away,-125,1.5
2026-10-08T01:38:21.664222+00:00,fanduel,NHL,nhl_stub_002,2026-10-09T04:38:21.565571+00:00,Vegas Golden Knights,Colorado Avalanche,total,over,-105,5.5
2026-10-08T01:38:21.664222+00:00,fanduel,NHL,nhl_stub_002,2026-10-09T04:38:21.565571+00:00,Vegas Golden Knights,Colorado Avalanche,total,under,-115,5.5
2026-10-08T01:38:21.664222+00:00,fanduel,MMA,mma_stub_001,2026-10-15T01:38:21.663391+00:00,Jon Jones,Stipe Miocic,moneyline,home,-250,
2026-10-08T01:38:21.664222+00:00,fanduel,MMA,mma_stub_001,2026-10-15T01:38:21.663391+00:00,Jon Jones,Stipe Miocic,moneyline,away,210,
2026-10-08T01:38:21.664222+00:00,fanduel,MMA,mma_stub_002,2026-10-15T03:38:21.663391+00:00,Islam Makhachev,Charles Oliveira,moneyline,home,-180,
2026-10-08T01:38:21.664222+00:00,fanduel,MMA,mma_stub_002,2026-10-15T03:38:21.663391+00:00,Islam Makhachev,Charles Oliveira,moneyline,away,155,
2026-10-08T04:27:49.179994+00:00,fanduel,NFL,nfl_stub_001,2026-10-10T04:27:48.673937+00:00,Kansas City Chiefs,Buffalo Bills,moneyline,home,-150,
2026-10-08T04:27:49.179994+00:00,fanduel,NFL,nfl_stub_001,2026-10-10T04:27:48.673937+00:00,Kansas City Chiefs,Buffalo Bills,moneyline,away,130,
2026-10-08T04:27:49.179994+00:00,fanduel,NFL,nfl_stub_001,2026-10-10T04:27:48.673937+00:00,Kansas City Chiefs,Buffalo Bills,spread,home,-110,-3.0
2026-10-08T04:27:49.179994+00:00,fanduel,NFL,nfl_stub_001,2026-10-10T04:27:48.673937+00:00,Kansas City Chiefs,Buffalo Bills,spread,away,-110,3.0
2026-10-08T04:27:49.179994+00:00,fanduel,NFL,nfl_stub_001,2026-10-10T04:27:48.673937+00:00,Kansas City Chiefs,Buffalo Bills,total,over,-110,47.5
2026-10-08T04:27:49.179994+00:00,fanduel,NFL,nfl_stub_001,2026-10-10T04:27:48.673937+00:00,Kansas City Chiefs,Buffalo Bills,total,under,-110,47.5
2026-10-08T04:27:49.179994+00:00,fanduel,NFL,nfl_stub_002,2026-10-11T04:27:48.673937+00:00,San Francisco 49ers,Dallas Cowboys,moneyline,home,-180,
2026-10-08T04:27:49.179994+00:00,fanduel,NFL,nfl_stub_002,2026-10-11T04:27:48.673937+00:00,San Francisco 49ers,Dallas Cowboys,moneyline,away,155,
2026-10-08T04:27:49.179994+00:00,fanduel,NFL,nfl_stub_002,2026-10-11T04:27:48.673937+00:00,San Francisco 49ers,Dallas Cowboys,spread,home,-105,-4.0
2026-10-08T04:27:49.179994+00:00,fanduel,NFL,nfl_stub_002,2026-10-11T04:27:48.673937+00:00,San Francisco 49ers,Dallas Cowboys,spread,away,-115,4.0
2026-10-08T04:27:49.179994+00:00,fanduel,NFL,nfl_stub_002,2026-10-11T04:27:48.673937+00:00,San Francisco 49ers,Dallas Cowboys,total,over,-108,49.0
2026-10-08T04:27:49.179994+00:00,fanduel,NFL,nfl_stub_002,2026-10-11T04:27:48.673937+00:00,San Francisco 49ers,Dallas Cowboys,total,under,-112,49.0
2026-10-08T04:27:49.179994+00:00,fanduel,NBA,nba_stub_001,2026-10-09T04:27:48.756340+00:00,Los Angeles Lakers,Boston Celtics,moneyline,home,120,
2026-10-08T04:27:49.179994+00:00,fanduel,NBA,nba_stub_001,2026-10-09T04:27:48.756340+00:00,Los Angeles Lakers,Boston Celtics,moneyline,away,-140,
2026-10-08T04:27:49.179994+00:00,fanduel,NBA,nba_stub_001,2026-10-09T04:27:48.756340+00:00,Los Angeles Lakers,Boston Celtics,spread,home,-110,2.5
2026-10-08T04:27:49.179994+00:00,fanduel,NBA,nba_stub_001,2026-10-09T04:27:48.756340+00:00,Los Angeles Lakers,Boston Celtics,spread,away,-110,-2.5
2026-10-08T04:27:49.179994+00:00,fanduel,NBA,nba_stub_001,2026-10-09T04:27:48.756340+00:00,Los Angeles Lakers,Boston Celtics,total,over,-110,225.5
2026-10-08T04:27:49.179994+00:00,fanduel,NBA,nba_stub_001,2026-10-09T04:27:48.756340+00:00,Los Angeles Lakers,Boston Celtics,total,under,-110,225.5
2026-10-08T04:27:49.179994+00:00,fanduel,NBA,nba_stub_002,2026-10-09T07:27:48.756340+00:00,Golden State Warriors,Phoenix Suns,moneyline,home,-165,
2026-10-08T04:27:49.179994+00:00,fanduel,NBA,nba_stub_002,2026-10-09T07:27:48.756340+00:00,Golden State Warriors,Phoenix Suns,moneyline,away,145,
2026-10-08T04:27:49.179994+00:00,fanduel,NBA,nba_stub_002,2026-10-09T07:27:48.756340+00:00,Golden State Warriors,Phoenix Suns,spread,home,-108,-4.0
2026-10-08T04:27:49.179994+00:00,fanduel,NBA,nba_stub_002,2026-10-09T07:27:48.756340+00:00,Golden State Warriors,Phoenix Suns,spread,away,-112,4.0
2026-10-08T04:27:49.179994+00:00,fanduel,NBA,nba_stub_002,2026-10-09T07:27:48.756340+00:00,Golden State Warriors,Phoenix Suns,total,over,-105,232.0
2026-10-08T04:27:49.179994+00:00,fanduel,NBA,nba_stub_002,2026-10-09T07:27:48.756340+00:00,Golden State Warriors,Phoenix Suns,total,under,-115,232.0
2026-10-08T04:27:49.179994+00:00,fanduel,NBA,nba_stub_001,2026-10-09T04:27:48.910441+00:00,Los Angeles Lakers,Boston Celtics,moneyline,home,120,
2026-10-08T04:27:49.179994+00:00,fanduel,NBA,nba_stub_001,2026-10-09T04:27:48.910441+00:00,Los Angeles Lakers,Boston Celtics,moneyline,away,-140,
2026-10-08T04:27:49.179994+00:00,fanduel,NBA,nba_stub_001,2026-10-09T04:27:48.910441+00:00,Los Angeles Lakers,Boston Celtics,spread,home,-110,2.5
2026-10-08T04:27:49.179994+00:00,fanduel,NBA,nba_stub_001,2026-10-09T04:27:48.910441+00:00,Los Angeles Lakers,Boston Celtics,spread,away,-110,-2.5
2026-10-08T04:27:49.179994+00:00,fanduel,NBA,nba_stub_001,2026-10-09T04:27:48.910441+00:00,Los Angeles Lakers,Boston Celtics,total,over,-110,225.5
2026-10-08T04:27:49.179994+00:00,fanduel,NBA,nba_stub_001,2026-10-09T04:27:48.910441+00:00,Los Angeles Lakers,Boston Celtics,total,under,-110,225.5
2026-10-08T04:27:49.179994+00:00,fanduel,NBA,nba_stub_002,2026-10-09T07:27:48.910441+00:00,Golden State Warriors,Phoenix Suns,moneyline,home,-165,
2026-10-08T04:27:49.179994+00:00,fanduel,NBA,nba_stub_002,2026-10-09T07:27:48.910441+00:00,Golden State Warriors,Phoenix Suns,moneyline,away,145,
2026-10-08T04:27:49.179994+00:00,fanduel,NBA,nba_stub_002,2026-10-09T07:27:48.910441+00:00,Golden State Warriors,Phoenix Suns,spread,home,-108,-4.0
2026-10-08T04:27:49.179994+00:00,fanduel,NBA,nba_stub_002,2026-10-09T07:27:48.910441+00:00,Golden State Warriors,Phoenix Suns,spread,away,-112,4.0
2026-10-08T04:27:49.179994+00:00,fanduel,NBA,nba_stub_002,2026-10-09T07:27:48.910441+00:00,Golden State Warriors,Phoenix Suns,total,over,-105,232.0
2026-10-08T04:27:49.179994+00:00,fanduel,NBA,nba_stub_002,2026-10-09T07:27:48.910441+00:00,Golden State Warriors,Phoenix Suns,total,under,-115,232.0
2026-10-08T04:27:49.179994+00:00,fanduel,NHL,nhl_stub_001,2026-10-09T04:27:49.113120+00:00,Toronto Maple Leafs,Montreal Canadiens,moneyline,home,-155,
2026-10-08T04:27:49.179994+00:00,fanduel,NHL,nhl_stub_001,2026-10-09T04:27:49.113120+00:00,Toronto Maple Leafs,Montreal Canadiens,moneyline,away,135,
2026-10-08T04:27:49.179994+00:00,fanduel,NHL,nhl_stub_001,2026-10-09T04:27:49.113120+00:00,Toronto Maple Leafs,Montreal Canadiens,spread,home,-115,-1.5
2026-10-08T04:27:49.179994+00:00,fanduel,NHL,nhl_stub_001,2026-10-09T04:27:49.113120+00:00,Toronto Maple Leafs,Montreal Canadiens,spread,away,-105,1.5
2026-10-08T04:27:49.179994+00:00,fanduel,NHL,nhl_stub_001,2026-10-09T04:27:49.113120+00:00,Toronto Maple Leafs,Montreal Canadiens,total,over,-110,6.5
2026-10-08T04:27:49.179994+00:00,fanduel,NHL,nhl_stub_001,2026-10-09T04:27:49.113120+00:00,Toronto Maple Leafs,Montreal Canadiens,total,under,-110,6.5
2026-10-08T04:27:49.179994+00:00,fanduel,NHL,nhl_stub_002,2026-10-09T07:27:49.113120+00:00,Vegas Golden Knights,Colorado Avalanche,moneyline,home,-130,
2026-10-08T04:27:49.179994+00:00,fanduel,NHL,nhl_stub_002,2026-10-09T07:27:49.113120+00:00,Vegas Golden Knights,Colorado Avalanche,moneyline,away,110,
2026-10-08T04:27:49.179994+00:00,fanduel,NHL,nhl_stub_002,2026-10-09T07:27:49.113120+00:00,Vegas Golden Knights,Colorado Avalanche,spread,home,105,-1.5
2026-10-08T04:27:49.179994+00:00,fanduel,NHL,nhl_stub_002,2026-10-09T07:27:49.113120+00:00,Vegas Golden Knights,Colorado Avalanche,spread,away,-125,1.5
2026-10-08T04:27:49.179994+00:00,fanduel,NHL,nhl_stub_002,2026-10-09T07:27:49.113120+00:00,Vegas Golden Knights,Colorado Avalanche,total,over,-105,5.5
2026-10-08T04:27:49.179994+00:00,fanduel,NHL,nhl_stub_002,2026-10-09T07:27:49.113120+00:00,Vegas Golden Knights,Colorado Avalanche,total,under,-115,5.5
2026-10-08T04:27:49.179994+00:00,fanduel,MMA,mma_stub_001,2026-10-15T04:27:49.178501+00:00,Jon Jones,Stipe Miocic,moneyline,home,-250,
2026-10-08T04:27:49.179994+00:00,fanduel,MMA,mma_stub_001,2026-10-15T04:27:49.178501+00:00,Jon Jones,Stipe Miocic,moneyline,away,210,
2026-10-08T04:27:49.179994+00:00,fanduel,MMA,mma_stub_002,2026-10-15T06:27:49.178501+00:00,Islam Makhachev,Charles Oliveira,moneyline,home,-180,
2026-10-08T04:27:49.179994+00:00,fanduel,MMA,mma_stub_002,2026-10-15T06:27:49.178501+00:00,Islam Makhachev,Charles Oliveira,moneyline,away,155,
